Variable,Type,Device,Used,HMI,Comment
_0000_ADDR_LNM,WORD,L03761,0,0,FEnet: LNM information(above Ver 6.0)
_0000_CH00_NFR,BIT,L038080,0,0,FEnet: New Frame Ready (Ver 8.6 or higher)
_0000_CH01_NFR,BIT,L038081,0,0,FEnet: New Frame Ready (Ver 8.6 or higher)
_0000_CH02_NFR,BIT,L038082,0,0,FEnet: New Frame Ready (Ver 8.6 or higher)
_0000_CH03_NFR,BIT,L038083,0,0,FEnet: New Frame Ready (Ver 8.6 or higher)
_0000_CH04_NFR,BIT,L038084,0,0,FEnet: New Frame Ready (Ver 8.6 or higher)
_0000_CH05_NFR,BIT,L038085,0,0,FEnet: New Frame Ready (Ver 8.6 or higher)
_0000_CH06_NFR,BIT,L038086,0,0,FEnet: New Frame Ready (Ver 8.6 or higher)
_0000_CH07_NFR,BIT,L038087,0,0,FEnet: New Frame Ready (Ver 8.6 or higher)
_0000_CH08_NFR,BIT,L038088,0,0,FEnet: New Frame Ready (Ver 8.6 or higher)
_0000_CH09_NFR,BIT,L038089,0,0,FEnet: New Frame Ready (Ver 8.6 or higher)
_0000_CH10_NFR,BIT,L03808A,0,0,FEnet: New Frame Ready (Ver 8.6 or higher)
_0000_CH11_NFR,BIT,L03808B,0,0,FEnet: New Frame Ready (Ver 8.6 or higher)
_0000_CH12_NFR,BIT,L03808C,0,0,FEnet: New Frame Ready (Ver 8.6 or higher)
_0000_CH13_NFR,BIT,L03808D,0,0,FEnet: New Frame Ready (Ver 8.6 or higher)
_0000_CH14_NFR,BIT,L03808E,0,0,FEnet: New Frame Ready (Ver 8.6 or higher)
_0000_CH15_NFR,BIT,L03808F,0,0,FEnet: New Frame Ready (Ver 8.6 or higher)
_0000_CH16_NFR,BIT,L038090,0,0,FEnet: New Frame Ready (Ver 8.6 or higher)
_0000_CH17_NFR,BIT,L038091,0,0,FEnet: New Frame Ready (Ver 8.6 or higher)
_0000_CH18_NFR,BIT,L038092,0,0,FEnet: New Frame Ready (Ver 8.6 or higher)
_0000_CH19_NFR,BIT,L038093,0,0,FEnet: New Frame Ready (Ver 8.6 or higher)
_0000_CH20_NFR,BIT,L038094,0,0,FEnet: New Frame Ready (Ver 8.6 or higher)
_0000_CH21_NFR,BIT,L038095,0,0,FEnet: New Frame Ready (Ver 8.6 or higher)
_0000_CH22_NFR,BIT,L038096,0,0,FEnet: New Frame Ready (Ver 8.6 or higher)
_0000_CH23_NFR,BIT,L038097,0,0,FEnet: New Frame Ready (Ver 8.6 or higher)
_0000_CH24_NFR,BIT,L038098,0,0,FEnet: New Frame Ready (Ver 8.6 or higher)
_0000_CH25_NFR,BIT,L038099,0,0,FEnet: New Frame Ready (Ver 8.6 or higher)
_0000_CH26_NFR,BIT,L03809A,0,0,FEnet: New Frame Ready (Ver 8.6 or higher)
_0000_CH27_NFR,BIT,L03809B,0,0,FEnet: New Frame Ready (Ver 8.6 or higher)
_0000_CH28_NFR,BIT,L03809C,0,0,FEnet: New Frame Ready (Ver 8.6 or higher)
_0000_CH29_NFR,BIT,L03809D,0,0,FEnet: New Frame Ready (Ver 8.6 or higher)
_0000_CH30_NFR,BIT,L03809E,0,0,FEnet: New Frame Ready (Ver 8.6 or higher)
_0000_CH31_NFR,BIT,L03809F,0,0,FEnet: New Frame Ready (Ver 8.6 or higher)
_0000_LINE_TOPOLOGY,BIT,L037594,0,0,RAPIEnet: Line topology state(above Ver 6.0)
_0000_LINKUP_INFO,BIT,L037558,0,0,FEnet: Link up/down information
_0000_RING_TOPOLOGY,BIT,L037595,0,0,FEnet: Ring topology state(above Ver 6.0)
_0000_SC_INFO,WORD,L03760,0,0,FEnet: Server connection state
_0000_STAND_ALONE,BIT,L037590,0,0,FEnet: Stand alone state(above Ver 6.0)
,BIT,P00045,1,0,Станок ожидает загрузки
,BIT,P00041,1,0,Патрон открыт
,BIT,P00042,1,0,Патрон закрыт
,BIT,P00047,1,0,Геркон полки 1 (Полка свободна)
,BIT,P00048,1,0,Геркон полки 2 (Полка свободна)
,BIT,P00049,1,0,Геркон полки 3 (Полка свободна)
,BIT,P0004A,1,0,Геркон полки 4 (Полка свободна)
,BIT,P0005A,1,0,Датчик давления воздуха
,BIT,P0005B,1,0,Объект в зоне предупреждения лидара
,BIT,P00080,1,0,Система включена
,BIT,P00082,1,0,Открыть патрон
,BIT,P00083,1,0,Включить зону безопасности 1 на лидаре (рабочая)
,BIT,P00084,1,0,Включить зону безопасности 2 на лидаре (усеченная)
,BIT,P00085,1,0,Запуск программы (MCODE FINISH) (А)
,BIT,P00086,1,0,Пневмоцилиндр полки 4
,BIT,P00087,1,0,Пневмоцилиндр полки 3
,BIT,P00088,1,0,Пневмоцилиндр полки 2
,BIT,P00089,1,0,Пневмоцилиндр полки 1
,BIT,P0008A,1,0,Подача воздуха на робота
,BIT,P0008B,1,0,Сброс воздуха на роботе
,BIT,P0008D,1,0,Зеленая лампа
,BIT,P0008E,1,0,Жёлтая лампа
,BIT,P00090,1,0,Запуск программы (MCODE FINISH) (Б)
,BIT,P00091,1,0,Робот в состоянии ошибки
,BIT,P0009A,1,0,Сброс системы безопасности лидара
,BIT,P10000,0,0,Моторы робота включены
,BIT,P10001,1,0,Ошибка на роботе
,BIT,P10002,1,0,Цикл робота запущен
,BIT,P10003,1,0,Робот в Автоматическом режиме
,BIT,P10004,1,0,Робот в режиме обучения
,BIT,P10005,1,0,Пульт робота в режиме обучения
,BIT,P10006,0,0,Робот в домашнем положении 1
,BIT,P10007,0,0,Робот в домашнем положении 2
,BIT,P10008,1,0,Робот включён
,BIT,P10009,1,0,Аварийный останов на роботе
,BIT,P1000A,1,0,Работа робота приостановлена
,BIT,P1000B,1,0,Защитное ограждение нарушено
,BIT,P1000C,0,0,Требуется замена батареи питания энкодера
,BIT,P10010,0,0,Захват 1 открыт
,BIT,P10011,0,0,Захват 2 открыт
,BIT,P10012,0,0,Ошибка открытия захвата
,BIT,P10013,0,0,Захват 1 датчик сработал
,BIT,P10014,0,0,Захват 2 датчик сработал
,BIT,P10020,1,0,Открыть патрон 1
,BIT,P10021,1,0,Закрыть патрон 1
,BIT,P10022,1,0,Загрузка завершена
,BIT,P10030,0,0,Робот готов к запуску задания
,BIT,P10031,0,0,Задание запущено
,BIT,P10032,0,0,Ошибка в процессе работы
,BIT,P10033,1,0,Запрос данных для полки 1
,BIT,P10034,1,0,Запрос данных для полки 2
,BIT,P10035,1,0,Запрос данных для полки 3
,BIT,P10036,1,0,Запрос данных для полки 4
,BIT,P10037,0,0,Данные считаны
,BIT,P10040,0,0,Полка 1 открыта
,BIT,P10041,0,0,Полка 2 открыта
,BIT,P10042,0,0,Полка 3 открыта
,BIT,P10043,0,0,Полка 4 открыта
,BIT,P10044,1,0,Разблокировать полку 1
,BIT,P10045,1,0,Разблокировать полку 2
,BIT,P10046,1,0,Разблокировать полку 3
,BIT,P10047,1,0,Разблокировать полку 4
,BIT,P10049,1,0,Работа с полкой 1 завершена
,BIT,P1004A,1,0,Работа с полкой 2 завершена
,BIT,P1004B,1,0,Работа с полкой 3 завершена
,BIT,P1004C,1,0,Работа с полкой 4 завершена
,BIT,P11000,1,0,Включить моторы на роботе
,BIT,P11001,1,0,Сброс ошибки на роботе
,BIT,P11002,1,0,Запустить цикл на роботе
,BIT,P11003,1,0,Сброс программы на роботе
,BIT,P11005,1,0,Выключить моторы на роботе
,BIT,P11006,1,0,Режим Slow Repeat
,BIT,P11010,0,0,Открыть захват 1
,BIT,P11011,0,0,Закрыть захват 1
,BIT,P11012,0,0,Открыть захват 2
,BIT,P11013,0,0,Закрыть захват 2
,BIT,P11014,0,0,Проверка датчиков открытия захвата
,BIT,P11020,1,0,Патрон 1 открыт
,BIT,P11021,1,0,Патрон 1 закрыт
,BIT,P11022,1,0,Станок ожидает загрузки
,BIT,P11030,1,0,Запустить задание на роботе
,BIT,P11031,1,0,Данные подготовлены для загрузки
,BIT,P11040,1,0,Полка 1 включена
,BIT,P11041,1,0,Полка 2 включена
,BIT,P11042,1,0,Полка 3 включена
,BIT,P11043,1,0,Полка 4 включена
,BIT,P11044,1,0,Полка 1 разблокирована
,BIT,P11045,1,0,Полка 2 разблокирована
,BIT,P11046,1,0,Полка 3 разблокирована
,BIT,P11047,1,0,Полка 4 разблокирована
,BIT,P11048,1,0,Ошибка разблокировки полки
,BIT,P10050,1,0,Переключение зоны безопасности на лидаре
,BIT,M00100,1,0,HMI: Подача воздуха на робота
,BIT,M00101,1,0,HMI: Сброс ошибки
,BIT,M00102,1,0,HMI: Ошибка в системе
,BIT,M00103,1,0,HMI: Открыть кулачки патрона
,BIT,M00104,1,0,HMI: Закрыть кулачки патрона
,BIT/WORD,T0001,1,0,T100MS Время открытия патрона
,BIT/WORD,T0002,1,0,T100MS Время закрытия патрона
,BIT,M00105,1,0,HMI: Разблокировать полку 1
,BIT,M00106,1,0,HMI: Разблокировать полку 2
,BIT,M00107,1,0,HMI: Разблокировать полку 3
,BIT,M00108,1,0,HMI: Разблокировать полку 4
,BIT,M00200,1,0,Флаг разблокировки полки 1
,BIT,M00201,1,0,Флаг разблокировки полки 2
,BIT,M00202,1,0,Флаг разблокировки полки 3
,BIT,M00203,1,0,Флаг разблокировки полки 4
,BIT/WORD,T0003,1,0,T100MS Время на разблокировку полки 1 до появления ошибки
,BIT/WORD,T0004,1,0,T100MS Время на разблокировку полки 2 до появления ошибки
,BIT/WORD,T0005,1,0,T100MS Время на разблокировку полки 3 до появления ошибки
,BIT/WORD,T0006,1,0,T100MS Время на разблокировку полки 4 до появления ошибки
,BIT/WORD,T0007,1,0,T100MS Время пока полка 1 открыта
,BIT/WORD,T0008,1,0,T100MS Время пока полка 2 открыта
,BIT/WORD,T0009,1,0,T100MS Время пока полка 3 открыта
,BIT/WORD,T0010,1,0,T100MS Время пока полка 4 открыта
,BIT,M00204,1,0,Робот готов к работе
,BIT,M00109,1,0,HMI: Запуск цикла на роботе
,BIT,M0010A,1,0,HMI: Остановка цикла на роботе
,BIT/WORD,T0011,1,0,T100MS Ожидание включения моторов на роботе
,BIT,M00205,1,0,Цикл на роботе запущен
,BIT,M00206,1,0,Флаг остановки робота
,BIT/WORD,T0012,1,0,T100MS Ожидание выключения мотора
,BIT/WORD,T0013,1,0,T100MS Сброс флага остановки робота
,BIT,M0010B,1,0,HMI: Пауза для робота
,BIT,P11004,1,0,Приостановить работу робота
,BIT,M0010C,1,0,HMI: Запуск задания
,BIT,M00207,1,0,Задание запущено
,BIT,M0010D,1,0,HMI: Сброс задания
,BIT,M00140,1,0,Команда загрузки данных из базы рецептов
,BIT,M00141,1,0,Команда сохранения данных в базу рецептов
,BIT,M00142,1,0,Запись/считывание данных успешно
,BIT,M00143,1,0,Ошибка записи/считывания данных
,BIT,M00144,1,0,Кнопка сохранения задания в базу данных
,BIT,M00145,0,0,Кнопка сохранения пластины в базу данных
,BIT,M00146,1,0,Загрузка при первом открытии рецепта заданий
,BIT,M00147,1,0,Требуется загрузка задания при редактировании
,BIT,M00148,1,0,Флаг загрузки задания при редактировании
,BIT,M00149,0,0,Требуется загрузка пластины при редактировании
,BIT,M0014A,0,0,Флаг загрузки пластины при редактировании
,BIT,M0014B,0,0,Загрузка при первом открытии рецепта пластин
,BIT,M0014C,1,0,Флаг загрузки задания при изменении
,BIT,M0014D,1,0,Требуется загрузка задания при изменении
,BIT,M0014E,0,0,Флаг загрузки задания при запуске цикла
,BIT,M0014F,0,0,Требуется загрузка задания при запуске цикла
,BIT,M00150,1,0,Флаг сохранения задания
,BIT,M00151,0,0,Флаг сохранения пластины
,BIT,M00152,0,0,Загрузка один раз при запуске цикла
,WORD,D00300,1,0,Время открытия патрона (сек)
,WORD,D00301,1,0,Время закрытия патрона (сек)
,WORD,D00302,1,0,Время удержания полки открытой (сек)
,WORD,D00303,0,0,Код ошибки работы с базой данных
,WORD,D00304,1,0,Выбор блока рецепта
,WORD,D00305,1,0,Номер страницы на HMI-панели
,BIT/WORD,T0014,1,0,T100MS Время отображения статуса загрузки
,BIT/WORD,T0015,1,0,100MS Таймер на сброс флага об ошибке загрузки данных
,WORD,D00310,0,0,Количество деталей на полке 1
,WORD,D00311,0,0,Количество деталей на полке 2
,WORD,D00312,0,0,Количество деталей на полке 3
,WORD,D00313,0,0,Количество деталей на полке 4
,BIT,M00110,1,0,HMI: Полка 1 загружена
,BIT,M00111,1,0,HMI: Полка 2 загружена
,BIT,M00112,1,0,HMI: Полка 3 загружена
,BIT,M00113,1,0,HMI: Полка 4 загружена
,WORD,D00000,1,0,Фиксированное число 0
,WORD,D00001,0,0,Фиксированное число 1
,WORD,D00002,0,0,Фиксированное число 2
,WORD,D00003,0,0,Фиксированное число 3
,WORD,D00004,0,0,Фиксированное число 4
,WORD,D00005,0,0,Фиксированное число 5
,WORD,D00006,0,0,Фиксированное число 6
,WORD,D00007,0,0,Фиксированное число 7
,WORD,D00008,0,0,Фиксированное число 8
,WORD,D00009,0,0,Фиксированное число 9
,WORD,D00010,0,0,Фиксированное число 10
,WORD,D00011,0,0,Фиксированное число 11
,WORD,D00012,0,0,Фиксированное число 12
,WORD,D00013,0,0,Фиксированное число 13
,WORD,D00014,0,0,Фиксированное число 14
,WORD,D00015,0,0,Фиксированное число 15
,WORD,D00016,0,0,Фиксированное число 16
,WORD,D00017,0,0,Фиксированное число 17
,WORD,D00018,0,0,Фиксированное число 18
,WORD,D00019,0,0,Фиксированное число 19
,WORD,D00020,0,0,Фиксированное число 20
,WORD,D00021,0,0,Фиксированное число 21
,WORD,D00022,0,0,Фиксированное число 22
,WORD,D00023,0,0,Фиксированное число 23
,WORD,D00024,0,0,Фиксированное число 24
,WORD,D00025,0,0,Фиксированное число 25
,WORD,D00026,0,0,Фиксированное число 26
,WORD,D00027,0,0,Фиксированное число 27
,WORD,D00028,0,0,Фиксированное число 28
,WORD,D00029,0,0,Фиксированное число 29
,WORD,D00030,0,0,Фиксированное число 30
,WORD,D00031,0,0,Фиксированное число 31
,WORD,D00032,0,0,Фиксированное число 32
,WORD,D00033,0,0,Фиксированное число 33
,WORD,D00034,0,0,Фиксированное число 34
,WORD,D00035,0,0,Фиксированное число 35
,WORD,D00036,0,0,Фиксированное число 36
,WORD,D00037,0,0,Фиксированное число 37
,WORD,D00038,0,0,Фиксированное число 38
,WORD,D00039,0,0,Фиксированное число 39
,WORD,D00040,0,0,Фиксированное число 40
,WORD,D00041,0,0,Фиксированное число 41
,WORD,D00042,0,0,Фиксированное число 42
,WORD,D00043,0,0,Фиксированное число 43
,WORD,D00044,0,0,Фиксированное число 44
,WORD,D00045,0,0,Фиксированное число 45
,WORD,D00046,0,0,Фиксированное число 46
,WORD,D00047,0,0,Фиксированное число 47
,WORD,D00048,0,0,Фиксированное число 48
,WORD,D00049,0,0,Фиксированное число 49
,WORD,D00050,0,0,Фиксированное число 50
,WORD,D00051,0,0,Фиксированное число 51
,WORD,D00052,0,0,Фиксированное число 52
,WORD,D00053,0,0,Фиксированное число 53
,WORD,D00054,0,0,Фиксированное число 54
,WORD,D00055,0,0,Фиксированное число 55
,WORD,D00056,0,0,Фиксированное число 56
,WORD,D00057,0,0,Фиксированное число 57
,WORD,D00058,0,0,Фиксированное число 58
,WORD,D00059,0,0,Фиксированное число 59
,WORD,D00060,0,0,Фиксированное число 60
,WORD,D00061,0,0,Фиксированное число 61
,WORD,D00062,0,0,Фиксированное число 62
,WORD,D00063,0,0,Фиксированное число 63
,WORD,D00064,0,0,Фиксированное число 64
,WORD,D00065,0,0,Фиксированное число 65
,WORD,D00066,0,0,Фиксированное число 66
,WORD,D00067,0,0,Фиксированное число 67
,WORD,D00068,0,0,Фиксированное число 68
,WORD,D00069,0,0,Фиксированное число 69
,WORD,D00070,0,0,Фиксированное число 70
,WORD,D00071,0,0,Фиксированное число 71
,WORD,D00072,0,0,Фиксированное число 72
,WORD,D00073,0,0,Фиксированное число 73
,WORD,D00074,0,0,Фиксированное число 74
,WORD,D00075,0,0,Фиксированное число 75
,WORD,D00076,0,0,Фиксированное число 76
,WORD,D00077,0,0,Фиксированное число 77
,WORD,D00078,0,0,Фиксированное число 78
,WORD,D00079,0,0,Фиксированное число 79
,WORD,D00080,0,0,Фиксированное число 80
,WORD,D00081,0,0,Фиксированное число 81
,WORD,D00082,0,0,Фиксированное число 82
,WORD,D00083,0,0,Фиксированное число 83
,WORD,D00084,0,0,Фиксированное число 84
,WORD,D00085,0,0,Фиксированное число 85
,WORD,D00086,0,0,Фиксированное число 86
,WORD,D00087,0,0,Фиксированное число 87
,WORD,D00088,0,0,Фиксированное число 88
,WORD,D00089,0,0,Фиксированное число 89
,WORD,D00090,0,0,Фиксированное число 90
,WORD,D00091,0,0,Фиксированное число 91
,WORD,D00092,0,0,Фиксированное число 92
,WORD,D00093,0,0,Фиксированное число 93
,WORD,D00094,0,0,Фиксированное число 94
,WORD,D00095,0,0,Фиксированное число 95
,WORD,D00096,0,0,Фиксированное число 96
,WORD,D00097,0,0,Фиксированное число 97
,WORD,D00098,0,0,Фиксированное число 98
,WORD,D00099,0,0,Фиксированное число 99
,WORD,D00100,0,0,Фиксированное число 100
,WORD,D00101,0,0,Фиксированное число 101
,WORD,D00102,0,0,Фиксированное число 102
,WORD,D00103,0,0,Фиксированное число 103
,WORD,D00104,0,0,Фиксированное число 104
,WORD,D00105,0,0,Фиксированное число 105
,WORD,D00106,0,0,Фиксированное число 106
,WORD,D00107,0,0,Фиксированное число 107
,WORD,D00108,0,0,Фиксированное число 108
,WORD,D00109,0,0,Фиксированное число 109
,WORD,D00110,0,0,Фиксированное число 110
,WORD,D00111,0,0,Фиксированное число 111
,WORD,D00112,0,0,Фиксированное число 112
,WORD,D00113,0,0,Фиксированное число 113
,WORD,D00114,0,0,Фиксированное число 114
,WORD,D00115,0,0,Фиксированное число 115
,WORD,D00116,0,0,Фиксированное число 116
,WORD,D00117,0,0,Фиксированное число 117
,WORD,D00118,0,0,Фиксированное число 118
,WORD,D00119,0,0,Фиксированное число 119
,WORD,D00120,0,0,Фиксированное число 120
,WORD,D00121,0,0,Фиксированное число 121
,WORD,D00122,0,0,Фиксированное число 122
,WORD,D00123,0,0,Фиксированное число 123
,WORD,D00124,0,0,Фиксированное число 124
,WORD,D00125,0,0,Фиксированное число 125
,WORD,D00126,0,0,Фиксированное число 126
,WORD,D00127,0,0,Фиксированное число 127
,WORD,D00128,0,0,Фиксированное число 128
,WORD,Z001,1,0,Счётчик для инициализации чисел
,BIT,M20470,1,0,Флаг инициализации
,WORD,D10000,1,0,Память для хранения названий рецептов. Задание 1. Символ 1
,WORD,D10001,0,0,Память для хранения названий рецептов. Задание 1. Символ 2
,WORD,D10002,0,0,Память для хранения названий рецептов. Задание 1. Символ 3
,WORD,D10003,0,0,Память для хранения названий рецептов. Задание 1. Символ 4
,WORD,D10004,0,0,Память для хранения названий рецептов. Задание 1. Символ 5
,WORD,D10005,0,0,Память для хранения названий рецептов. Задание 1. Символ 6
,WORD,D10006,0,0,Память для хранения названий рецептов. Задание 1. Символ 7
,WORD,D10007,0,0,Память для хранения названий рецептов. Задание 1. Символ 8
,WORD,D10008,0,0,Память для хранения названий рецептов. Задание 1. Символ 9
,WORD,D10009,0,0,Память для хранения названий рецептов. Задание 1. Символ 10
,WORD,D10010,0,0,Память для хранения названий рецептов. Задание 1. Символ 11
,WORD,D10011,0,0,Память для хранения названий рецептов. Задание 1. Символ 12
,WORD,D10012,0,0,Память для хранения названий рецептов. Задание 1. Символ 13
,WORD,D10013,0,0,Память для хранения названий рецептов. Задание 1. Символ 14
,WORD,D10014,0,0,Память для хранения названий рецептов. Задание 1. Символ 15
,WORD,D10015,0,0,Память для хранения названий рецептов. Задание 1. Символ 16
,WORD,D10016,0,0,Память для хранения названий рецептов. Задание 1. Символ 17
,WORD,D10017,0,0,Память для хранения названий рецептов. Задание 1. Символ 18
,WORD,D10018,0,0,Память для хранения названий рецептов. Задание 1. Символ 19
,WORD,D10019,0,0,Память для хранения названий рецептов. Задание 1. Символ 20
,WORD,D10020,0,0,Память для хранения названий рецептов. Задание 1. Символ 21
,WORD,D10021,0,0,Память для хранения названий рецептов. Задание 1. Символ 22
,WORD,D10022,0,0,Память для хранения названий рецептов. Задание 1. Символ 23
,WORD,D10023,0,0,Память для хранения названий рецептов. Задание 1. Символ 24
,WORD,D10024,0,0,Память для хранения названий рецептов. Задание 1. Символ 25
,WORD,D10025,0,0,Память для хранения названий рецептов. Задание 2. Символ 1
,WORD,D10026,0,0,Память для хранения названий рецептов. Задание 2. Символ 2
,WORD,D10027,0,0,Память для хранения названий рецептов. Задание 2. Символ 3
,WORD,D10028,0,0,Память для хранения названий рецептов. Задание 2. Символ 4
,WORD,D10029,0,0,Память для хранения названий рецептов. Задание 2. Символ 5
,WORD,D10030,0,0,Память для хранения названий рецептов. Задание 2. Символ 6
,WORD,D10031,0,0,Память для хранения названий рецептов. Задание 2. Символ 7
,WORD,D10032,0,0,Память для хранения названий рецептов. Задание 2. Символ 8
,WORD,D10033,0,0,Память для хранения названий рецептов. Задание 2. Символ 9
,WORD,D10034,0,0,Память для хранения названий рецептов. Задание 2. Символ 10
,WORD,D10035,0,0,Память для хранения названий рецептов. Задание 2. Символ 11
,WORD,D10036,0,0,Память для хранения названий рецептов. Задание 2. Символ 12
,WORD,D10037,0,0,Память для хранения названий рецептов. Задание 2. Символ 13
,WORD,D10038,0,0,Память для хранения названий рецептов. Задание 2. Символ 14
,WORD,D10039,0,0,Память для хранения названий рецептов. Задание 2. Символ 15
,WORD,D10040,0,0,Память для хранения названий рецептов. Задание 2. Символ 16
,WORD,D10041,0,0,Память для хранения названий рецептов. Задание 2. Символ 17
,WORD,D10042,0,0,Память для хранения названий рецептов. Задание 2. Символ 18
,WORD,D10043,0,0,Память для хранения названий рецептов. Задание 2. Символ 19
,WORD,D10044,0,0,Память для хранения названий рецептов. Задание 2. Символ 20
,WORD,D10045,0,0,Память для хранения названий рецептов. Задание 2. Символ 21
,WORD,D10046,0,0,Память для хранения названий рецептов. Задание 2. Символ 22
,WORD,D10047,0,0,Память для хранения названий рецептов. Задание 2. Символ 23
,WORD,D10048,0,0,Память для хранения названий рецептов. Задание 2. Символ 24
,WORD,D10049,0,0,Память для хранения названий рецептов. Задание 2. Символ 25
,WORD,D10050,0,0,Память для хранения названий рецептов. Задание 3. Символ 1
,WORD,D10051,0,0,Память для хранения названий рецептов. Задание 3. Символ 2
,WORD,D10052,0,0,Память для хранения названий рецептов. Задание 3. Символ 3
,WORD,D10053,0,0,Память для хранения названий рецептов. Задание 3. Символ 4
,WORD,D10054,0,0,Память для хранения названий рецептов. Задание 3. Символ 5
,WORD,D10055,0,0,Память для хранения названий рецептов. Задание 3. Символ 6
,WORD,D10056,0,0,Память для хранения названий рецептов. Задание 3. Символ 7
,WORD,D10057,0,0,Память для хранения названий рецептов. Задание 3. Символ 8
,WORD,D10058,0,0,Память для хранения названий рецептов. Задание 3. Символ 9
,WORD,D10059,0,0,Память для хранения названий рецептов. Задание 3. Символ 10
,WORD,D10060,0,0,Память для хранения названий рецептов. Задание 3. Символ 11
,WORD,D10061,0,0,Память для хранения названий рецептов. Задание 3. Символ 12
,WORD,D10062,0,0,Память для хранения названий рецептов. Задание 3. Символ 13
,WORD,D10063,0,0,Память для хранения названий рецептов. Задание 3. Символ 14
,WORD,D10064,0,0,Память для хранения названий рецептов. Задание 3. Символ 15
,WORD,D10065,0,0,Память для хранения названий рецептов. Задание 3. Символ 16
,WORD,D10066,0,0,Память для хранения названий рецептов. Задание 3. Символ 17
,WORD,D10067,0,0,Память для хранения названий рецептов. Задание 3. Символ 18
,WORD,D10068,0,0,Память для хранения названий рецептов. Задание 3. Символ 19
,WORD,D10069,0,0,Память для хранения названий рецептов. Задание 3. Символ 20
,WORD,D10070,0,0,Память для хранения названий рецептов. Задание 3. Символ 21
,WORD,D10071,0,0,Память для хранения названий рецептов. Задание 3. Символ 22
,WORD,D10072,0,0,Память для хранения названий рецептов. Задание 3. Символ 23
,WORD,D10073,0,0,Память для хранения названий рецептов. Задание 3. Символ 24
,WORD,D10074,0,0,Память для хранения названий рецептов. Задание 3. Символ 25
,WORD,D10075,0,0,Память для хранения названий рецептов. Задание 4. Символ 1
,WORD,D10076,0,0,Память для хранения названий рецептов. Задание 4. Символ 2
,WORD,D10077,0,0,Память для хранения названий рецептов. Задание 4. Символ 3
,WORD,D10078,0,0,Память для хранения названий рецептов. Задание 4. Символ 4
,WORD,D10079,0,0,Память для хранения названий рецептов. Задание 4. Символ 5
,WORD,D10080,0,0,Память для хранения названий рецептов. Задание 4. Символ 6
,WORD,D10081,0,0,Память для хранения названий рецептов. Задание 4. Символ 7
,WORD,D10082,0,0,Память для хранения названий рецептов. Задание 4. Символ 8
,WORD,D10083,0,0,Память для хранения названий рецептов. Задание 4. Символ 9
,WORD,D10084,0,0,Память для хранения названий рецептов. Задание 4. Символ 10
,WORD,D10085,0,0,Память для хранения названий рецептов. Задание 4. Символ 11
,WORD,D10086,0,0,Память для хранения названий рецептов. Задание 4. Символ 12
,WORD,D10087,0,0,Память для хранения названий рецептов. Задание 4. Символ 13
,WORD,D10088,0,0,Память для хранения названий рецептов. Задание 4. Символ 14
,WORD,D10089,0,0,Память для хранения названий рецептов. Задание 4. Символ 15
,WORD,D10090,0,0,Память для хранения названий рецептов. Задание 4. Символ 16
,WORD,D10091,0,0,Память для хранения названий рецептов. Задание 4. Символ 17
,WORD,D10092,0,0,Память для хранения названий рецептов. Задание 4. Символ 18
,WORD,D10093,0,0,Память для хранения названий рецептов. Задание 4. Символ 19
,WORD,D10094,0,0,Память для хранения названий рецептов. Задание 4. Символ 20
,WORD,D10095,0,0,Память для хранения названий рецептов. Задание 4. Символ 21
,WORD,D10096,0,0,Память для хранения названий рецептов. Задание 4. Символ 22
,WORD,D10097,0,0,Память для хранения названий рецептов. Задание 4. Символ 23
,WORD,D10098,0,0,Память для хранения названий рецептов. Задание 4. Символ 24
,WORD,D10099,0,0,Память для хранения названий рецептов. Задание 4. Символ 25
,WORD,D10100,0,0,Память для хранения названий рецептов. Задание 5. Символ 1
,WORD,D10101,0,0,Память для хранения названий рецептов. Задание 5. Символ 2
,WORD,D10102,0,0,Память для хранения названий рецептов. Задание 5. Символ 3
,WORD,D10103,0,0,Память для хранения названий рецептов. Задание 5. Символ 4
,WORD,D10104,0,0,Память для хранения названий рецептов. Задание 5. Символ 5
,WORD,D10105,0,0,Память для хранения названий рецептов. Задание 5. Символ 6
,WORD,D10106,0,0,Память для хранения названий рецептов. Задание 5. Символ 7
,WORD,D10107,0,0,Память для хранения названий рецептов. Задание 5. Символ 8
,WORD,D10108,0,0,Память для хранения названий рецептов. Задание 5. Символ 9
,WORD,D10109,0,0,Память для хранения названий рецептов. Задание 5. Символ 10
,WORD,D10110,0,0,Память для хранения названий рецептов. Задание 5. Символ 11
,WORD,D10111,0,0,Память для хранения названий рецептов. Задание 5. Символ 12
,WORD,D10112,0,0,Память для хранения названий рецептов. Задание 5. Символ 13
,WORD,D10113,0,0,Память для хранения названий рецептов. Задание 5. Символ 14
,WORD,D10114,0,0,Память для хранения названий рецептов. Задание 5. Символ 15
,WORD,D10115,0,0,Память для хранения названий рецептов. Задание 5. Символ 16
,WORD,D10116,0,0,Память для хранения названий рецептов. Задание 5. Символ 17
,WORD,D10117,0,0,Память для хранения названий рецептов. Задание 5. Символ 18
,WORD,D10118,0,0,Память для хранения названий рецептов. Задание 5. Символ 19
,WORD,D10119,0,0,Память для хранения названий рецептов. Задание 5. Символ 20
,WORD,D10120,0,0,Память для хранения названий рецептов. Задание 5. Символ 21
,WORD,D10121,0,0,Память для хранения названий рецептов. Задание 5. Символ 22
,WORD,D10122,0,0,Память для хранения названий рецептов. Задание 5. Символ 23
,WORD,D10123,0,0,Память для хранения названий рецептов. Задание 5. Символ 24
,WORD,D10124,0,0,Память для хранения названий рецептов. Задание 5. Символ 25
,WORD,D10125,0,0,Память для хранения названий рецептов. Задание 6. Символ 1
,WORD,D10126,0,0,Память для хранения названий рецептов. Задание 6. Символ 2
,WORD,D10127,0,0,Память для хранения названий рецептов. Задание 6. Символ 3
,WORD,D10128,0,0,Память для хранения названий рецептов. Задание 6. Символ 4
,WORD,D10129,0,0,Память для хранения названий рецептов. Задание 6. Символ 5
,WORD,D10130,0,0,Память для хранения названий рецептов. Задание 6. Символ 6
,WORD,D10131,0,0,Память для хранения названий рецептов. Задание 6. Символ 7
,WORD,D10132,0,0,Память для хранения названий рецептов. Задание 6. Символ 8
,WORD,D10133,0,0,Память для хранения названий рецептов. Задание 6. Символ 9
,WORD,D10134,0,0,Память для хранения названий рецептов. Задание 6. Символ 10
,WORD,D10135,0,0,Память для хранения названий рецептов. Задание 6. Символ 11
,WORD,D10136,0,0,Память для хранения названий рецептов. Задание 6. Символ 12
,WORD,D10137,0,0,Память для хранения названий рецептов. Задание 6. Символ 13
,WORD,D10138,0,0,Память для хранения названий рецептов. Задание 6. Символ 14
,WORD,D10139,0,0,Память для хранения названий рецептов. Задание 6. Символ 15
,WORD,D10140,0,0,Память для хранения названий рецептов. Задание 6. Символ 16
,WORD,D10141,0,0,Память для хранения названий рецептов. Задание 6. Символ 17
,WORD,D10142,0,0,Память для хранения названий рецептов. Задание 6. Символ 18
,WORD,D10143,0,0,Память для хранения названий рецептов. Задание 6. Символ 19
,WORD,D10144,0,0,Память для хранения названий рецептов. Задание 6. Символ 20
,WORD,D10145,0,0,Память для хранения названий рецептов. Задание 6. Символ 21
,WORD,D10146,0,0,Память для хранения названий рецептов. Задание 6. Символ 22
,WORD,D10147,0,0,Память для хранения названий рецептов. Задание 6. Символ 23
,WORD,D10148,0,0,Память для хранения названий рецептов. Задание 6. Символ 24
,WORD,D10149,0,0,Память для хранения названий рецептов. Задание 6. Символ 25
,WORD,D10150,0,0,Память для хранения названий рецептов. Задание 7. Символ 1
,WORD,D10151,0,0,Память для хранения названий рецептов. Задание 7. Символ 2
,WORD,D10152,0,0,Память для хранения названий рецептов. Задание 7. Символ 3
,WORD,D10153,0,0,Память для хранения названий рецептов. Задание 7. Символ 4
,WORD,D10154,0,0,Память для хранения названий рецептов. Задание 7. Символ 5
,WORD,D10155,0,0,Память для хранения названий рецептов. Задание 7. Символ 6
,WORD,D10156,0,0,Память для хранения названий рецептов. Задание 7. Символ 7
,WORD,D10157,0,0,Память для хранения названий рецептов. Задание 7. Символ 8
,WORD,D10158,0,0,Память для хранения названий рецептов. Задание 7. Символ 9
,WORD,D10159,0,0,Память для хранения названий рецептов. Задание 7. Символ 10
,WORD,D10160,0,0,Память для хранения названий рецептов. Задание 7. Символ 11
,WORD,D10161,0,0,Память для хранения названий рецептов. Задание 7. Символ 12
,WORD,D10162,0,0,Память для хранения названий рецептов. Задание 7. Символ 13
,WORD,D10163,0,0,Память для хранения названий рецептов. Задание 7. Символ 14
,WORD,D10164,0,0,Память для хранения названий рецептов. Задание 7. Символ 15
,WORD,D10165,0,0,Память для хранения названий рецептов. Задание 7. Символ 16
,WORD,D10166,0,0,Память для хранения названий рецептов. Задание 7. Символ 17
,WORD,D10167,0,0,Память для хранения названий рецептов. Задание 7. Символ 18
,WORD,D10168,0,0,Память для хранения названий рецептов. Задание 7. Символ 19
,WORD,D10169,0,0,Память для хранения названий рецептов. Задание 7. Символ 20
,WORD,D10170,0,0,Память для хранения названий рецептов. Задание 7. Символ 21
,WORD,D10171,0,0,Память для хранения названий рецептов. Задание 7. Символ 22
,WORD,D10172,0,0,Память для хранения названий рецептов. Задание 7. Символ 23
,WORD,D10173,0,0,Память для хранения названий рецептов. Задание 7. Символ 24
,WORD,D10174,0,0,Память для хранения названий рецептов. Задание 7. Символ 25
,WORD,D10175,0,0,Память для хранения названий рецептов. Задание 8. Символ 1
,WORD,D10176,0,0,Память для хранения названий рецептов. Задание 8. Символ 2
,WORD,D10177,0,0,Память для хранения названий рецептов. Задание 8. Символ 3
,WORD,D10178,0,0,Память для хранения названий рецептов. Задание 8. Символ 4
,WORD,D10179,0,0,Память для хранения названий рецептов. Задание 8. Символ 5
,WORD,D10180,0,0,Память для хранения названий рецептов. Задание 8. Символ 6
,WORD,D10181,0,0,Память для хранения названий рецептов. Задание 8. Символ 7
,WORD,D10182,0,0,Память для хранения названий рецептов. Задание 8. Символ 8
,WORD,D10183,0,0,Память для хранения названий рецептов. Задание 8. Символ 9
,WORD,D10184,0,0,Память для хранения названий рецептов. Задание 8. Символ 10
,WORD,D10185,0,0,Память для хранения названий рецептов. Задание 8. Символ 11
,WORD,D10186,0,0,Память для хранения названий рецептов. Задание 8. Символ 12
,WORD,D10187,0,0,Память для хранения названий рецептов. Задание 8. Символ 13
,WORD,D10188,0,0,Память для хранения названий рецептов. Задание 8. Символ 14
,WORD,D10189,0,0,Память для хранения названий рецептов. Задание 8. Символ 15
,WORD,D10190,0,0,Память для хранения названий рецептов. Задание 8. Символ 16
,WORD,D10191,0,0,Память для хранения названий рецептов. Задание 8. Символ 17
,WORD,D10192,0,0,Память для хранения названий рецептов. Задание 8. Символ 18
,WORD,D10193,0,0,Память для хранения названий рецептов. Задание 8. Символ 19
,WORD,D10194,0,0,Память для хранения названий рецептов. Задание 8. Символ 20
,WORD,D10195,0,0,Память для хранения названий рецептов. Задание 8. Символ 21
,WORD,D10196,0,0,Память для хранения названий рецептов. Задание 8. Символ 22
,WORD,D10197,0,0,Память для хранения названий рецептов. Задание 8. Символ 23
,WORD,D10198,0,0,Память для хранения названий рецептов. Задание 8. Символ 24
,WORD,D10199,0,0,Память для хранения названий рецептов. Задание 8. Символ 25
,WORD,D10200,0,0,Память для хранения названий рецептов. Задание 9. Символ 1
,WORD,D10201,0,0,Память для хранения названий рецептов. Задание 9. Символ 2
,WORD,D10202,0,0,Память для хранения названий рецептов. Задание 9. Символ 3
,WORD,D10203,0,0,Память для хранения названий рецептов. Задание 9. Символ 4
,WORD,D10204,0,0,Память для хранения названий рецептов. Задание 9. Символ 5
,WORD,D10205,0,0,Память для хранения названий рецептов. Задание 9. Символ 6
,WORD,D10206,0,0,Память для хранения названий рецептов. Задание 9. Символ 7
,WORD,D10207,0,0,Память для хранения названий рецептов. Задание 9. Символ 8
,WORD,D10208,0,0,Память для хранения названий рецептов. Задание 9. Символ 9
,WORD,D10209,0,0,Память для хранения названий рецептов. Задание 9. Символ 10
,WORD,D10210,0,0,Память для хранения названий рецептов. Задание 9. Символ 11
,WORD,D10211,0,0,Память для хранения названий рецептов. Задание 9. Символ 12
,WORD,D10212,0,0,Память для хранения названий рецептов. Задание 9. Символ 13
,WORD,D10213,0,0,Память для хранения названий рецептов. Задание 9. Символ 14
,WORD,D10214,0,0,Память для хранения названий рецептов. Задание 9. Символ 15
,WORD,D10215,0,0,Память для хранения названий рецептов. Задание 9. Символ 16
,WORD,D10216,0,0,Память для хранения названий рецептов. Задание 9. Символ 17
,WORD,D10217,0,0,Память для хранения названий рецептов. Задание 9. Символ 18
,WORD,D10218,0,0,Память для хранения названий рецептов. Задание 9. Символ 19
,WORD,D10219,0,0,Память для хранения названий рецептов. Задание 9. Символ 20
,WORD,D10220,0,0,Память для хранения названий рецептов. Задание 9. Символ 21
,WORD,D10221,0,0,Память для хранения названий рецептов. Задание 9. Символ 22
,WORD,D10222,0,0,Память для хранения названий рецептов. Задание 9. Символ 23
,WORD,D10223,0,0,Память для хранения названий рецептов. Задание 9. Символ 24
,WORD,D10224,0,0,Память для хранения названий рецептов. Задание 9. Символ 25
,WORD,D10225,0,0,Память для хранения названий рецептов. Задание 10. Символ 1
,WORD,D10226,0,0,Память для хранения названий рецептов. Задание 10. Символ 2
,WORD,D10227,0,0,Память для хранения названий рецептов. Задание 10. Символ 3
,WORD,D10228,0,0,Память для хранения названий рецептов. Задание 10. Символ 4
,WORD,D10229,0,0,Память для хранения названий рецептов. Задание 10. Символ 5
,WORD,D10230,0,0,Память для хранения названий рецептов. Задание 10. Символ 6
,WORD,D10231,0,0,Память для хранения названий рецептов. Задание 10. Символ 7
,WORD,D10232,0,0,Память для хранения названий рецептов. Задание 10. Символ 8
,WORD,D10233,0,0,Память для хранения названий рецептов. Задание 10. Символ 9
,WORD,D10234,0,0,Память для хранения названий рецептов. Задание 10. Символ 10
,WORD,D10235,0,0,Память для хранения названий рецептов. Задание 10. Символ 11
,WORD,D10236,0,0,Память для хранения названий рецептов. Задание 10. Символ 12
,WORD,D10237,0,0,Память для хранения названий рецептов. Задание 10. Символ 13
,WORD,D10238,0,0,Память для хранения названий рецептов. Задание 10. Символ 14
,WORD,D10239,0,0,Память для хранения названий рецептов. Задание 10. Символ 15
,WORD,D10240,0,0,Память для хранения названий рецептов. Задание 10. Символ 16
,WORD,D10241,0,0,Память для хранения названий рецептов. Задание 10. Символ 17
,WORD,D10242,0,0,Память для хранения названий рецептов. Задание 10. Символ 18
,WORD,D10243,0,0,Память для хранения названий рецептов. Задание 10. Символ 19
,WORD,D10244,0,0,Память для хранения названий рецептов. Задание 10. Символ 20
,WORD,D10245,0,0,Память для хранения названий рецептов. Задание 10. Символ 21
,WORD,D10246,0,0,Память для хранения названий рецептов. Задание 10. Символ 22
,WORD,D10247,0,0,Память для хранения названий рецептов. Задание 10. Символ 23
,WORD,D10248,0,0,Память для хранения названий рецептов. Задание 10. Символ 24
,WORD,D10249,0,0,Память для хранения названий рецептов. Задание 10. Символ 25
,WORD,D10250,0,0,Память для хранения названий рецептов. Задание 11. Символ 1
,WORD,D10251,0,0,Память для хранения названий рецептов. Задание 11. Символ 2
,WORD,D10252,0,0,Память для хранения названий рецептов. Задание 11. Символ 3
,WORD,D10253,0,0,Память для хранения названий рецептов. Задание 11. Символ 4
,WORD,D10254,0,0,Память для хранения названий рецептов. Задание 11. Символ 5
,WORD,D10255,0,0,Память для хранения названий рецептов. Задание 11. Символ 6
,WORD,D10256,0,0,Память для хранения названий рецептов. Задание 11. Символ 7
,WORD,D10257,0,0,Память для хранения названий рецептов. Задание 11. Символ 8
,WORD,D10258,0,0,Память для хранения названий рецептов. Задание 11. Символ 9
,WORD,D10259,0,0,Память для хранения названий рецептов. Задание 11. Символ 10
,WORD,D10260,0,0,Память для хранения названий рецептов. Задание 11. Символ 11
,WORD,D10261,0,0,Память для хранения названий рецептов. Задание 11. Символ 12
,WORD,D10262,0,0,Память для хранения названий рецептов. Задание 11. Символ 13
,WORD,D10263,0,0,Память для хранения названий рецептов. Задание 11. Символ 14
,WORD,D10264,0,0,Память для хранения названий рецептов. Задание 11. Символ 15
,WORD,D10265,0,0,Память для хранения названий рецептов. Задание 11. Символ 16
,WORD,D10266,0,0,Память для хранения названий рецептов. Задание 11. Символ 17
,WORD,D10267,0,0,Память для хранения названий рецептов. Задание 11. Символ 18
,WORD,D10268,0,0,Память для хранения названий рецептов. Задание 11. Символ 19
,WORD,D10269,0,0,Память для хранения названий рецептов. Задание 11. Символ 20
,WORD,D10270,0,0,Память для хранения названий рецептов. Задание 11. Символ 21
,WORD,D10271,0,0,Память для хранения названий рецептов. Задание 11. Символ 22
,WORD,D10272,0,0,Память для хранения названий рецептов. Задание 11. Символ 23
,WORD,D10273,0,0,Память для хранения названий рецептов. Задание 11. Символ 24
,WORD,D10274,0,0,Память для хранения названий рецептов. Задание 11. Символ 25
,WORD,D10275,0,0,Память для хранения названий рецептов. Задание 12. Символ 1
,WORD,D10276,0,0,Память для хранения названий рецептов. Задание 12. Символ 2
,WORD,D10277,0,0,Память для хранения названий рецептов. Задание 12. Символ 3
,WORD,D10278,0,0,Память для хранения названий рецептов. Задание 12. Символ 4
,WORD,D10279,0,0,Память для хранения названий рецептов. Задание 12. Символ 5
,WORD,D10280,0,0,Память для хранения названий рецептов. Задание 12. Символ 6
,WORD,D10281,0,0,Память для хранения названий рецептов. Задание 12. Символ 7
,WORD,D10282,0,0,Память для хранения названий рецептов. Задание 12. Символ 8
,WORD,D10283,0,0,Память для хранения названий рецептов. Задание 12. Символ 9
,WORD,D10284,0,0,Память для хранения названий рецептов. Задание 12. Символ 10
,WORD,D10285,0,0,Память для хранения названий рецептов. Задание 12. Символ 11
,WORD,D10286,0,0,Память для хранения названий рецептов. Задание 12. Символ 12
,WORD,D10287,0,0,Память для хранения названий рецептов. Задание 12. Символ 13
,WORD,D10288,0,0,Память для хранения названий рецептов. Задание 12. Символ 14
,WORD,D10289,0,0,Память для хранения названий рецептов. Задание 12. Символ 15
,WORD,D10290,0,0,Память для хранения названий рецептов. Задание 12. Символ 16
,WORD,D10291,0,0,Память для хранения названий рецептов. Задание 12. Символ 17
,WORD,D10292,0,0,Память для хранения названий рецептов. Задание 12. Символ 18
,WORD,D10293,0,0,Память для хранения названий рецептов. Задание 12. Символ 19
,WORD,D10294,0,0,Память для хранения названий рецептов. Задание 12. Символ 20
,WORD,D10295,0,0,Память для хранения названий рецептов. Задание 12. Символ 21
,WORD,D10296,0,0,Память для хранения названий рецептов. Задание 12. Символ 22
,WORD,D10297,0,0,Память для хранения названий рецептов. Задание 12. Символ 23
,WORD,D10298,0,0,Память для хранения названий рецептов. Задание 12. Символ 24
,WORD,D10299,0,0,Память для хранения названий рецептов. Задание 12. Символ 25
,WORD,D10300,0,0,Память для хранения названий рецептов. Задание 13. Символ 1
,WORD,D10301,0,0,Память для хранения названий рецептов. Задание 13. Символ 2
,WORD,D10302,0,0,Память для хранения названий рецептов. Задание 13. Символ 3
,WORD,D10303,0,0,Память для хранения названий рецептов. Задание 13. Символ 4
,WORD,D10304,0,0,Память для хранения названий рецептов. Задание 13. Символ 5
,WORD,D10305,0,0,Память для хранения названий рецептов. Задание 13. Символ 6
,WORD,D10306,0,0,Память для хранения названий рецептов. Задание 13. Символ 7
,WORD,D10307,0,0,Память для хранения названий рецептов. Задание 13. Символ 8
,WORD,D10308,0,0,Память для хранения названий рецептов. Задание 13. Символ 9
,WORD,D10309,0,0,Память для хранения названий рецептов. Задание 13. Символ 10
,WORD,D10310,0,0,Память для хранения названий рецептов. Задание 13. Символ 11
,WORD,D10311,0,0,Память для хранения названий рецептов. Задание 13. Символ 12
,WORD,D10312,0,0,Память для хранения названий рецептов. Задание 13. Символ 13
,WORD,D10313,0,0,Память для хранения названий рецептов. Задание 13. Символ 14
,WORD,D10314,0,0,Память для хранения названий рецептов. Задание 13. Символ 15
,WORD,D10315,0,0,Память для хранения названий рецептов. Задание 13. Символ 16
,WORD,D10316,0,0,Память для хранения названий рецептов. Задание 13. Символ 17
,WORD,D10317,0,0,Память для хранения названий рецептов. Задание 13. Символ 18
,WORD,D10318,0,0,Память для хранения названий рецептов. Задание 13. Символ 19
,WORD,D10319,0,0,Память для хранения названий рецептов. Задание 13. Символ 20
,WORD,D10320,0,0,Память для хранения названий рецептов. Задание 13. Символ 21
,WORD,D10321,0,0,Память для хранения названий рецептов. Задание 13. Символ 22
,WORD,D10322,0,0,Память для хранения названий рецептов. Задание 13. Символ 23
,WORD,D10323,0,0,Память для хранения названий рецептов. Задание 13. Символ 24
,WORD,D10324,0,0,Память для хранения названий рецептов. Задание 13. Символ 25
,WORD,D10325,0,0,Память для хранения названий рецептов. Задание 14. Символ 1
,WORD,D10326,0,0,Память для хранения названий рецептов. Задание 14. Символ 2
,WORD,D10327,0,0,Память для хранения названий рецептов. Задание 14. Символ 3
,WORD,D10328,0,0,Память для хранения названий рецептов. Задание 14. Символ 4
,WORD,D10329,0,0,Память для хранения названий рецептов. Задание 14. Символ 5
,WORD,D10330,0,0,Память для хранения названий рецептов. Задание 14. Символ 6
,WORD,D10331,0,0,Память для хранения названий рецептов. Задание 14. Символ 7
,WORD,D10332,0,0,Память для хранения названий рецептов. Задание 14. Символ 8
,WORD,D10333,0,0,Память для хранения названий рецептов. Задание 14. Символ 9
,WORD,D10334,0,0,Память для хранения названий рецептов. Задание 14. Символ 10
,WORD,D10335,0,0,Память для хранения названий рецептов. Задание 14. Символ 11
,WORD,D10336,0,0,Память для хранения названий рецептов. Задание 14. Символ 12
,WORD,D10337,0,0,Память для хранения названий рецептов. Задание 14. Символ 13
,WORD,D10338,0,0,Память для хранения названий рецептов. Задание 14. Символ 14
,WORD,D10339,0,0,Память для хранения названий рецептов. Задание 14. Символ 15
,WORD,D10340,0,0,Память для хранения названий рецептов. Задание 14. Символ 16
,WORD,D10341,0,0,Память для хранения названий рецептов. Задание 14. Символ 17
,WORD,D10342,0,0,Память для хранения названий рецептов. Задание 14. Символ 18
,WORD,D10343,0,0,Память для хранения названий рецептов. Задание 14. Символ 19
,WORD,D10344,0,0,Память для хранения названий рецептов. Задание 14. Символ 20
,WORD,D10345,0,0,Память для хранения названий рецептов. Задание 14. Символ 21
,WORD,D10346,0,0,Память для хранения названий рецептов. Задание 14. Символ 22
,WORD,D10347,0,0,Память для хранения названий рецептов. Задание 14. Символ 23
,WORD,D10348,0,0,Память для хранения названий рецептов. Задание 14. Символ 24
,WORD,D10349,0,0,Память для хранения названий рецептов. Задание 14. Символ 25
,WORD,D10350,0,0,Память для хранения названий рецептов. Задание 15. Символ 1
,WORD,D10351,0,0,Память для хранения названий рецептов. Задание 15. Символ 2
,WORD,D10352,0,0,Память для хранения названий рецептов. Задание 15. Символ 3
,WORD,D10353,0,0,Память для хранения названий рецептов. Задание 15. Символ 4
,WORD,D10354,0,0,Память для хранения названий рецептов. Задание 15. Символ 5
,WORD,D10355,0,0,Память для хранения названий рецептов. Задание 15. Символ 6
,WORD,D10356,0,0,Память для хранения названий рецептов. Задание 15. Символ 7
,WORD,D10357,0,0,Память для хранения названий рецептов. Задание 15. Символ 8
,WORD,D10358,0,0,Память для хранения названий рецептов. Задание 15. Символ 9
,WORD,D10359,0,0,Память для хранения названий рецептов. Задание 15. Символ 10
,WORD,D10360,0,0,Память для хранения названий рецептов. Задание 15. Символ 11
,WORD,D10361,0,0,Память для хранения названий рецептов. Задание 15. Символ 12
,WORD,D10362,0,0,Память для хранения названий рецептов. Задание 15. Символ 13
,WORD,D10363,0,0,Память для хранения названий рецептов. Задание 15. Символ 14
,WORD,D10364,0,0,Память для хранения названий рецептов. Задание 15. Символ 15
,WORD,D10365,0,0,Память для хранения названий рецептов. Задание 15. Символ 16
,WORD,D10366,0,0,Память для хранения названий рецептов. Задание 15. Символ 17
,WORD,D10367,0,0,Память для хранения названий рецептов. Задание 15. Символ 18
,WORD,D10368,0,0,Память для хранения названий рецептов. Задание 15. Символ 19
,WORD,D10369,0,0,Память для хранения названий рецептов. Задание 15. Символ 20
,WORD,D10370,0,0,Память для хранения названий рецептов. Задание 15. Символ 21
,WORD,D10371,0,0,Память для хранения названий рецептов. Задание 15. Символ 22
,WORD,D10372,0,0,Память для хранения названий рецептов. Задание 15. Символ 23
,WORD,D10373,0,0,Память для хранения названий рецептов. Задание 15. Символ 24
,WORD,D10374,0,0,Память для хранения названий рецептов. Задание 15. Символ 25
,WORD,D10375,0,0,Память для хранения названий рецептов. Задание 16. Символ 1
,WORD,D10376,0,0,Память для хранения названий рецептов. Задание 16. Символ 2
,WORD,D10377,0,0,Память для хранения названий рецептов. Задание 16. Символ 3
,WORD,D10378,0,0,Память для хранения названий рецептов. Задание 16. Символ 4
,WORD,D10379,0,0,Память для хранения названий рецептов. Задание 16. Символ 5
,WORD,D10380,0,0,Память для хранения названий рецептов. Задание 16. Символ 6
,WORD,D10381,0,0,Память для хранения названий рецептов. Задание 16. Символ 7
,WORD,D10382,0,0,Память для хранения названий рецептов. Задание 16. Символ 8
,WORD,D10383,0,0,Память для хранения названий рецептов. Задание 16. Символ 9
,WORD,D10384,0,0,Память для хранения названий рецептов. Задание 16. Символ 10
,WORD,D10385,0,0,Память для хранения названий рецептов. Задание 16. Символ 11
,WORD,D10386,0,0,Память для хранения названий рецептов. Задание 16. Символ 12
,WORD,D10387,0,0,Память для хранения названий рецептов. Задание 16. Символ 13
,WORD,D10388,0,0,Память для хранения названий рецептов. Задание 16. Символ 14
,WORD,D10389,0,0,Память для хранения названий рецептов. Задание 16. Символ 15
,WORD,D10390,0,0,Память для хранения названий рецептов. Задание 16. Символ 16
,WORD,D10391,0,0,Память для хранения названий рецептов. Задание 16. Символ 17
,WORD,D10392,0,0,Память для хранения названий рецептов. Задание 16. Символ 18
,WORD,D10393,0,0,Память для хранения названий рецептов. Задание 16. Символ 19
,WORD,D10394,0,0,Память для хранения названий рецептов. Задание 16. Символ 20
,WORD,D10395,0,0,Память для хранения названий рецептов. Задание 16. Символ 21
,WORD,D10396,0,0,Память для хранения названий рецептов. Задание 16. Символ 22
,WORD,D10397,0,0,Память для хранения названий рецептов. Задание 16. Символ 23
,WORD,D10398,0,0,Память для хранения названий рецептов. Задание 16. Символ 24
,WORD,D10399,0,0,Память для хранения названий рецептов. Задание 16. Символ 25
,WORD,D10400,0,0,Память для хранения названий рецептов. Задание 17. Символ 1
,WORD,D10401,0,0,Память для хранения названий рецептов. Задание 17. Символ 2
,WORD,D10402,0,0,Память для хранения названий рецептов. Задание 17. Символ 3
,WORD,D10403,0,0,Память для хранения названий рецептов. Задание 17. Символ 4
,WORD,D10404,0,0,Память для хранения названий рецептов. Задание 17. Символ 5
,WORD,D10405,0,0,Память для хранения названий рецептов. Задание 17. Символ 6
,WORD,D10406,0,0,Память для хранения названий рецептов. Задание 17. Символ 7
,WORD,D10407,0,0,Память для хранения названий рецептов. Задание 17. Символ 8
,WORD,D10408,0,0,Память для хранения названий рецептов. Задание 17. Символ 9
,WORD,D10409,0,0,Память для хранения названий рецептов. Задание 17. Символ 10
,WORD,D10410,0,0,Память для хранения названий рецептов. Задание 17. Символ 11
,WORD,D10411,0,0,Память для хранения названий рецептов. Задание 17. Символ 12
,WORD,D10412,0,0,Память для хранения названий рецептов. Задание 17. Символ 13
,WORD,D10413,0,0,Память для хранения названий рецептов. Задание 17. Символ 14
,WORD,D10414,0,0,Память для хранения названий рецептов. Задание 17. Символ 15
,WORD,D10415,0,0,Память для хранения названий рецептов. Задание 17. Символ 16
,WORD,D10416,0,0,Память для хранения названий рецептов. Задание 17. Символ 17
,WORD,D10417,0,0,Память для хранения названий рецептов. Задание 17. Символ 18
,WORD,D10418,0,0,Память для хранения названий рецептов. Задание 17. Символ 19
,WORD,D10419,0,0,Память для хранения названий рецептов. Задание 17. Символ 20
,WORD,D10420,0,0,Память для хранения названий рецептов. Задание 17. Символ 21
,WORD,D10421,0,0,Память для хранения названий рецептов. Задание 17. Символ 22
,WORD,D10422,0,0,Память для хранения названий рецептов. Задание 17. Символ 23
,WORD,D10423,0,0,Память для хранения названий рецептов. Задание 17. Символ 24
,WORD,D10424,0,0,Память для хранения названий рецептов. Задание 17. Символ 25
,WORD,D10425,0,0,Память для хранения названий рецептов. Задание 18. Символ 1
,WORD,D10426,0,0,Память для хранения названий рецептов. Задание 18. Символ 2
,WORD,D10427,0,0,Память для хранения названий рецептов. Задание 18. Символ 3
,WORD,D10428,0,0,Память для хранения названий рецептов. Задание 18. Символ 4
,WORD,D10429,0,0,Память для хранения названий рецептов. Задание 18. Символ 5
,WORD,D10430,0,0,Память для хранения названий рецептов. Задание 18. Символ 6
,WORD,D10431,0,0,Память для хранения названий рецептов. Задание 18. Символ 7
,WORD,D10432,0,0,Память для хранения названий рецептов. Задание 18. Символ 8
,WORD,D10433,0,0,Память для хранения названий рецептов. Задание 18. Символ 9
,WORD,D10434,0,0,Память для хранения названий рецептов. Задание 18. Символ 10
,WORD,D10435,0,0,Память для хранения названий рецептов. Задание 18. Символ 11
,WORD,D10436,0,0,Память для хранения названий рецептов. Задание 18. Символ 12
,WORD,D10437,0,0,Память для хранения названий рецептов. Задание 18. Символ 13
,WORD,D10438,0,0,Память для хранения названий рецептов. Задание 18. Символ 14
,WORD,D10439,0,0,Память для хранения названий рецептов. Задание 18. Символ 15
,WORD,D10440,0,0,Память для хранения названий рецептов. Задание 18. Символ 16
,WORD,D10441,0,0,Память для хранения названий рецептов. Задание 18. Символ 17
,WORD,D10442,0,0,Память для хранения названий рецептов. Задание 18. Символ 18
,WORD,D10443,0,0,Память для хранения названий рецептов. Задание 18. Символ 19
,WORD,D10444,0,0,Память для хранения названий рецептов. Задание 18. Символ 20
,WORD,D10445,0,0,Память для хранения названий рецептов. Задание 18. Символ 21
,WORD,D10446,0,0,Память для хранения названий рецептов. Задание 18. Символ 22
,WORD,D10447,0,0,Память для хранения названий рецептов. Задание 18. Символ 23
,WORD,D10448,0,0,Память для хранения названий рецептов. Задание 18. Символ 24
,WORD,D10449,0,0,Память для хранения названий рецептов. Задание 18. Символ 25
,WORD,D10450,0,0,Память для хранения названий рецептов. Задание 19. Символ 1
,WORD,D10451,0,0,Память для хранения названий рецептов. Задание 19. Символ 2
,WORD,D10452,0,0,Память для хранения названий рецептов. Задание 19. Символ 3
,WORD,D10453,0,0,Память для хранения названий рецептов. Задание 19. Символ 4
,WORD,D10454,0,0,Память для хранения названий рецептов. Задание 19. Символ 5
,WORD,D10455,0,0,Память для хранения названий рецептов. Задание 19. Символ 6
,WORD,D10456,0,0,Память для хранения названий рецептов. Задание 19. Символ 7
,WORD,D10457,0,0,Память для хранения названий рецептов. Задание 19. Символ 8
,WORD,D10458,0,0,Память для хранения названий рецептов. Задание 19. Символ 9
,WORD,D10459,0,0,Память для хранения названий рецептов. Задание 19. Символ 10
,WORD,D10460,0,0,Память для хранения названий рецептов. Задание 19. Символ 11
,WORD,D10461,0,0,Память для хранения названий рецептов. Задание 19. Символ 12
,WORD,D10462,0,0,Память для хранения названий рецептов. Задание 19. Символ 13
,WORD,D10463,0,0,Память для хранения названий рецептов. Задание 19. Символ 14
,WORD,D10464,0,0,Память для хранения названий рецептов. Задание 19. Символ 15
,WORD,D10465,0,0,Память для хранения названий рецептов. Задание 19. Символ 16
,WORD,D10466,0,0,Память для хранения названий рецептов. Задание 19. Символ 17
,WORD,D10467,0,0,Память для хранения названий рецептов. Задание 19. Символ 18
,WORD,D10468,0,0,Память для хранения названий рецептов. Задание 19. Символ 19
,WORD,D10469,0,0,Память для хранения названий рецептов. Задание 19. Символ 20
,WORD,D10470,0,0,Память для хранения названий рецептов. Задание 19. Символ 21
,WORD,D10471,0,0,Память для хранения названий рецептов. Задание 19. Символ 22
,WORD,D10472,0,0,Память для хранения названий рецептов. Задание 19. Символ 23
,WORD,D10473,0,0,Память для хранения названий рецептов. Задание 19. Символ 24
,WORD,D10474,0,0,Память для хранения названий рецептов. Задание 19. Символ 25
,WORD,D10475,0,0,Память для хранения названий рецептов. Задание 20. Символ 1
,WORD,D10476,0,0,Память для хранения названий рецептов. Задание 20. Символ 2
,WORD,D10477,0,0,Память для хранения названий рецептов. Задание 20. Символ 3
,WORD,D10478,0,0,Память для хранения названий рецептов. Задание 20. Символ 4
,WORD,D10479,0,0,Память для хранения названий рецептов. Задание 20. Символ 5
,WORD,D10480,0,0,Память для хранения названий рецептов. Задание 20. Символ 6
,WORD,D10481,0,0,Память для хранения названий рецептов. Задание 20. Символ 7
,WORD,D10482,0,0,Память для хранения названий рецептов. Задание 20. Символ 8
,WORD,D10483,0,0,Память для хранения названий рецептов. Задание 20. Символ 9
,WORD,D10484,0,0,Память для хранения названий рецептов. Задание 20. Символ 10
,WORD,D10485,0,0,Память для хранения названий рецептов. Задание 20. Символ 11
,WORD,D10486,0,0,Память для хранения названий рецептов. Задание 20. Символ 12
,WORD,D10487,0,0,Память для хранения названий рецептов. Задание 20. Символ 13
,WORD,D10488,0,0,Память для хранения названий рецептов. Задание 20. Символ 14
,WORD,D10489,0,0,Память для хранения названий рецептов. Задание 20. Символ 15
,WORD,D10490,0,0,Память для хранения названий рецептов. Задание 20. Символ 16
,WORD,D10491,0,0,Память для хранения названий рецептов. Задание 20. Символ 17
,WORD,D10492,0,0,Память для хранения названий рецептов. Задание 20. Символ 18
,WORD,D10493,0,0,Память для хранения названий рецептов. Задание 20. Символ 19
,WORD,D10494,0,0,Память для хранения названий рецептов. Задание 20. Символ 20
,WORD,D10495,0,0,Память для хранения названий рецептов. Задание 20. Символ 21
,WORD,D10496,0,0,Память для хранения названий рецептов. Задание 20. Символ 22
,WORD,D10497,0,0,Память для хранения названий рецептов. Задание 20. Символ 23
,WORD,D10498,0,0,Память для хранения названий рецептов. Задание 20. Символ 24
,WORD,D10499,0,0,Память для хранения названий рецептов. Задание 20. Символ 25
,WORD,D10500,0,0,Память для хранения названий рецептов. Задание 21. Символ 1
,WORD,D10501,0,0,Память для хранения названий рецептов. Задание 21. Символ 2
,WORD,D10502,0,0,Память для хранения названий рецептов. Задание 21. Символ 3
,WORD,D10503,0,0,Память для хранения названий рецептов. Задание 21. Символ 4
,WORD,D10504,0,0,Память для хранения названий рецептов. Задание 21. Символ 5
,WORD,D10505,0,0,Память для хранения названий рецептов. Задание 21. Символ 6
,WORD,D10506,0,0,Память для хранения названий рецептов. Задание 21. Символ 7
,WORD,D10507,0,0,Память для хранения названий рецептов. Задание 21. Символ 8
,WORD,D10508,0,0,Память для хранения названий рецептов. Задание 21. Символ 9
,WORD,D10509,0,0,Память для хранения названий рецептов. Задание 21. Символ 10
,WORD,D10510,0,0,Память для хранения названий рецептов. Задание 21. Символ 11
,WORD,D10511,0,0,Память для хранения названий рецептов. Задание 21. Символ 12
,WORD,D10512,0,0,Память для хранения названий рецептов. Задание 21. Символ 13
,WORD,D10513,0,0,Память для хранения названий рецептов. Задание 21. Символ 14
,WORD,D10514,0,0,Память для хранения названий рецептов. Задание 21. Символ 15
,WORD,D10515,0,0,Память для хранения названий рецептов. Задание 21. Символ 16
,WORD,D10516,0,0,Память для хранения названий рецептов. Задание 21. Символ 17
,WORD,D10517,0,0,Память для хранения названий рецептов. Задание 21. Символ 18
,WORD,D10518,0,0,Память для хранения названий рецептов. Задание 21. Символ 19
,WORD,D10519,0,0,Память для хранения названий рецептов. Задание 21. Символ 20
,WORD,D10520,0,0,Память для хранения названий рецептов. Задание 21. Символ 21
,WORD,D10521,0,0,Память для хранения названий рецептов. Задание 21. Символ 22
,WORD,D10522,0,0,Память для хранения названий рецептов. Задание 21. Символ 23
,WORD,D10523,0,0,Память для хранения названий рецептов. Задание 21. Символ 24
,WORD,D10524,0,0,Память для хранения названий рецептов. Задание 21. Символ 25
,WORD,D10525,0,0,Память для хранения названий рецептов. Задание 22. Символ 1
,WORD,D10526,0,0,Память для хранения названий рецептов. Задание 22. Символ 2
,WORD,D10527,0,0,Память для хранения названий рецептов. Задание 22. Символ 3
,WORD,D10528,0,0,Память для хранения названий рецептов. Задание 22. Символ 4
,WORD,D10529,0,0,Память для хранения названий рецептов. Задание 22. Символ 5
,WORD,D10530,0,0,Память для хранения названий рецептов. Задание 22. Символ 6
,WORD,D10531,0,0,Память для хранения названий рецептов. Задание 22. Символ 7
,WORD,D10532,0,0,Память для хранения названий рецептов. Задание 22. Символ 8
,WORD,D10533,0,0,Память для хранения названий рецептов. Задание 22. Символ 9
,WORD,D10534,0,0,Память для хранения названий рецептов. Задание 22. Символ 10
,WORD,D10535,0,0,Память для хранения названий рецептов. Задание 22. Символ 11
,WORD,D10536,0,0,Память для хранения названий рецептов. Задание 22. Символ 12
,WORD,D10537,0,0,Память для хранения названий рецептов. Задание 22. Символ 13
,WORD,D10538,0,0,Память для хранения названий рецептов. Задание 22. Символ 14
,WORD,D10539,0,0,Память для хранения названий рецептов. Задание 22. Символ 15
,WORD,D10540,0,0,Память для хранения названий рецептов. Задание 22. Символ 16
,WORD,D10541,0,0,Память для хранения названий рецептов. Задание 22. Символ 17
,WORD,D10542,0,0,Память для хранения названий рецептов. Задание 22. Символ 18
,WORD,D10543,0,0,Память для хранения названий рецептов. Задание 22. Символ 19
,WORD,D10544,0,0,Память для хранения названий рецептов. Задание 22. Символ 20
,WORD,D10545,0,0,Память для хранения названий рецептов. Задание 22. Символ 21
,WORD,D10546,0,0,Память для хранения названий рецептов. Задание 22. Символ 22
,WORD,D10547,0,0,Память для хранения названий рецептов. Задание 22. Символ 23
,WORD,D10548,0,0,Память для хранения названий рецептов. Задание 22. Символ 24
,WORD,D10549,0,0,Память для хранения названий рецептов. Задание 22. Символ 25
,WORD,D10550,0,0,Память для хранения названий рецептов. Задание 23. Символ 1
,WORD,D10551,0,0,Память для хранения названий рецептов. Задание 23. Символ 2
,WORD,D10552,0,0,Память для хранения названий рецептов. Задание 23. Символ 3
,WORD,D10553,0,0,Память для хранения названий рецептов. Задание 23. Символ 4
,WORD,D10554,0,0,Память для хранения названий рецептов. Задание 23. Символ 5
,WORD,D10555,0,0,Память для хранения названий рецептов. Задание 23. Символ 6
,WORD,D10556,0,0,Память для хранения названий рецептов. Задание 23. Символ 7
,WORD,D10557,0,0,Память для хранения названий рецептов. Задание 23. Символ 8
,WORD,D10558,0,0,Память для хранения названий рецептов. Задание 23. Символ 9
,WORD,D10559,0,0,Память для хранения названий рецептов. Задание 23. Символ 10
,WORD,D10560,0,0,Память для хранения названий рецептов. Задание 23. Символ 11
,WORD,D10561,0,0,Память для хранения названий рецептов. Задание 23. Символ 12
,WORD,D10562,0,0,Память для хранения названий рецептов. Задание 23. Символ 13
,WORD,D10563,0,0,Память для хранения названий рецептов. Задание 23. Символ 14
,WORD,D10564,0,0,Память для хранения названий рецептов. Задание 23. Символ 15
,WORD,D10565,0,0,Память для хранения названий рецептов. Задание 23. Символ 16
,WORD,D10566,0,0,Память для хранения названий рецептов. Задание 23. Символ 17
,WORD,D10567,0,0,Память для хранения названий рецептов. Задание 23. Символ 18
,WORD,D10568,0,0,Память для хранения названий рецептов. Задание 23. Символ 19
,WORD,D10569,0,0,Память для хранения названий рецептов. Задание 23. Символ 20
,WORD,D10570,0,0,Память для хранения названий рецептов. Задание 23. Символ 21
,WORD,D10571,0,0,Память для хранения названий рецептов. Задание 23. Символ 22
,WORD,D10572,0,0,Память для хранения названий рецептов. Задание 23. Символ 23
,WORD,D10573,0,0,Память для хранения названий рецептов. Задание 23. Символ 24
,WORD,D10574,0,0,Память для хранения названий рецептов. Задание 23. Символ 25
,WORD,D10575,0,0,Память для хранения названий рецептов. Задание 24. Символ 1
,WORD,D10576,0,0,Память для хранения названий рецептов. Задание 24. Символ 2
,WORD,D10577,0,0,Память для хранения названий рецептов. Задание 24. Символ 3
,WORD,D10578,0,0,Память для хранения названий рецептов. Задание 24. Символ 4
,WORD,D10579,0,0,Память для хранения названий рецептов. Задание 24. Символ 5
,WORD,D10580,0,0,Память для хранения названий рецептов. Задание 24. Символ 6
,WORD,D10581,0,0,Память для хранения названий рецептов. Задание 24. Символ 7
,WORD,D10582,0,0,Память для хранения названий рецептов. Задание 24. Символ 8
,WORD,D10583,0,0,Память для хранения названий рецептов. Задание 24. Символ 9
,WORD,D10584,0,0,Память для хранения названий рецептов. Задание 24. Символ 10
,WORD,D10585,0,0,Память для хранения названий рецептов. Задание 24. Символ 11
,WORD,D10586,0,0,Память для хранения названий рецептов. Задание 24. Символ 12
,WORD,D10587,0,0,Память для хранения названий рецептов. Задание 24. Символ 13
,WORD,D10588,0,0,Память для хранения названий рецептов. Задание 24. Символ 14
,WORD,D10589,0,0,Память для хранения названий рецептов. Задание 24. Символ 15
,WORD,D10590,0,0,Память для хранения названий рецептов. Задание 24. Символ 16
,WORD,D10591,0,0,Память для хранения названий рецептов. Задание 24. Символ 17
,WORD,D10592,0,0,Память для хранения названий рецептов. Задание 24. Символ 18
,WORD,D10593,0,0,Память для хранения названий рецептов. Задание 24. Символ 19
,WORD,D10594,0,0,Память для хранения названий рецептов. Задание 24. Символ 20
,WORD,D10595,0,0,Память для хранения названий рецептов. Задание 24. Символ 21
,WORD,D10596,0,0,Память для хранения названий рецептов. Задание 24. Символ 22
,WORD,D10597,0,0,Память для хранения названий рецептов. Задание 24. Символ 23
,WORD,D10598,0,0,Память для хранения названий рецептов. Задание 24. Символ 24
,WORD,D10599,0,0,Память для хранения названий рецептов. Задание 24. Символ 25
,WORD,D10600,0,0,Память для хранения названий рецептов. Задание 25. Символ 1
,WORD,D10601,0,0,Память для хранения названий рецептов. Задание 25. Символ 2
,WORD,D10602,0,0,Память для хранения названий рецептов. Задание 25. Символ 3
,WORD,D10603,0,0,Память для хранения названий рецептов. Задание 25. Символ 4
,WORD,D10604,0,0,Память для хранения названий рецептов. Задание 25. Символ 5
,WORD,D10605,0,0,Память для хранения названий рецептов. Задание 25. Символ 6
,WORD,D10606,0,0,Память для хранения названий рецептов. Задание 25. Символ 7
,WORD,D10607,0,0,Память для хранения названий рецептов. Задание 25. Символ 8
,WORD,D10608,0,0,Память для хранения названий рецептов. Задание 25. Символ 9
,WORD,D10609,0,0,Память для хранения названий рецептов. Задание 25. Символ 10
,WORD,D10610,0,0,Память для хранения названий рецептов. Задание 25. Символ 11
,WORD,D10611,0,0,Память для хранения названий рецептов. Задание 25. Символ 12
,WORD,D10612,0,0,Память для хранения названий рецептов. Задание 25. Символ 13
,WORD,D10613,0,0,Память для хранения названий рецептов. Задание 25. Символ 14
,WORD,D10614,0,0,Память для хранения названий рецептов. Задание 25. Символ 15
,WORD,D10615,0,0,Память для хранения названий рецептов. Задание 25. Символ 16
,WORD,D10616,0,0,Память для хранения названий рецептов. Задание 25. Символ 17
,WORD,D10617,0,0,Память для хранения названий рецептов. Задание 25. Символ 18
,WORD,D10618,0,0,Память для хранения названий рецептов. Задание 25. Символ 19
,WORD,D10619,0,0,Память для хранения названий рецептов. Задание 25. Символ 20
,WORD,D10620,0,0,Память для хранения названий рецептов. Задание 25. Символ 21
,WORD,D10621,0,0,Память для хранения названий рецептов. Задание 25. Символ 22
,WORD,D10622,0,0,Память для хранения названий рецептов. Задание 25. Символ 23
,WORD,D10623,0,0,Память для хранения названий рецептов. Задание 25. Символ 24
,WORD,D10624,0,0,Память для хранения названий рецептов. Задание 25. Символ 25
,WORD,D10625,0,0,Память для хранения названий рецептов. Задание 26. Символ 1
,WORD,D10626,0,0,Память для хранения названий рецептов. Задание 26. Символ 2
,WORD,D10627,0,0,Память для хранения названий рецептов. Задание 26. Символ 3
,WORD,D10628,0,0,Память для хранения названий рецептов. Задание 26. Символ 4
,WORD,D10629,0,0,Память для хранения названий рецептов. Задание 26. Символ 5
,WORD,D10630,0,0,Память для хранения названий рецептов. Задание 26. Символ 6
,WORD,D10631,0,0,Память для хранения названий рецептов. Задание 26. Символ 7
,WORD,D10632,0,0,Память для хранения названий рецептов. Задание 26. Символ 8
,WORD,D10633,0,0,Память для хранения названий рецептов. Задание 26. Символ 9
,WORD,D10634,0,0,Память для хранения названий рецептов. Задание 26. Символ 10
,WORD,D10635,0,0,Память для хранения названий рецептов. Задание 26. Символ 11
,WORD,D10636,0,0,Память для хранения названий рецептов. Задание 26. Символ 12
,WORD,D10637,0,0,Память для хранения названий рецептов. Задание 26. Символ 13
,WORD,D10638,0,0,Память для хранения названий рецептов. Задание 26. Символ 14
,WORD,D10639,0,0,Память для хранения названий рецептов. Задание 26. Символ 15
,WORD,D10640,0,0,Память для хранения названий рецептов. Задание 26. Символ 16
,WORD,D10641,0,0,Память для хранения названий рецептов. Задание 26. Символ 17
,WORD,D10642,0,0,Память для хранения названий рецептов. Задание 26. Символ 18
,WORD,D10643,0,0,Память для хранения названий рецептов. Задание 26. Символ 19
,WORD,D10644,0,0,Память для хранения названий рецептов. Задание 26. Символ 20
,WORD,D10645,0,0,Память для хранения названий рецептов. Задание 26. Символ 21
,WORD,D10646,0,0,Память для хранения названий рецептов. Задание 26. Символ 22
,WORD,D10647,0,0,Память для хранения названий рецептов. Задание 26. Символ 23
,WORD,D10648,0,0,Память для хранения названий рецептов. Задание 26. Символ 24
,WORD,D10649,0,0,Память для хранения названий рецептов. Задание 26. Символ 25
,WORD,D10650,0,0,Память для хранения названий рецептов. Задание 27. Символ 1
,WORD,D10651,0,0,Память для хранения названий рецептов. Задание 27. Символ 2
,WORD,D10652,0,0,Память для хранения названий рецептов. Задание 27. Символ 3
,WORD,D10653,0,0,Память для хранения названий рецептов. Задание 27. Символ 4
,WORD,D10654,0,0,Память для хранения названий рецептов. Задание 27. Символ 5
,WORD,D10655,0,0,Память для хранения названий рецептов. Задание 27. Символ 6
,WORD,D10656,0,0,Память для хранения названий рецептов. Задание 27. Символ 7
,WORD,D10657,0,0,Память для хранения названий рецептов. Задание 27. Символ 8
,WORD,D10658,0,0,Память для хранения названий рецептов. Задание 27. Символ 9
,WORD,D10659,0,0,Память для хранения названий рецептов. Задание 27. Символ 10
,WORD,D10660,0,0,Память для хранения названий рецептов. Задание 27. Символ 11
,WORD,D10661,0,0,Память для хранения названий рецептов. Задание 27. Символ 12
,WORD,D10662,0,0,Память для хранения названий рецептов. Задание 27. Символ 13
,WORD,D10663,0,0,Память для хранения названий рецептов. Задание 27. Символ 14
,WORD,D10664,0,0,Память для хранения названий рецептов. Задание 27. Символ 15
,WORD,D10665,0,0,Память для хранения названий рецептов. Задание 27. Символ 16
,WORD,D10666,0,0,Память для хранения названий рецептов. Задание 27. Символ 17
,WORD,D10667,0,0,Память для хранения названий рецептов. Задание 27. Символ 18
,WORD,D10668,0,0,Память для хранения названий рецептов. Задание 27. Символ 19
,WORD,D10669,0,0,Память для хранения названий рецептов. Задание 27. Символ 20
,WORD,D10670,0,0,Память для хранения названий рецептов. Задание 27. Символ 21
,WORD,D10671,0,0,Память для хранения названий рецептов. Задание 27. Символ 22
,WORD,D10672,0,0,Память для хранения названий рецептов. Задание 27. Символ 23
,WORD,D10673,0,0,Память для хранения названий рецептов. Задание 27. Символ 24
,WORD,D10674,0,0,Память для хранения названий рецептов. Задание 27. Символ 25
,WORD,D10675,0,0,Память для хранения названий рецептов. Задание 28. Символ 1
,WORD,D10676,0,0,Память для хранения названий рецептов. Задание 28. Символ 2
,WORD,D10677,0,0,Память для хранения названий рецептов. Задание 28. Символ 3
,WORD,D10678,0,0,Память для хранения названий рецептов. Задание 28. Символ 4
,WORD,D10679,0,0,Память для хранения названий рецептов. Задание 28. Символ 5
,WORD,D10680,0,0,Память для хранения названий рецептов. Задание 28. Символ 6
,WORD,D10681,0,0,Память для хранения названий рецептов. Задание 28. Символ 7
,WORD,D10682,0,0,Память для хранения названий рецептов. Задание 28. Символ 8
,WORD,D10683,0,0,Память для хранения названий рецептов. Задание 28. Символ 9
,WORD,D10684,0,0,Память для хранения названий рецептов. Задание 28. Символ 10
,WORD,D10685,0,0,Память для хранения названий рецептов. Задание 28. Символ 11
,WORD,D10686,0,0,Память для хранения названий рецептов. Задание 28. Символ 12
,WORD,D10687,0,0,Память для хранения названий рецептов. Задание 28. Символ 13
,WORD,D10688,0,0,Память для хранения названий рецептов. Задание 28. Символ 14
,WORD,D10689,0,0,Память для хранения названий рецептов. Задание 28. Символ 15
,WORD,D10690,0,0,Память для хранения названий рецептов. Задание 28. Символ 16
,WORD,D10691,0,0,Память для хранения названий рецептов. Задание 28. Символ 17
,WORD,D10692,0,0,Память для хранения названий рецептов. Задание 28. Символ 18
,WORD,D10693,0,0,Память для хранения названий рецептов. Задание 28. Символ 19
,WORD,D10694,0,0,Память для хранения названий рецептов. Задание 28. Символ 20
,WORD,D10695,0,0,Память для хранения названий рецептов. Задание 28. Символ 21
,WORD,D10696,0,0,Память для хранения названий рецептов. Задание 28. Символ 22
,WORD,D10697,0,0,Память для хранения названий рецептов. Задание 28. Символ 23
,WORD,D10698,0,0,Память для хранения названий рецептов. Задание 28. Символ 24
,WORD,D10699,0,0,Память для хранения названий рецептов. Задание 28. Символ 25
,WORD,D10700,0,0,Память для хранения названий рецептов. Задание 29. Символ 1
,WORD,D10701,0,0,Память для хранения названий рецептов. Задание 29. Символ 2
,WORD,D10702,0,0,Память для хранения названий рецептов. Задание 29. Символ 3
,WORD,D10703,0,0,Память для хранения названий рецептов. Задание 29. Символ 4
,WORD,D10704,0,0,Память для хранения названий рецептов. Задание 29. Символ 5
,WORD,D10705,0,0,Память для хранения названий рецептов. Задание 29. Символ 6
,WORD,D10706,0,0,Память для хранения названий рецептов. Задание 29. Символ 7
,WORD,D10707,0,0,Память для хранения названий рецептов. Задание 29. Символ 8
,WORD,D10708,0,0,Память для хранения названий рецептов. Задание 29. Символ 9
,WORD,D10709,0,0,Память для хранения названий рецептов. Задание 29. Символ 10
,WORD,D10710,0,0,Память для хранения названий рецептов. Задание 29. Символ 11
,WORD,D10711,0,0,Память для хранения названий рецептов. Задание 29. Символ 12
,WORD,D10712,0,0,Память для хранения названий рецептов. Задание 29. Символ 13
,WORD,D10713,0,0,Память для хранения названий рецептов. Задание 29. Символ 14
,WORD,D10714,0,0,Память для хранения названий рецептов. Задание 29. Символ 15
,WORD,D10715,0,0,Память для хранения названий рецептов. Задание 29. Символ 16
,WORD,D10716,0,0,Память для хранения названий рецептов. Задание 29. Символ 17
,WORD,D10717,0,0,Память для хранения названий рецептов. Задание 29. Символ 18
,WORD,D10718,0,0,Память для хранения названий рецептов. Задание 29. Символ 19
,WORD,D10719,0,0,Память для хранения названий рецептов. Задание 29. Символ 20
,WORD,D10720,0,0,Память для хранения названий рецептов. Задание 29. Символ 21
,WORD,D10721,0,0,Память для хранения названий рецептов. Задание 29. Символ 22
,WORD,D10722,0,0,Память для хранения названий рецептов. Задание 29. Символ 23
,WORD,D10723,0,0,Память для хранения названий рецептов. Задание 29. Символ 24
,WORD,D10724,0,0,Память для хранения названий рецептов. Задание 29. Символ 25
,WORD,D10725,0,0,Память для хранения названий рецептов. Задание 30. Символ 1
,WORD,D10726,0,0,Память для хранения названий рецептов. Задание 30. Символ 2
,WORD,D10727,0,0,Память для хранения названий рецептов. Задание 30. Символ 3
,WORD,D10728,0,0,Память для хранения названий рецептов. Задание 30. Символ 4
,WORD,D10729,0,0,Память для хранения названий рецептов. Задание 30. Символ 5
,WORD,D10730,0,0,Память для хранения названий рецептов. Задание 30. Символ 6
,WORD,D10731,0,0,Память для хранения названий рецептов. Задание 30. Символ 7
,WORD,D10732,0,0,Память для хранения названий рецептов. Задание 30. Символ 8
,WORD,D10733,0,0,Память для хранения названий рецептов. Задание 30. Символ 9
,WORD,D10734,0,0,Память для хранения названий рецептов. Задание 30. Символ 10
,WORD,D10735,0,0,Память для хранения названий рецептов. Задание 30. Символ 11
,WORD,D10736,0,0,Память для хранения названий рецептов. Задание 30. Символ 12
,WORD,D10737,0,0,Память для хранения названий рецептов. Задание 30. Символ 13
,WORD,D10738,0,0,Память для хранения названий рецептов. Задание 30. Символ 14
,WORD,D10739,0,0,Память для хранения названий рецептов. Задание 30. Символ 15
,WORD,D10740,0,0,Память для хранения названий рецептов. Задание 30. Символ 16
,WORD,D10741,0,0,Память для хранения названий рецептов. Задание 30. Символ 17
,WORD,D10742,0,0,Память для хранения названий рецептов. Задание 30. Символ 18
,WORD,D10743,0,0,Память для хранения названий рецептов. Задание 30. Символ 19
,WORD,D10744,0,0,Память для хранения названий рецептов. Задание 30. Символ 20
,WORD,D10745,0,0,Память для хранения названий рецептов. Задание 30. Символ 21
,WORD,D10746,0,0,Память для хранения названий рецептов. Задание 30. Символ 22
,WORD,D10747,0,0,Память для хранения названий рецептов. Задание 30. Символ 23
,WORD,D10748,0,0,Память для хранения названий рецептов. Задание 30. Символ 24
,WORD,D10749,0,0,Память для хранения названий рецептов. Задание 30. Символ 25
,WORD,D10750,0,0,Память для хранения названий рецептов. Задание 31. Символ 1
,WORD,D10751,0,0,Память для хранения названий рецептов. Задание 31. Символ 2
,WORD,D10752,0,0,Память для хранения названий рецептов. Задание 31. Символ 3
,WORD,D10753,0,0,Память для хранения названий рецептов. Задание 31. Символ 4
,WORD,D10754,0,0,Память для хранения названий рецептов. Задание 31. Символ 5
,WORD,D10755,0,0,Память для хранения названий рецептов. Задание 31. Символ 6
,WORD,D10756,0,0,Память для хранения названий рецептов. Задание 31. Символ 7
,WORD,D10757,0,0,Память для хранения названий рецептов. Задание 31. Символ 8
,WORD,D10758,0,0,Память для хранения названий рецептов. Задание 31. Символ 9
,WORD,D10759,0,0,Память для хранения названий рецептов. Задание 31. Символ 10
,WORD,D10760,0,0,Память для хранения названий рецептов. Задание 31. Символ 11
,WORD,D10761,0,0,Память для хранения названий рецептов. Задание 31. Символ 12
,WORD,D10762,0,0,Память для хранения названий рецептов. Задание 31. Символ 13
,WORD,D10763,0,0,Память для хранения названий рецептов. Задание 31. Символ 14
,WORD,D10764,0,0,Память для хранения названий рецептов. Задание 31. Символ 15
,WORD,D10765,0,0,Память для хранения названий рецептов. Задание 31. Символ 16
,WORD,D10766,0,0,Память для хранения названий рецептов. Задание 31. Символ 17
,WORD,D10767,0,0,Память для хранения названий рецептов. Задание 31. Символ 18
,WORD,D10768,0,0,Память для хранения названий рецептов. Задание 31. Символ 19
,WORD,D10769,0,0,Память для хранения названий рецептов. Задание 31. Символ 20
,WORD,D10770,0,0,Память для хранения названий рецептов. Задание 31. Символ 21
,WORD,D10771,0,0,Память для хранения названий рецептов. Задание 31. Символ 22
,WORD,D10772,0,0,Память для хранения названий рецептов. Задание 31. Символ 23
,WORD,D10773,0,0,Память для хранения названий рецептов. Задание 31. Символ 24
,WORD,D10774,0,0,Память для хранения названий рецептов. Задание 31. Символ 25
,WORD,D10775,0,0,Память для хранения названий рецептов. Задание 32. Символ 1
,WORD,D10776,0,0,Память для хранения названий рецептов. Задание 32. Символ 2
,WORD,D10777,0,0,Память для хранения названий рецептов. Задание 32. Символ 3
,WORD,D10778,0,0,Память для хранения названий рецептов. Задание 32. Символ 4
,WORD,D10779,0,0,Память для хранения названий рецептов. Задание 32. Символ 5
,WORD,D10780,0,0,Память для хранения названий рецептов. Задание 32. Символ 6
,WORD,D10781,0,0,Память для хранения названий рецептов. Задание 32. Символ 7
,WORD,D10782,0,0,Память для хранения названий рецептов. Задание 32. Символ 8
,WORD,D10783,0,0,Память для хранения названий рецептов. Задание 32. Символ 9
,WORD,D10784,0,0,Память для хранения названий рецептов. Задание 32. Символ 10
,WORD,D10785,0,0,Память для хранения названий рецептов. Задание 32. Символ 11
,WORD,D10786,0,0,Память для хранения названий рецептов. Задание 32. Символ 12
,WORD,D10787,0,0,Память для хранения названий рецептов. Задание 32. Символ 13
,WORD,D10788,0,0,Память для хранения названий рецептов. Задание 32. Символ 14
,WORD,D10789,0,0,Память для хранения названий рецептов. Задание 32. Символ 15
,WORD,D10790,0,0,Память для хранения названий рецептов. Задание 32. Символ 16
,WORD,D10791,0,0,Память для хранения названий рецептов. Задание 32. Символ 17
,WORD,D10792,0,0,Память для хранения названий рецептов. Задание 32. Символ 18
,WORD,D10793,0,0,Память для хранения названий рецептов. Задание 32. Символ 19
,WORD,D10794,0,0,Память для хранения названий рецептов. Задание 32. Символ 20
,WORD,D10795,0,0,Память для хранения названий рецептов. Задание 32. Символ 21
,WORD,D10796,0,0,Память для хранения названий рецептов. Задание 32. Символ 22
,WORD,D10797,0,0,Память для хранения названий рецептов. Задание 32. Символ 23
,WORD,D10798,0,0,Память для хранения названий рецептов. Задание 32. Символ 24
,WORD,D10799,0,0,Память для хранения названий рецептов. Задание 32. Символ 25
,WORD,D10800,0,0,Память для хранения названий рецептов. Задание 33. Символ 1
,WORD,D10801,0,0,Память для хранения названий рецептов. Задание 33. Символ 2
,WORD,D10802,0,0,Память для хранения названий рецептов. Задание 33. Символ 3
,WORD,D10803,0,0,Память для хранения названий рецептов. Задание 33. Символ 4
,WORD,D10804,0,0,Память для хранения названий рецептов. Задание 33. Символ 5
,WORD,D10805,0,0,Память для хранения названий рецептов. Задание 33. Символ 6
,WORD,D10806,0,0,Память для хранения названий рецептов. Задание 33. Символ 7
,WORD,D10807,0,0,Память для хранения названий рецептов. Задание 33. Символ 8
,WORD,D10808,0,0,Память для хранения названий рецептов. Задание 33. Символ 9
,WORD,D10809,0,0,Память для хранения названий рецептов. Задание 33. Символ 10
,WORD,D10810,0,0,Память для хранения названий рецептов. Задание 33. Символ 11
,WORD,D10811,0,0,Память для хранения названий рецептов. Задание 33. Символ 12
,WORD,D10812,0,0,Память для хранения названий рецептов. Задание 33. Символ 13
,WORD,D10813,0,0,Память для хранения названий рецептов. Задание 33. Символ 14
,WORD,D10814,0,0,Память для хранения названий рецептов. Задание 33. Символ 15
,WORD,D10815,0,0,Память для хранения названий рецептов. Задание 33. Символ 16
,WORD,D10816,0,0,Память для хранения названий рецептов. Задание 33. Символ 17
,WORD,D10817,0,0,Память для хранения названий рецептов. Задание 33. Символ 18
,WORD,D10818,0,0,Память для хранения названий рецептов. Задание 33. Символ 19
,WORD,D10819,0,0,Память для хранения названий рецептов. Задание 33. Символ 20
,WORD,D10820,0,0,Память для хранения названий рецептов. Задание 33. Символ 21
,WORD,D10821,0,0,Память для хранения названий рецептов. Задание 33. Символ 22
,WORD,D10822,0,0,Память для хранения названий рецептов. Задание 33. Символ 23
,WORD,D10823,0,0,Память для хранения названий рецептов. Задание 33. Символ 24
,WORD,D10824,0,0,Память для хранения названий рецептов. Задание 33. Символ 25
,WORD,D10825,0,0,Память для хранения названий рецептов. Задание 34. Символ 1
,WORD,D10826,0,0,Память для хранения названий рецептов. Задание 34. Символ 2
,WORD,D10827,0,0,Память для хранения названий рецептов. Задание 34. Символ 3
,WORD,D10828,0,0,Память для хранения названий рецептов. Задание 34. Символ 4
,WORD,D10829,0,0,Память для хранения названий рецептов. Задание 34. Символ 5
,WORD,D10830,0,0,Память для хранения названий рецептов. Задание 34. Символ 6
,WORD,D10831,0,0,Память для хранения названий рецептов. Задание 34. Символ 7
,WORD,D10832,0,0,Память для хранения названий рецептов. Задание 34. Символ 8
,WORD,D10833,0,0,Память для хранения названий рецептов. Задание 34. Символ 9
,WORD,D10834,0,0,Память для хранения названий рецептов. Задание 34. Символ 10
,WORD,D10835,0,0,Память для хранения названий рецептов. Задание 34. Символ 11
,WORD,D10836,0,0,Память для хранения названий рецептов. Задание 34. Символ 12
,WORD,D10837,0,0,Память для хранения названий рецептов. Задание 34. Символ 13
,WORD,D10838,0,0,Память для хранения названий рецептов. Задание 34. Символ 14
,WORD,D10839,0,0,Память для хранения названий рецептов. Задание 34. Символ 15
,WORD,D10840,0,0,Память для хранения названий рецептов. Задание 34. Символ 16
,WORD,D10841,0,0,Память для хранения названий рецептов. Задание 34. Символ 17
,WORD,D10842,0,0,Память для хранения названий рецептов. Задание 34. Символ 18
,WORD,D10843,0,0,Память для хранения названий рецептов. Задание 34. Символ 19
,WORD,D10844,0,0,Память для хранения названий рецептов. Задание 34. Символ 20
,WORD,D10845,0,0,Память для хранения названий рецептов. Задание 34. Символ 21
,WORD,D10846,0,0,Память для хранения названий рецептов. Задание 34. Символ 22
,WORD,D10847,0,0,Память для хранения названий рецептов. Задание 34. Символ 23
,WORD,D10848,0,0,Память для хранения названий рецептов. Задание 34. Символ 24
,WORD,D10849,0,0,Память для хранения названий рецептов. Задание 34. Символ 25
,WORD,D10850,0,0,Память для хранения названий рецептов. Задание 35. Символ 1
,WORD,D10851,0,0,Память для хранения названий рецептов. Задание 35. Символ 2
,WORD,D10852,0,0,Память для хранения названий рецептов. Задание 35. Символ 3
,WORD,D10853,0,0,Память для хранения названий рецептов. Задание 35. Символ 4
,WORD,D10854,0,0,Память для хранения названий рецептов. Задание 35. Символ 5
,WORD,D10855,0,0,Память для хранения названий рецептов. Задание 35. Символ 6
,WORD,D10856,0,0,Память для хранения названий рецептов. Задание 35. Символ 7
,WORD,D10857,0,0,Память для хранения названий рецептов. Задание 35. Символ 8
,WORD,D10858,0,0,Память для хранения названий рецептов. Задание 35. Символ 9
,WORD,D10859,0,0,Память для хранения названий рецептов. Задание 35. Символ 10
,WORD,D10860,0,0,Память для хранения названий рецептов. Задание 35. Символ 11
,WORD,D10861,0,0,Память для хранения названий рецептов. Задание 35. Символ 12
,WORD,D10862,0,0,Память для хранения названий рецептов. Задание 35. Символ 13
,WORD,D10863,0,0,Память для хранения названий рецептов. Задание 35. Символ 14
,WORD,D10864,0,0,Память для хранения названий рецептов. Задание 35. Символ 15
,WORD,D10865,0,0,Память для хранения названий рецептов. Задание 35. Символ 16
,WORD,D10866,0,0,Память для хранения названий рецептов. Задание 35. Символ 17
,WORD,D10867,0,0,Память для хранения названий рецептов. Задание 35. Символ 18
,WORD,D10868,0,0,Память для хранения названий рецептов. Задание 35. Символ 19
,WORD,D10869,0,0,Память для хранения названий рецептов. Задание 35. Символ 20
,WORD,D10870,0,0,Память для хранения названий рецептов. Задание 35. Символ 21
,WORD,D10871,0,0,Память для хранения названий рецептов. Задание 35. Символ 22
,WORD,D10872,0,0,Память для хранения названий рецептов. Задание 35. Символ 23
,WORD,D10873,0,0,Память для хранения названий рецептов. Задание 35. Символ 24
,WORD,D10874,0,0,Память для хранения названий рецептов. Задание 35. Символ 25
,WORD,D10875,0,0,Память для хранения названий рецептов. Задание 36. Символ 1
,WORD,D10876,0,0,Память для хранения названий рецептов. Задание 36. Символ 2
,WORD,D10877,0,0,Память для хранения названий рецептов. Задание 36. Символ 3
,WORD,D10878,0,0,Память для хранения названий рецептов. Задание 36. Символ 4
,WORD,D10879,0,0,Память для хранения названий рецептов. Задание 36. Символ 5
,WORD,D10880,0,0,Память для хранения названий рецептов. Задание 36. Символ 6
,WORD,D10881,0,0,Память для хранения названий рецептов. Задание 36. Символ 7
,WORD,D10882,0,0,Память для хранения названий рецептов. Задание 36. Символ 8
,WORD,D10883,0,0,Память для хранения названий рецептов. Задание 36. Символ 9
,WORD,D10884,0,0,Память для хранения названий рецептов. Задание 36. Символ 10
,WORD,D10885,0,0,Память для хранения названий рецептов. Задание 36. Символ 11
,WORD,D10886,0,0,Память для хранения названий рецептов. Задание 36. Символ 12
,WORD,D10887,0,0,Память для хранения названий рецептов. Задание 36. Символ 13
,WORD,D10888,0,0,Память для хранения названий рецептов. Задание 36. Символ 14
,WORD,D10889,0,0,Память для хранения названий рецептов. Задание 36. Символ 15
,WORD,D10890,0,0,Память для хранения названий рецептов. Задание 36. Символ 16
,WORD,D10891,0,0,Память для хранения названий рецептов. Задание 36. Символ 17
,WORD,D10892,0,0,Память для хранения названий рецептов. Задание 36. Символ 18
,WORD,D10893,0,0,Память для хранения названий рецептов. Задание 36. Символ 19
,WORD,D10894,0,0,Память для хранения названий рецептов. Задание 36. Символ 20
,WORD,D10895,0,0,Память для хранения названий рецептов. Задание 36. Символ 21
,WORD,D10896,0,0,Память для хранения названий рецептов. Задание 36. Символ 22
,WORD,D10897,0,0,Память для хранения названий рецептов. Задание 36. Символ 23
,WORD,D10898,0,0,Память для хранения названий рецептов. Задание 36. Символ 24
,WORD,D10899,0,0,Память для хранения названий рецептов. Задание 36. Символ 25
,WORD,D10900,0,0,Память для хранения названий рецептов. Задание 37. Символ 1
,WORD,D10901,0,0,Память для хранения названий рецептов. Задание 37. Символ 2
,WORD,D10902,0,0,Память для хранения названий рецептов. Задание 37. Символ 3
,WORD,D10903,0,0,Память для хранения названий рецептов. Задание 37. Символ 4
,WORD,D10904,0,0,Память для хранения названий рецептов. Задание 37. Символ 5
,WORD,D10905,0,0,Память для хранения названий рецептов. Задание 37. Символ 6
,WORD,D10906,0,0,Память для хранения названий рецептов. Задание 37. Символ 7
,WORD,D10907,0,0,Память для хранения названий рецептов. Задание 37. Символ 8
,WORD,D10908,0,0,Память для хранения названий рецептов. Задание 37. Символ 9
,WORD,D10909,0,0,Память для хранения названий рецептов. Задание 37. Символ 10
,WORD,D10910,0,0,Память для хранения названий рецептов. Задание 37. Символ 11
,WORD,D10911,0,0,Память для хранения названий рецептов. Задание 37. Символ 12
,WORD,D10912,0,0,Память для хранения названий рецептов. Задание 37. Символ 13
,WORD,D10913,0,0,Память для хранения названий рецептов. Задание 37. Символ 14
,WORD,D10914,0,0,Память для хранения названий рецептов. Задание 37. Символ 15
,WORD,D10915,0,0,Память для хранения названий рецептов. Задание 37. Символ 16
,WORD,D10916,0,0,Память для хранения названий рецептов. Задание 37. Символ 17
,WORD,D10917,0,0,Память для хранения названий рецептов. Задание 37. Символ 18
,WORD,D10918,0,0,Память для хранения названий рецептов. Задание 37. Символ 19
,WORD,D10919,0,0,Память для хранения названий рецептов. Задание 37. Символ 20
,WORD,D10920,0,0,Память для хранения названий рецептов. Задание 37. Символ 21
,WORD,D10921,0,0,Память для хранения названий рецептов. Задание 37. Символ 22
,WORD,D10922,0,0,Память для хранения названий рецептов. Задание 37. Символ 23
,WORD,D10923,0,0,Память для хранения названий рецептов. Задание 37. Символ 24
,WORD,D10924,0,0,Память для хранения названий рецептов. Задание 37. Символ 25
,WORD,D10925,0,0,Память для хранения названий рецептов. Задание 38. Символ 1
,WORD,D10926,0,0,Память для хранения названий рецептов. Задание 38. Символ 2
,WORD,D10927,0,0,Память для хранения названий рецептов. Задание 38. Символ 3
,WORD,D10928,0,0,Память для хранения названий рецептов. Задание 38. Символ 4
,WORD,D10929,0,0,Память для хранения названий рецептов. Задание 38. Символ 5
,WORD,D10930,0,0,Память для хранения названий рецептов. Задание 38. Символ 6
,WORD,D10931,0,0,Память для хранения названий рецептов. Задание 38. Символ 7
,WORD,D10932,0,0,Память для хранения названий рецептов. Задание 38. Символ 8
,WORD,D10933,0,0,Память для хранения названий рецептов. Задание 38. Символ 9
,WORD,D10934,0,0,Память для хранения названий рецептов. Задание 38. Символ 10
,WORD,D10935,0,0,Память для хранения названий рецептов. Задание 38. Символ 11
,WORD,D10936,0,0,Память для хранения названий рецептов. Задание 38. Символ 12
,WORD,D10937,0,0,Память для хранения названий рецептов. Задание 38. Символ 13
,WORD,D10938,0,0,Память для хранения названий рецептов. Задание 38. Символ 14
,WORD,D10939,0,0,Память для хранения названий рецептов. Задание 38. Символ 15
,WORD,D10940,0,0,Память для хранения названий рецептов. Задание 38. Символ 16
,WORD,D10941,0,0,Память для хранения названий рецептов. Задание 38. Символ 17
,WORD,D10942,0,0,Память для хранения названий рецептов. Задание 38. Символ 18
,WORD,D10943,0,0,Память для хранения названий рецептов. Задание 38. Символ 19
,WORD,D10944,0,0,Память для хранения названий рецептов. Задание 38. Символ 20
,WORD,D10945,0,0,Память для хранения названий рецептов. Задание 38. Символ 21
,WORD,D10946,0,0,Память для хранения названий рецептов. Задание 38. Символ 22
,WORD,D10947,0,0,Память для хранения названий рецептов. Задание 38. Символ 23
,WORD,D10948,0,0,Память для хранения названий рецептов. Задание 38. Символ 24
,WORD,D10949,0,0,Память для хранения названий рецептов. Задание 38. Символ 25
,WORD,D10950,0,0,Память для хранения названий рецептов. Задание 39. Символ 1
,WORD,D10951,0,0,Память для хранения названий рецептов. Задание 39. Символ 2
,WORD,D10952,0,0,Память для хранения названий рецептов. Задание 39. Символ 3
,WORD,D10953,0,0,Память для хранения названий рецептов. Задание 39. Символ 4
,WORD,D10954,0,0,Память для хранения названий рецептов. Задание 39. Символ 5
,WORD,D10955,0,0,Память для хранения названий рецептов. Задание 39. Символ 6
,WORD,D10956,0,0,Память для хранения названий рецептов. Задание 39. Символ 7
,WORD,D10957,0,0,Память для хранения названий рецептов. Задание 39. Символ 8
,WORD,D10958,0,0,Память для хранения названий рецептов. Задание 39. Символ 9
,WORD,D10959,0,0,Память для хранения названий рецептов. Задание 39. Символ 10
,WORD,D10960,0,0,Память для хранения названий рецептов. Задание 39. Символ 11
,WORD,D10961,0,0,Память для хранения названий рецептов. Задание 39. Символ 12
,WORD,D10962,0,0,Память для хранения названий рецептов. Задание 39. Символ 13
,WORD,D10963,0,0,Память для хранения названий рецептов. Задание 39. Символ 14
,WORD,D10964,0,0,Память для хранения названий рецептов. Задание 39. Символ 15
,WORD,D10965,0,0,Память для хранения названий рецептов. Задание 39. Символ 16
,WORD,D10966,0,0,Память для хранения названий рецептов. Задание 39. Символ 17
,WORD,D10967,0,0,Память для хранения названий рецептов. Задание 39. Символ 18
,WORD,D10968,0,0,Память для хранения названий рецептов. Задание 39. Символ 19
,WORD,D10969,0,0,Память для хранения названий рецептов. Задание 39. Символ 20
,WORD,D10970,0,0,Память для хранения названий рецептов. Задание 39. Символ 21
,WORD,D10971,0,0,Память для хранения названий рецептов. Задание 39. Символ 22
,WORD,D10972,0,0,Память для хранения названий рецептов. Задание 39. Символ 23
,WORD,D10973,0,0,Память для хранения названий рецептов. Задание 39. Символ 24
,WORD,D10974,0,0,Память для хранения названий рецептов. Задание 39. Символ 25
,WORD,D10975,0,0,Память для хранения названий рецептов. Задание 40. Символ 1
,WORD,D10976,0,0,Память для хранения названий рецептов. Задание 40. Символ 2
,WORD,D10977,0,0,Память для хранения названий рецептов. Задание 40. Символ 3
,WORD,D10978,0,0,Память для хранения названий рецептов. Задание 40. Символ 4
,WORD,D10979,0,0,Память для хранения названий рецептов. Задание 40. Символ 5
,WORD,D10980,0,0,Память для хранения названий рецептов. Задание 40. Символ 6
,WORD,D10981,0,0,Память для хранения названий рецептов. Задание 40. Символ 7
,WORD,D10982,0,0,Память для хранения названий рецептов. Задание 40. Символ 8
,WORD,D10983,0,0,Память для хранения названий рецептов. Задание 40. Символ 9
,WORD,D10984,0,0,Память для хранения названий рецептов. Задание 40. Символ 10
,WORD,D10985,0,0,Память для хранения названий рецептов. Задание 40. Символ 11
,WORD,D10986,0,0,Память для хранения названий рецептов. Задание 40. Символ 12
,WORD,D10987,0,0,Память для хранения названий рецептов. Задание 40. Символ 13
,WORD,D10988,0,0,Память для хранения названий рецептов. Задание 40. Символ 14
,WORD,D10989,0,0,Память для хранения названий рецептов. Задание 40. Символ 15
,WORD,D10990,0,0,Память для хранения названий рецептов. Задание 40. Символ 16
,WORD,D10991,0,0,Память для хранения названий рецептов. Задание 40. Символ 17
,WORD,D10992,0,0,Память для хранения названий рецептов. Задание 40. Символ 18
,WORD,D10993,0,0,Память для хранения названий рецептов. Задание 40. Символ 19
,WORD,D10994,0,0,Память для хранения названий рецептов. Задание 40. Символ 20
,WORD,D10995,0,0,Память для хранения названий рецептов. Задание 40. Символ 21
,WORD,D10996,0,0,Память для хранения названий рецептов. Задание 40. Символ 22
,WORD,D10997,0,0,Память для хранения названий рецептов. Задание 40. Символ 23
,WORD,D10998,0,0,Память для хранения названий рецептов. Задание 40. Символ 24
,WORD,D10999,0,0,Память для хранения названий рецептов. Задание 40. Символ 25
,WORD,D11000,0,0,Память для хранения названий рецептов. Задание 41. Символ 1
,WORD,D11001,0,0,Память для хранения названий рецептов. Задание 41. Символ 2
,WORD,D11002,0,0,Память для хранения названий рецептов. Задание 41. Символ 3
,WORD,D11003,0,0,Память для хранения названий рецептов. Задание 41. Символ 4
,WORD,D11004,0,0,Память для хранения названий рецептов. Задание 41. Символ 5
,WORD,D11005,0,0,Память для хранения названий рецептов. Задание 41. Символ 6
,WORD,D11006,0,0,Память для хранения названий рецептов. Задание 41. Символ 7
,WORD,D11007,0,0,Память для хранения названий рецептов. Задание 41. Символ 8
,WORD,D11008,0,0,Память для хранения названий рецептов. Задание 41. Символ 9
,WORD,D11009,0,0,Память для хранения названий рецептов. Задание 41. Символ 10
,WORD,D11010,0,0,Память для хранения названий рецептов. Задание 41. Символ 11
,WORD,D11011,0,0,Память для хранения названий рецептов. Задание 41. Символ 12
,WORD,D11012,0,0,Память для хранения названий рецептов. Задание 41. Символ 13
,WORD,D11013,0,0,Память для хранения названий рецептов. Задание 41. Символ 14
,WORD,D11014,0,0,Память для хранения названий рецептов. Задание 41. Символ 15
,WORD,D11015,0,0,Память для хранения названий рецептов. Задание 41. Символ 16
,WORD,D11016,0,0,Память для хранения названий рецептов. Задание 41. Символ 17
,WORD,D11017,0,0,Память для хранения названий рецептов. Задание 41. Символ 18
,WORD,D11018,0,0,Память для хранения названий рецептов. Задание 41. Символ 19
,WORD,D11019,0,0,Память для хранения названий рецептов. Задание 41. Символ 20
,WORD,D11020,0,0,Память для хранения названий рецептов. Задание 41. Символ 21
,WORD,D11021,0,0,Память для хранения названий рецептов. Задание 41. Символ 22
,WORD,D11022,0,0,Память для хранения названий рецептов. Задание 41. Символ 23
,WORD,D11023,0,0,Память для хранения названий рецептов. Задание 41. Символ 24
,WORD,D11024,0,0,Память для хранения названий рецептов. Задание 41. Символ 25
,WORD,D11025,0,0,Память для хранения названий рецептов. Задание 42. Символ 1
,WORD,D11026,0,0,Память для хранения названий рецептов. Задание 42. Символ 2
,WORD,D11027,0,0,Память для хранения названий рецептов. Задание 42. Символ 3
,WORD,D11028,0,0,Память для хранения названий рецептов. Задание 42. Символ 4
,WORD,D11029,0,0,Память для хранения названий рецептов. Задание 42. Символ 5
,WORD,D11030,0,0,Память для хранения названий рецептов. Задание 42. Символ 6
,WORD,D11031,0,0,Память для хранения названий рецептов. Задание 42. Символ 7
,WORD,D11032,0,0,Память для хранения названий рецептов. Задание 42. Символ 8
,WORD,D11033,0,0,Память для хранения названий рецептов. Задание 42. Символ 9
,WORD,D11034,0,0,Память для хранения названий рецептов. Задание 42. Символ 10
,WORD,D11035,0,0,Память для хранения названий рецептов. Задание 42. Символ 11
,WORD,D11036,0,0,Память для хранения названий рецептов. Задание 42. Символ 12
,WORD,D11037,0,0,Память для хранения названий рецептов. Задание 42. Символ 13
,WORD,D11038,0,0,Память для хранения названий рецептов. Задание 42. Символ 14
,WORD,D11039,0,0,Память для хранения названий рецептов. Задание 42. Символ 15
,WORD,D11040,0,0,Память для хранения названий рецептов. Задание 42. Символ 16
,WORD,D11041,0,0,Память для хранения названий рецептов. Задание 42. Символ 17
,WORD,D11042,0,0,Память для хранения названий рецептов. Задание 42. Символ 18
,WORD,D11043,0,0,Память для хранения названий рецептов. Задание 42. Символ 19
,WORD,D11044,0,0,Память для хранения названий рецептов. Задание 42. Символ 20
,WORD,D11045,0,0,Память для хранения названий рецептов. Задание 42. Символ 21
,WORD,D11046,0,0,Память для хранения названий рецептов. Задание 42. Символ 22
,WORD,D11047,0,0,Память для хранения названий рецептов. Задание 42. Символ 23
,WORD,D11048,0,0,Память для хранения названий рецептов. Задание 42. Символ 24
,WORD,D11049,0,0,Память для хранения названий рецептов. Задание 42. Символ 25
,WORD,D11050,0,0,Память для хранения названий рецептов. Задание 43. Символ 1
,WORD,D11051,0,0,Память для хранения названий рецептов. Задание 43. Символ 2
,WORD,D11052,0,0,Память для хранения названий рецептов. Задание 43. Символ 3
,WORD,D11053,0,0,Память для хранения названий рецептов. Задание 43. Символ 4
,WORD,D11054,0,0,Память для хранения названий рецептов. Задание 43. Символ 5
,WORD,D11055,0,0,Память для хранения названий рецептов. Задание 43. Символ 6
,WORD,D11056,0,0,Память для хранения названий рецептов. Задание 43. Символ 7
,WORD,D11057,0,0,Память для хранения названий рецептов. Задание 43. Символ 8
,WORD,D11058,0,0,Память для хранения названий рецептов. Задание 43. Символ 9
,WORD,D11059,0,0,Память для хранения названий рецептов. Задание 43. Символ 10
,WORD,D11060,0,0,Память для хранения названий рецептов. Задание 43. Символ 11
,WORD,D11061,0,0,Память для хранения названий рецептов. Задание 43. Символ 12
,WORD,D11062,0,0,Память для хранения названий рецептов. Задание 43. Символ 13
,WORD,D11063,0,0,Память для хранения названий рецептов. Задание 43. Символ 14
,WORD,D11064,0,0,Память для хранения названий рецептов. Задание 43. Символ 15
,WORD,D11065,0,0,Память для хранения названий рецептов. Задание 43. Символ 16
,WORD,D11066,0,0,Память для хранения названий рецептов. Задание 43. Символ 17
,WORD,D11067,0,0,Память для хранения названий рецептов. Задание 43. Символ 18
,WORD,D11068,0,0,Память для хранения названий рецептов. Задание 43. Символ 19
,WORD,D11069,0,0,Память для хранения названий рецептов. Задание 43. Символ 20
,WORD,D11070,0,0,Память для хранения названий рецептов. Задание 43. Символ 21
,WORD,D11071,0,0,Память для хранения названий рецептов. Задание 43. Символ 22
,WORD,D11072,0,0,Память для хранения названий рецептов. Задание 43. Символ 23
,WORD,D11073,0,0,Память для хранения названий рецептов. Задание 43. Символ 24
,WORD,D11074,0,0,Память для хранения названий рецептов. Задание 43. Символ 25
,WORD,D11075,0,0,Память для хранения названий рецептов. Задание 44. Символ 1
,WORD,D11076,0,0,Память для хранения названий рецептов. Задание 44. Символ 2
,WORD,D11077,0,0,Память для хранения названий рецептов. Задание 44. Символ 3
,WORD,D11078,0,0,Память для хранения названий рецептов. Задание 44. Символ 4
,WORD,D11079,0,0,Память для хранения названий рецептов. Задание 44. Символ 5
,WORD,D11080,0,0,Память для хранения названий рецептов. Задание 44. Символ 6
,WORD,D11081,0,0,Память для хранения названий рецептов. Задание 44. Символ 7
,WORD,D11082,0,0,Память для хранения названий рецептов. Задание 44. Символ 8
,WORD,D11083,0,0,Память для хранения названий рецептов. Задание 44. Символ 9
,WORD,D11084,0,0,Память для хранения названий рецептов. Задание 44. Символ 10
,WORD,D11085,0,0,Память для хранения названий рецептов. Задание 44. Символ 11
,WORD,D11086,0,0,Память для хранения названий рецептов. Задание 44. Символ 12
,WORD,D11087,0,0,Память для хранения названий рецептов. Задание 44. Символ 13
,WORD,D11088,0,0,Память для хранения названий рецептов. Задание 44. Символ 14
,WORD,D11089,0,0,Память для хранения названий рецептов. Задание 44. Символ 15
,WORD,D11090,0,0,Память для хранения названий рецептов. Задание 44. Символ 16
,WORD,D11091,0,0,Память для хранения названий рецептов. Задание 44. Символ 17
,WORD,D11092,0,0,Память для хранения названий рецептов. Задание 44. Символ 18
,WORD,D11093,0,0,Память для хранения названий рецептов. Задание 44. Символ 19
,WORD,D11094,0,0,Память для хранения названий рецептов. Задание 44. Символ 20
,WORD,D11095,0,0,Память для хранения названий рецептов. Задание 44. Символ 21
,WORD,D11096,0,0,Память для хранения названий рецептов. Задание 44. Символ 22
,WORD,D11097,0,0,Память для хранения названий рецептов. Задание 44. Символ 23
,WORD,D11098,0,0,Память для хранения названий рецептов. Задание 44. Символ 24
,WORD,D11099,0,0,Память для хранения названий рецептов. Задание 44. Символ 25
,WORD,D11100,0,0,Память для хранения названий рецептов. Задание 45. Символ 1
,WORD,D11101,0,0,Память для хранения названий рецептов. Задание 45. Символ 2
,WORD,D11102,0,0,Память для хранения названий рецептов. Задание 45. Символ 3
,WORD,D11103,0,0,Память для хранения названий рецептов. Задание 45. Символ 4
,WORD,D11104,0,0,Память для хранения названий рецептов. Задание 45. Символ 5
,WORD,D11105,0,0,Память для хранения названий рецептов. Задание 45. Символ 6
,WORD,D11106,0,0,Память для хранения названий рецептов. Задание 45. Символ 7
,WORD,D11107,0,0,Память для хранения названий рецептов. Задание 45. Символ 8
,WORD,D11108,0,0,Память для хранения названий рецептов. Задание 45. Символ 9
,WORD,D11109,0,0,Память для хранения названий рецептов. Задание 45. Символ 10
,WORD,D11110,0,0,Память для хранения названий рецептов. Задание 45. Символ 11
,WORD,D11111,0,0,Память для хранения названий рецептов. Задание 45. Символ 12
,WORD,D11112,0,0,Память для хранения названий рецептов. Задание 45. Символ 13
,WORD,D11113,0,0,Память для хранения названий рецептов. Задание 45. Символ 14
,WORD,D11114,0,0,Память для хранения названий рецептов. Задание 45. Символ 15
,WORD,D11115,0,0,Память для хранения названий рецептов. Задание 45. Символ 16
,WORD,D11116,0,0,Память для хранения названий рецептов. Задание 45. Символ 17
,WORD,D11117,0,0,Память для хранения названий рецептов. Задание 45. Символ 18
,WORD,D11118,0,0,Память для хранения названий рецептов. Задание 45. Символ 19
,WORD,D11119,0,0,Память для хранения названий рецептов. Задание 45. Символ 20
,WORD,D11120,0,0,Память для хранения названий рецептов. Задание 45. Символ 21
,WORD,D11121,0,0,Память для хранения названий рецептов. Задание 45. Символ 22
,WORD,D11122,0,0,Память для хранения названий рецептов. Задание 45. Символ 23
,WORD,D11123,0,0,Память для хранения названий рецептов. Задание 45. Символ 24
,WORD,D11124,0,0,Память для хранения названий рецептов. Задание 45. Символ 25
,WORD,D11125,0,0,Память для хранения названий рецептов. Задание 46. Символ 1
,WORD,D11126,0,0,Память для хранения названий рецептов. Задание 46. Символ 2
,WORD,D11127,0,0,Память для хранения названий рецептов. Задание 46. Символ 3
,WORD,D11128,0,0,Память для хранения названий рецептов. Задание 46. Символ 4
,WORD,D11129,0,0,Память для хранения названий рецептов. Задание 46. Символ 5
,WORD,D11130,0,0,Память для хранения названий рецептов. Задание 46. Символ 6
,WORD,D11131,0,0,Память для хранения названий рецептов. Задание 46. Символ 7
,WORD,D11132,0,0,Память для хранения названий рецептов. Задание 46. Символ 8
,WORD,D11133,0,0,Память для хранения названий рецептов. Задание 46. Символ 9
,WORD,D11134,0,0,Память для хранения названий рецептов. Задание 46. Символ 10
,WORD,D11135,0,0,Память для хранения названий рецептов. Задание 46. Символ 11
,WORD,D11136,0,0,Память для хранения названий рецептов. Задание 46. Символ 12
,WORD,D11137,0,0,Память для хранения названий рецептов. Задание 46. Символ 13
,WORD,D11138,0,0,Память для хранения названий рецептов. Задание 46. Символ 14
,WORD,D11139,0,0,Память для хранения названий рецептов. Задание 46. Символ 15
,WORD,D11140,0,0,Память для хранения названий рецептов. Задание 46. Символ 16
,WORD,D11141,0,0,Память для хранения названий рецептов. Задание 46. Символ 17
,WORD,D11142,0,0,Память для хранения названий рецептов. Задание 46. Символ 18
,WORD,D11143,0,0,Память для хранения названий рецептов. Задание 46. Символ 19
,WORD,D11144,0,0,Память для хранения названий рецептов. Задание 46. Символ 20
,WORD,D11145,0,0,Память для хранения названий рецептов. Задание 46. Символ 21
,WORD,D11146,0,0,Память для хранения названий рецептов. Задание 46. Символ 22
,WORD,D11147,0,0,Память для хранения названий рецептов. Задание 46. Символ 23
,WORD,D11148,0,0,Память для хранения названий рецептов. Задание 46. Символ 24
,WORD,D11149,0,0,Память для хранения названий рецептов. Задание 46. Символ 25
,WORD,D11150,0,0,Память для хранения названий рецептов. Задание 47. Символ 1
,WORD,D11151,0,0,Память для хранения названий рецептов. Задание 47. Символ 2
,WORD,D11152,0,0,Память для хранения названий рецептов. Задание 47. Символ 3
,WORD,D11153,0,0,Память для хранения названий рецептов. Задание 47. Символ 4
,WORD,D11154,0,0,Память для хранения названий рецептов. Задание 47. Символ 5
,WORD,D11155,0,0,Память для хранения названий рецептов. Задание 47. Символ 6
,WORD,D11156,0,0,Память для хранения названий рецептов. Задание 47. Символ 7
,WORD,D11157,0,0,Память для хранения названий рецептов. Задание 47. Символ 8
,WORD,D11158,0,0,Память для хранения названий рецептов. Задание 47. Символ 9
,WORD,D11159,0,0,Память для хранения названий рецептов. Задание 47. Символ 10
,WORD,D11160,0,0,Память для хранения названий рецептов. Задание 47. Символ 11
,WORD,D11161,0,0,Память для хранения названий рецептов. Задание 47. Символ 12
,WORD,D11162,0,0,Память для хранения названий рецептов. Задание 47. Символ 13
,WORD,D11163,0,0,Память для хранения названий рецептов. Задание 47. Символ 14
,WORD,D11164,0,0,Память для хранения названий рецептов. Задание 47. Символ 15
,WORD,D11165,0,0,Память для хранения названий рецептов. Задание 47. Символ 16
,WORD,D11166,0,0,Память для хранения названий рецептов. Задание 47. Символ 17
,WORD,D11167,0,0,Память для хранения названий рецептов. Задание 47. Символ 18
,WORD,D11168,0,0,Память для хранения названий рецептов. Задание 47. Символ 19
,WORD,D11169,0,0,Память для хранения названий рецептов. Задание 47. Символ 20
,WORD,D11170,0,0,Память для хранения названий рецептов. Задание 47. Символ 21
,WORD,D11171,0,0,Память для хранения названий рецептов. Задание 47. Символ 22
,WORD,D11172,0,0,Память для хранения названий рецептов. Задание 47. Символ 23
,WORD,D11173,0,0,Память для хранения названий рецептов. Задание 47. Символ 24
,WORD,D11174,0,0,Память для хранения названий рецептов. Задание 47. Символ 25
,WORD,D11175,0,0,Память для хранения названий рецептов. Задание 48. Символ 1
,WORD,D11176,0,0,Память для хранения названий рецептов. Задание 48. Символ 2
,WORD,D11177,0,0,Память для хранения названий рецептов. Задание 48. Символ 3
,WORD,D11178,0,0,Память для хранения названий рецептов. Задание 48. Символ 4
,WORD,D11179,0,0,Память для хранения названий рецептов. Задание 48. Символ 5
,WORD,D11180,0,0,Память для хранения названий рецептов. Задание 48. Символ 6
,WORD,D11181,0,0,Память для хранения названий рецептов. Задание 48. Символ 7
,WORD,D11182,0,0,Память для хранения названий рецептов. Задание 48. Символ 8
,WORD,D11183,0,0,Память для хранения названий рецептов. Задание 48. Символ 9
,WORD,D11184,0,0,Память для хранения названий рецептов. Задание 48. Символ 10
,WORD,D11185,0,0,Память для хранения названий рецептов. Задание 48. Символ 11
,WORD,D11186,0,0,Память для хранения названий рецептов. Задание 48. Символ 12
,WORD,D11187,0,0,Память для хранения названий рецептов. Задание 48. Символ 13
,WORD,D11188,0,0,Память для хранения названий рецептов. Задание 48. Символ 14
,WORD,D11189,0,0,Память для хранения названий рецептов. Задание 48. Символ 15
,WORD,D11190,0,0,Память для хранения названий рецептов. Задание 48. Символ 16
,WORD,D11191,0,0,Память для хранения названий рецептов. Задание 48. Символ 17
,WORD,D11192,0,0,Память для хранения названий рецептов. Задание 48. Символ 18
,WORD,D11193,0,0,Память для хранения названий рецептов. Задание 48. Символ 19
,WORD,D11194,0,0,Память для хранения названий рецептов. Задание 48. Символ 20
,WORD,D11195,0,0,Память для хранения названий рецептов. Задание 48. Символ 21
,WORD,D11196,0,0,Память для хранения названий рецептов. Задание 48. Символ 22
,WORD,D11197,0,0,Память для хранения названий рецептов. Задание 48. Символ 23
,WORD,D11198,0,0,Память для хранения названий рецептов. Задание 48. Символ 24
,WORD,D11199,0,0,Память для хранения названий рецептов. Задание 48. Символ 25
,WORD,D11200,0,0,Память для хранения названий рецептов. Задание 49. Символ 1
,WORD,D11201,0,0,Память для хранения названий рецептов. Задание 49. Символ 2
,WORD,D11202,0,0,Память для хранения названий рецептов. Задание 49. Символ 3
,WORD,D11203,0,0,Память для хранения названий рецептов. Задание 49. Символ 4
,WORD,D11204,0,0,Память для хранения названий рецептов. Задание 49. Символ 5
,WORD,D11205,0,0,Память для хранения названий рецептов. Задание 49. Символ 6
,WORD,D11206,0,0,Память для хранения названий рецептов. Задание 49. Символ 7
,WORD,D11207,0,0,Память для хранения названий рецептов. Задание 49. Символ 8
,WORD,D11208,0,0,Память для хранения названий рецептов. Задание 49. Символ 9
,WORD,D11209,0,0,Память для хранения названий рецептов. Задание 49. Символ 10
,WORD,D11210,0,0,Память для хранения названий рецептов. Задание 49. Символ 11
,WORD,D11211,0,0,Память для хранения названий рецептов. Задание 49. Символ 12
,WORD,D11212,0,0,Память для хранения названий рецептов. Задание 49. Символ 13
,WORD,D11213,0,0,Память для хранения названий рецептов. Задание 49. Символ 14
,WORD,D11214,0,0,Память для хранения названий рецептов. Задание 49. Символ 15
,WORD,D11215,0,0,Память для хранения названий рецептов. Задание 49. Символ 16
,WORD,D11216,0,0,Память для хранения названий рецептов. Задание 49. Символ 17
,WORD,D11217,0,0,Память для хранения названий рецептов. Задание 49. Символ 18
,WORD,D11218,0,0,Память для хранения названий рецептов. Задание 49. Символ 19
,WORD,D11219,0,0,Память для хранения названий рецептов. Задание 49. Символ 20
,WORD,D11220,0,0,Память для хранения названий рецептов. Задание 49. Символ 21
,WORD,D11221,0,0,Память для хранения названий рецептов. Задание 49. Символ 22
,WORD,D11222,0,0,Память для хранения названий рецептов. Задание 49. Символ 23
,WORD,D11223,0,0,Память для хранения названий рецептов. Задание 49. Символ 24
,WORD,D11224,0,0,Память для хранения названий рецептов. Задание 49. Символ 25
,WORD,D11225,0,0,Память для хранения названий рецептов. Задание 50. Символ 1
,WORD,D11226,0,0,Память для хранения названий рецептов. Задание 50. Символ 2
,WORD,D11227,0,0,Память для хранения названий рецептов. Задание 50. Символ 3
,WORD,D11228,0,0,Память для хранения названий рецептов. Задание 50. Символ 4
,WORD,D11229,0,0,Память для хранения названий рецептов. Задание 50. Символ 5
,WORD,D11230,0,0,Память для хранения названий рецептов. Задание 50. Символ 6
,WORD,D11231,0,0,Память для хранения названий рецептов. Задание 50. Символ 7
,WORD,D11232,0,0,Память для хранения названий рецептов. Задание 50. Символ 8
,WORD,D11233,0,0,Память для хранения названий рецептов. Задание 50. Символ 9
,WORD,D11234,0,0,Память для хранения названий рецептов. Задание 50. Символ 10
,WORD,D11235,0,0,Память для хранения названий рецептов. Задание 50. Символ 11
,WORD,D11236,0,0,Память для хранения названий рецептов. Задание 50. Символ 12
,WORD,D11237,0,0,Память для хранения названий рецептов. Задание 50. Символ 13
,WORD,D11238,0,0,Память для хранения названий рецептов. Задание 50. Символ 14
,WORD,D11239,0,0,Память для хранения названий рецептов. Задание 50. Символ 15
,WORD,D11240,0,0,Память для хранения названий рецептов. Задание 50. Символ 16
,WORD,D11241,0,0,Память для хранения названий рецептов. Задание 50. Символ 17
,WORD,D11242,0,0,Память для хранения названий рецептов. Задание 50. Символ 18
,WORD,D11243,0,0,Память для хранения названий рецептов. Задание 50. Символ 19
,WORD,D11244,0,0,Память для хранения названий рецептов. Задание 50. Символ 20
,WORD,D11245,0,0,Память для хранения названий рецептов. Задание 50. Символ 21
,WORD,D11246,0,0,Память для хранения названий рецептов. Задание 50. Символ 22
,WORD,D11247,0,0,Память для хранения названий рецептов. Задание 50. Символ 23
,WORD,D11248,0,0,Память для хранения названий рецептов. Задание 50. Символ 24
,WORD,D11249,0,0,Память для хранения названий рецептов. Задание 50. Символ 25
,WORD,D11250,0,0,Память для хранения названий рецептов. Задание 51. Символ 1
,WORD,D11251,0,0,Память для хранения названий рецептов. Задание 51. Символ 2
,WORD,D11252,0,0,Память для хранения названий рецептов. Задание 51. Символ 3
,WORD,D11253,0,0,Память для хранения названий рецептов. Задание 51. Символ 4
,WORD,D11254,0,0,Память для хранения названий рецептов. Задание 51. Символ 5
,WORD,D11255,0,0,Память для хранения названий рецептов. Задание 51. Символ 6
,WORD,D11256,0,0,Память для хранения названий рецептов. Задание 51. Символ 7
,WORD,D11257,0,0,Память для хранения названий рецептов. Задание 51. Символ 8
,WORD,D11258,0,0,Память для хранения названий рецептов. Задание 51. Символ 9
,WORD,D11259,0,0,Память для хранения названий рецептов. Задание 51. Символ 10
,WORD,D11260,0,0,Память для хранения названий рецептов. Задание 51. Символ 11
,WORD,D11261,0,0,Память для хранения названий рецептов. Задание 51. Символ 12
,WORD,D11262,0,0,Память для хранения названий рецептов. Задание 51. Символ 13
,WORD,D11263,0,0,Память для хранения названий рецептов. Задание 51. Символ 14
,WORD,D11264,0,0,Память для хранения названий рецептов. Задание 51. Символ 15
,WORD,D11265,0,0,Память для хранения названий рецептов. Задание 51. Символ 16
,WORD,D11266,0,0,Память для хранения названий рецептов. Задание 51. Символ 17
,WORD,D11267,0,0,Память для хранения названий рецептов. Задание 51. Символ 18
,WORD,D11268,0,0,Память для хранения названий рецептов. Задание 51. Символ 19
,WORD,D11269,0,0,Память для хранения названий рецептов. Задание 51. Символ 20
,WORD,D11270,0,0,Память для хранения названий рецептов. Задание 51. Символ 21
,WORD,D11271,0,0,Память для хранения названий рецептов. Задание 51. Символ 22
,WORD,D11272,0,0,Память для хранения названий рецептов. Задание 51. Символ 23
,WORD,D11273,0,0,Память для хранения названий рецептов. Задание 51. Символ 24
,WORD,D11274,0,0,Память для хранения названий рецептов. Задание 51. Символ 25
,WORD,D11275,0,0,Память для хранения названий рецептов. Задание 52. Символ 1
,WORD,D11276,0,0,Память для хранения названий рецептов. Задание 52. Символ 2
,WORD,D11277,0,0,Память для хранения названий рецептов. Задание 52. Символ 3
,WORD,D11278,0,0,Память для хранения названий рецептов. Задание 52. Символ 4
,WORD,D11279,0,0,Память для хранения названий рецептов. Задание 52. Символ 5
,WORD,D11280,0,0,Память для хранения названий рецептов. Задание 52. Символ 6
,WORD,D11281,0,0,Память для хранения названий рецептов. Задание 52. Символ 7
,WORD,D11282,0,0,Память для хранения названий рецептов. Задание 52. Символ 8
,WORD,D11283,0,0,Память для хранения названий рецептов. Задание 52. Символ 9
,WORD,D11284,0,0,Память для хранения названий рецептов. Задание 52. Символ 10
,WORD,D11285,0,0,Память для хранения названий рецептов. Задание 52. Символ 11
,WORD,D11286,0,0,Память для хранения названий рецептов. Задание 52. Символ 12
,WORD,D11287,0,0,Память для хранения названий рецептов. Задание 52. Символ 13
,WORD,D11288,0,0,Память для хранения названий рецептов. Задание 52. Символ 14
,WORD,D11289,0,0,Память для хранения названий рецептов. Задание 52. Символ 15
,WORD,D11290,0,0,Память для хранения названий рецептов. Задание 52. Символ 16
,WORD,D11291,0,0,Память для хранения названий рецептов. Задание 52. Символ 17
,WORD,D11292,0,0,Память для хранения названий рецептов. Задание 52. Символ 18
,WORD,D11293,0,0,Память для хранения названий рецептов. Задание 52. Символ 19
,WORD,D11294,0,0,Память для хранения названий рецептов. Задание 52. Символ 20
,WORD,D11295,0,0,Память для хранения названий рецептов. Задание 52. Символ 21
,WORD,D11296,0,0,Память для хранения названий рецептов. Задание 52. Символ 22
,WORD,D11297,0,0,Память для хранения названий рецептов. Задание 52. Символ 23
,WORD,D11298,0,0,Память для хранения названий рецептов. Задание 52. Символ 24
,WORD,D11299,0,0,Память для хранения названий рецептов. Задание 52. Символ 25
,WORD,D11300,0,0,Память для хранения названий рецептов. Задание 53. Символ 1
,WORD,D11301,0,0,Память для хранения названий рецептов. Задание 53. Символ 2
,WORD,D11302,0,0,Память для хранения названий рецептов. Задание 53. Символ 3
,WORD,D11303,0,0,Память для хранения названий рецептов. Задание 53. Символ 4
,WORD,D11304,0,0,Память для хранения названий рецептов. Задание 53. Символ 5
,WORD,D11305,0,0,Память для хранения названий рецептов. Задание 53. Символ 6
,WORD,D11306,0,0,Память для хранения названий рецептов. Задание 53. Символ 7
,WORD,D11307,0,0,Память для хранения названий рецептов. Задание 53. Символ 8
,WORD,D11308,0,0,Память для хранения названий рецептов. Задание 53. Символ 9
,WORD,D11309,0,0,Память для хранения названий рецептов. Задание 53. Символ 10
,WORD,D11310,0,0,Память для хранения названий рецептов. Задание 53. Символ 11
,WORD,D11311,0,0,Память для хранения названий рецептов. Задание 53. Символ 12
,WORD,D11312,0,0,Память для хранения названий рецептов. Задание 53. Символ 13
,WORD,D11313,0,0,Память для хранения названий рецептов. Задание 53. Символ 14
,WORD,D11314,0,0,Память для хранения названий рецептов. Задание 53. Символ 15
,WORD,D11315,0,0,Память для хранения названий рецептов. Задание 53. Символ 16
,WORD,D11316,0,0,Память для хранения названий рецептов. Задание 53. Символ 17
,WORD,D11317,0,0,Память для хранения названий рецептов. Задание 53. Символ 18
,WORD,D11318,0,0,Память для хранения названий рецептов. Задание 53. Символ 19
,WORD,D11319,0,0,Память для хранения названий рецептов. Задание 53. Символ 20
,WORD,D11320,0,0,Память для хранения названий рецептов. Задание 53. Символ 21
,WORD,D11321,0,0,Память для хранения названий рецептов. Задание 53. Символ 22
,WORD,D11322,0,0,Память для хранения названий рецептов. Задание 53. Символ 23
,WORD,D11323,0,0,Память для хранения названий рецептов. Задание 53. Символ 24
,WORD,D11324,0,0,Память для хранения названий рецептов. Задание 53. Символ 25
,WORD,D11325,0,0,Память для хранения названий рецептов. Задание 54. Символ 1
,WORD,D11326,0,0,Память для хранения названий рецептов. Задание 54. Символ 2
,WORD,D11327,0,0,Память для хранения названий рецептов. Задание 54. Символ 3
,WORD,D11328,0,0,Память для хранения названий рецептов. Задание 54. Символ 4
,WORD,D11329,0,0,Память для хранения названий рецептов. Задание 54. Символ 5
,WORD,D11330,0,0,Память для хранения названий рецептов. Задание 54. Символ 6
,WORD,D11331,0,0,Память для хранения названий рецептов. Задание 54. Символ 7
,WORD,D11332,0,0,Память для хранения названий рецептов. Задание 54. Символ 8
,WORD,D11333,0,0,Память для хранения названий рецептов. Задание 54. Символ 9
,WORD,D11334,0,0,Память для хранения названий рецептов. Задание 54. Символ 10
,WORD,D11335,0,0,Память для хранения названий рецептов. Задание 54. Символ 11
,WORD,D11336,0,0,Память для хранения названий рецептов. Задание 54. Символ 12
,WORD,D11337,0,0,Память для хранения названий рецептов. Задание 54. Символ 13
,WORD,D11338,0,0,Память для хранения названий рецептов. Задание 54. Символ 14
,WORD,D11339,0,0,Память для хранения названий рецептов. Задание 54. Символ 15
,WORD,D11340,0,0,Память для хранения названий рецептов. Задание 54. Символ 16
,WORD,D11341,0,0,Память для хранения названий рецептов. Задание 54. Символ 17
,WORD,D11342,0,0,Память для хранения названий рецептов. Задание 54. Символ 18
,WORD,D11343,0,0,Память для хранения названий рецептов. Задание 54. Символ 19
,WORD,D11344,0,0,Память для хранения названий рецептов. Задание 54. Символ 20
,WORD,D11345,0,0,Память для хранения названий рецептов. Задание 54. Символ 21
,WORD,D11346,0,0,Память для хранения названий рецептов. Задание 54. Символ 22
,WORD,D11347,0,0,Память для хранения названий рецептов. Задание 54. Символ 23
,WORD,D11348,0,0,Память для хранения названий рецептов. Задание 54. Символ 24
,WORD,D11349,0,0,Память для хранения названий рецептов. Задание 54. Символ 25
,WORD,D11350,0,0,Память для хранения названий рецептов. Задание 55. Символ 1
,WORD,D11351,0,0,Память для хранения названий рецептов. Задание 55. Символ 2
,WORD,D11352,0,0,Память для хранения названий рецептов. Задание 55. Символ 3
,WORD,D11353,0,0,Память для хранения названий рецептов. Задание 55. Символ 4
,WORD,D11354,0,0,Память для хранения названий рецептов. Задание 55. Символ 5
,WORD,D11355,0,0,Память для хранения названий рецептов. Задание 55. Символ 6
,WORD,D11356,0,0,Память для хранения названий рецептов. Задание 55. Символ 7
,WORD,D11357,0,0,Память для хранения названий рецептов. Задание 55. Символ 8
,WORD,D11358,0,0,Память для хранения названий рецептов. Задание 55. Символ 9
,WORD,D11359,0,0,Память для хранения названий рецептов. Задание 55. Символ 10
,WORD,D11360,0,0,Память для хранения названий рецептов. Задание 55. Символ 11
,WORD,D11361,0,0,Память для хранения названий рецептов. Задание 55. Символ 12
,WORD,D11362,0,0,Память для хранения названий рецептов. Задание 55. Символ 13
,WORD,D11363,0,0,Память для хранения названий рецептов. Задание 55. Символ 14
,WORD,D11364,0,0,Память для хранения названий рецептов. Задание 55. Символ 15
,WORD,D11365,0,0,Память для хранения названий рецептов. Задание 55. Символ 16
,WORD,D11366,0,0,Память для хранения названий рецептов. Задание 55. Символ 17
,WORD,D11367,0,0,Память для хранения названий рецептов. Задание 55. Символ 18
,WORD,D11368,0,0,Память для хранения названий рецептов. Задание 55. Символ 19
,WORD,D11369,0,0,Память для хранения названий рецептов. Задание 55. Символ 20
,WORD,D11370,0,0,Память для хранения названий рецептов. Задание 55. Символ 21
,WORD,D11371,0,0,Память для хранения названий рецептов. Задание 55. Символ 22
,WORD,D11372,0,0,Память для хранения названий рецептов. Задание 55. Символ 23
,WORD,D11373,0,0,Память для хранения названий рецептов. Задание 55. Символ 24
,WORD,D11374,0,0,Память для хранения названий рецептов. Задание 55. Символ 25
,WORD,D11375,0,0,Память для хранения названий рецептов. Задание 56. Символ 1
,WORD,D11376,0,0,Память для хранения названий рецептов. Задание 56. Символ 2
,WORD,D11377,0,0,Память для хранения названий рецептов. Задание 56. Символ 3
,WORD,D11378,0,0,Память для хранения названий рецептов. Задание 56. Символ 4
,WORD,D11379,0,0,Память для хранения названий рецептов. Задание 56. Символ 5
,WORD,D11380,0,0,Память для хранения названий рецептов. Задание 56. Символ 6
,WORD,D11381,0,0,Память для хранения названий рецептов. Задание 56. Символ 7
,WORD,D11382,0,0,Память для хранения названий рецептов. Задание 56. Символ 8
,WORD,D11383,0,0,Память для хранения названий рецептов. Задание 56. Символ 9
,WORD,D11384,0,0,Память для хранения названий рецептов. Задание 56. Символ 10
,WORD,D11385,0,0,Память для хранения названий рецептов. Задание 56. Символ 11
,WORD,D11386,0,0,Память для хранения названий рецептов. Задание 56. Символ 12
,WORD,D11387,0,0,Память для хранения названий рецептов. Задание 56. Символ 13
,WORD,D11388,0,0,Память для хранения названий рецептов. Задание 56. Символ 14
,WORD,D11389,0,0,Память для хранения названий рецептов. Задание 56. Символ 15
,WORD,D11390,0,0,Память для хранения названий рецептов. Задание 56. Символ 16
,WORD,D11391,0,0,Память для хранения названий рецептов. Задание 56. Символ 17
,WORD,D11392,0,0,Память для хранения названий рецептов. Задание 56. Символ 18
,WORD,D11393,0,0,Память для хранения названий рецептов. Задание 56. Символ 19
,WORD,D11394,0,0,Память для хранения названий рецептов. Задание 56. Символ 20
,WORD,D11395,0,0,Память для хранения названий рецептов. Задание 56. Символ 21
,WORD,D11396,0,0,Память для хранения названий рецептов. Задание 56. Символ 22
,WORD,D11397,0,0,Память для хранения названий рецептов. Задание 56. Символ 23
,WORD,D11398,0,0,Память для хранения названий рецептов. Задание 56. Символ 24
,WORD,D11399,0,0,Память для хранения названий рецептов. Задание 56. Символ 25
,WORD,D11400,0,0,Память для хранения названий рецептов. Задание 57. Символ 1
,WORD,D11401,0,0,Память для хранения названий рецептов. Задание 57. Символ 2
,WORD,D11402,0,0,Память для хранения названий рецептов. Задание 57. Символ 3
,WORD,D11403,0,0,Память для хранения названий рецептов. Задание 57. Символ 4
,WORD,D11404,0,0,Память для хранения названий рецептов. Задание 57. Символ 5
,WORD,D11405,0,0,Память для хранения названий рецептов. Задание 57. Символ 6
,WORD,D11406,0,0,Память для хранения названий рецептов. Задание 57. Символ 7
,WORD,D11407,0,0,Память для хранения названий рецептов. Задание 57. Символ 8
,WORD,D11408,0,0,Память для хранения названий рецептов. Задание 57. Символ 9
,WORD,D11409,0,0,Память для хранения названий рецептов. Задание 57. Символ 10
,WORD,D11410,0,0,Память для хранения названий рецептов. Задание 57. Символ 11
,WORD,D11411,0,0,Память для хранения названий рецептов. Задание 57. Символ 12
,WORD,D11412,0,0,Память для хранения названий рецептов. Задание 57. Символ 13
,WORD,D11413,0,0,Память для хранения названий рецептов. Задание 57. Символ 14
,WORD,D11414,0,0,Память для хранения названий рецептов. Задание 57. Символ 15
,WORD,D11415,0,0,Память для хранения названий рецептов. Задание 57. Символ 16
,WORD,D11416,0,0,Память для хранения названий рецептов. Задание 57. Символ 17
,WORD,D11417,0,0,Память для хранения названий рецептов. Задание 57. Символ 18
,WORD,D11418,0,0,Память для хранения названий рецептов. Задание 57. Символ 19
,WORD,D11419,0,0,Память для хранения названий рецептов. Задание 57. Символ 20
,WORD,D11420,0,0,Память для хранения названий рецептов. Задание 57. Символ 21
,WORD,D11421,0,0,Память для хранения названий рецептов. Задание 57. Символ 22
,WORD,D11422,0,0,Память для хранения названий рецептов. Задание 57. Символ 23
,WORD,D11423,0,0,Память для хранения названий рецептов. Задание 57. Символ 24
,WORD,D11424,0,0,Память для хранения названий рецептов. Задание 57. Символ 25
,WORD,D11425,0,0,Память для хранения названий рецептов. Задание 58. Символ 1
,WORD,D11426,0,0,Память для хранения названий рецептов. Задание 58. Символ 2
,WORD,D11427,0,0,Память для хранения названий рецептов. Задание 58. Символ 3
,WORD,D11428,0,0,Память для хранения названий рецептов. Задание 58. Символ 4
,WORD,D11429,0,0,Память для хранения названий рецептов. Задание 58. Символ 5
,WORD,D11430,0,0,Память для хранения названий рецептов. Задание 58. Символ 6
,WORD,D11431,0,0,Память для хранения названий рецептов. Задание 58. Символ 7
,WORD,D11432,0,0,Память для хранения названий рецептов. Задание 58. Символ 8
,WORD,D11433,0,0,Память для хранения названий рецептов. Задание 58. Символ 9
,WORD,D11434,0,0,Память для хранения названий рецептов. Задание 58. Символ 10
,WORD,D11435,0,0,Память для хранения названий рецептов. Задание 58. Символ 11
,WORD,D11436,0,0,Память для хранения названий рецептов. Задание 58. Символ 12
,WORD,D11437,0,0,Память для хранения названий рецептов. Задание 58. Символ 13
,WORD,D11438,0,0,Память для хранения названий рецептов. Задание 58. Символ 14
,WORD,D11439,0,0,Память для хранения названий рецептов. Задание 58. Символ 15
,WORD,D11440,0,0,Память для хранения названий рецептов. Задание 58. Символ 16
,WORD,D11441,0,0,Память для хранения названий рецептов. Задание 58. Символ 17
,WORD,D11442,0,0,Память для хранения названий рецептов. Задание 58. Символ 18
,WORD,D11443,0,0,Память для хранения названий рецептов. Задание 58. Символ 19
,WORD,D11444,0,0,Память для хранения названий рецептов. Задание 58. Символ 20
,WORD,D11445,0,0,Память для хранения названий рецептов. Задание 58. Символ 21
,WORD,D11446,0,0,Память для хранения названий рецептов. Задание 58. Символ 22
,WORD,D11447,0,0,Память для хранения названий рецептов. Задание 58. Символ 23
,WORD,D11448,0,0,Память для хранения названий рецептов. Задание 58. Символ 24
,WORD,D11449,0,0,Память для хранения названий рецептов. Задание 58. Символ 25
,WORD,D11450,0,0,Память для хранения названий рецептов. Задание 59. Символ 1
,WORD,D11451,0,0,Память для хранения названий рецептов. Задание 59. Символ 2
,WORD,D11452,0,0,Память для хранения названий рецептов. Задание 59. Символ 3
,WORD,D11453,0,0,Память для хранения названий рецептов. Задание 59. Символ 4
,WORD,D11454,0,0,Память для хранения названий рецептов. Задание 59. Символ 5
,WORD,D11455,0,0,Память для хранения названий рецептов. Задание 59. Символ 6
,WORD,D11456,0,0,Память для хранения названий рецептов. Задание 59. Символ 7
,WORD,D11457,0,0,Память для хранения названий рецептов. Задание 59. Символ 8
,WORD,D11458,0,0,Память для хранения названий рецептов. Задание 59. Символ 9
,WORD,D11459,0,0,Память для хранения названий рецептов. Задание 59. Символ 10
,WORD,D11460,0,0,Память для хранения названий рецептов. Задание 59. Символ 11
,WORD,D11461,0,0,Память для хранения названий рецептов. Задание 59. Символ 12
,WORD,D11462,0,0,Память для хранения названий рецептов. Задание 59. Символ 13
,WORD,D11463,0,0,Память для хранения названий рецептов. Задание 59. Символ 14
,WORD,D11464,0,0,Память для хранения названий рецептов. Задание 59. Символ 15
,WORD,D11465,0,0,Память для хранения названий рецептов. Задание 59. Символ 16
,WORD,D11466,0,0,Память для хранения названий рецептов. Задание 59. Символ 17
,WORD,D11467,0,0,Память для хранения названий рецептов. Задание 59. Символ 18
,WORD,D11468,0,0,Память для хранения названий рецептов. Задание 59. Символ 19
,WORD,D11469,0,0,Память для хранения названий рецептов. Задание 59. Символ 20
,WORD,D11470,0,0,Память для хранения названий рецептов. Задание 59. Символ 21
,WORD,D11471,0,0,Память для хранения названий рецептов. Задание 59. Символ 22
,WORD,D11472,0,0,Память для хранения названий рецептов. Задание 59. Символ 23
,WORD,D11473,0,0,Память для хранения названий рецептов. Задание 59. Символ 24
,WORD,D11474,0,0,Память для хранения названий рецептов. Задание 59. Символ 25
,WORD,D11475,0,0,Память для хранения названий рецептов. Задание 60. Символ 1
,WORD,D11476,0,0,Память для хранения названий рецептов. Задание 60. Символ 2
,WORD,D11477,0,0,Память для хранения названий рецептов. Задание 60. Символ 3
,WORD,D11478,0,0,Память для хранения названий рецептов. Задание 60. Символ 4
,WORD,D11479,0,0,Память для хранения названий рецептов. Задание 60. Символ 5
,WORD,D11480,0,0,Память для хранения названий рецептов. Задание 60. Символ 6
,WORD,D11481,0,0,Память для хранения названий рецептов. Задание 60. Символ 7
,WORD,D11482,0,0,Память для хранения названий рецептов. Задание 60. Символ 8
,WORD,D11483,0,0,Память для хранения названий рецептов. Задание 60. Символ 9
,WORD,D11484,0,0,Память для хранения названий рецептов. Задание 60. Символ 10
,WORD,D11485,0,0,Память для хранения названий рецептов. Задание 60. Символ 11
,WORD,D11486,0,0,Память для хранения названий рецептов. Задание 60. Символ 12
,WORD,D11487,0,0,Память для хранения названий рецептов. Задание 60. Символ 13
,WORD,D11488,0,0,Память для хранения названий рецептов. Задание 60. Символ 14
,WORD,D11489,0,0,Память для хранения названий рецептов. Задание 60. Символ 15
,WORD,D11490,0,0,Память для хранения названий рецептов. Задание 60. Символ 16
,WORD,D11491,0,0,Память для хранения названий рецептов. Задание 60. Символ 17
,WORD,D11492,0,0,Память для хранения названий рецептов. Задание 60. Символ 18
,WORD,D11493,0,0,Память для хранения названий рецептов. Задание 60. Символ 19
,WORD,D11494,0,0,Память для хранения названий рецептов. Задание 60. Символ 20
,WORD,D11495,0,0,Память для хранения названий рецептов. Задание 60. Символ 21
,WORD,D11496,0,0,Память для хранения названий рецептов. Задание 60. Символ 22
,WORD,D11497,0,0,Память для хранения названий рецептов. Задание 60. Символ 23
,WORD,D11498,0,0,Память для хранения названий рецептов. Задание 60. Символ 24
,WORD,D11499,0,0,Память для хранения названий рецептов. Задание 60. Символ 25
,WORD,D11500,0,0,Память для хранения названий рецептов. Задание 61. Символ 1
,WORD,D11501,0,0,Память для хранения названий рецептов. Задание 61. Символ 2
,WORD,D11502,0,0,Память для хранения названий рецептов. Задание 61. Символ 3
,WORD,D11503,0,0,Память для хранения названий рецептов. Задание 61. Символ 4
,WORD,D11504,0,0,Память для хранения названий рецептов. Задание 61. Символ 5
,WORD,D11505,0,0,Память для хранения названий рецептов. Задание 61. Символ 6
,WORD,D11506,0,0,Память для хранения названий рецептов. Задание 61. Символ 7
,WORD,D11507,0,0,Память для хранения названий рецептов. Задание 61. Символ 8
,WORD,D11508,0,0,Память для хранения названий рецептов. Задание 61. Символ 9
,WORD,D11509,0,0,Память для хранения названий рецептов. Задание 61. Символ 10
,WORD,D11510,0,0,Память для хранения названий рецептов. Задание 61. Символ 11
,WORD,D11511,0,0,Память для хранения названий рецептов. Задание 61. Символ 12
,WORD,D11512,0,0,Память для хранения названий рецептов. Задание 61. Символ 13
,WORD,D11513,0,0,Память для хранения названий рецептов. Задание 61. Символ 14
,WORD,D11514,0,0,Память для хранения названий рецептов. Задание 61. Символ 15
,WORD,D11515,0,0,Память для хранения названий рецептов. Задание 61. Символ 16
,WORD,D11516,0,0,Память для хранения названий рецептов. Задание 61. Символ 17
,WORD,D11517,0,0,Память для хранения названий рецептов. Задание 61. Символ 18
,WORD,D11518,0,0,Память для хранения названий рецептов. Задание 61. Символ 19
,WORD,D11519,0,0,Память для хранения названий рецептов. Задание 61. Символ 20
,WORD,D11520,0,0,Память для хранения названий рецептов. Задание 61. Символ 21
,WORD,D11521,0,0,Память для хранения названий рецептов. Задание 61. Символ 22
,WORD,D11522,0,0,Память для хранения названий рецептов. Задание 61. Символ 23
,WORD,D11523,0,0,Память для хранения названий рецептов. Задание 61. Символ 24
,WORD,D11524,0,0,Память для хранения названий рецептов. Задание 61. Символ 25
,WORD,D11525,0,0,Память для хранения названий рецептов. Задание 62. Символ 1
,WORD,D11526,0,0,Память для хранения названий рецептов. Задание 62. Символ 2
,WORD,D11527,0,0,Память для хранения названий рецептов. Задание 62. Символ 3
,WORD,D11528,0,0,Память для хранения названий рецептов. Задание 62. Символ 4
,WORD,D11529,0,0,Память для хранения названий рецептов. Задание 62. Символ 5
,WORD,D11530,0,0,Память для хранения названий рецептов. Задание 62. Символ 6
,WORD,D11531,0,0,Память для хранения названий рецептов. Задание 62. Символ 7
,WORD,D11532,0,0,Память для хранения названий рецептов. Задание 62. Символ 8
,WORD,D11533,0,0,Память для хранения названий рецептов. Задание 62. Символ 9
,WORD,D11534,0,0,Память для хранения названий рецептов. Задание 62. Символ 10
,WORD,D11535,0,0,Память для хранения названий рецептов. Задание 62. Символ 11
,WORD,D11536,0,0,Память для хранения названий рецептов. Задание 62. Символ 12
,WORD,D11537,0,0,Память для хранения названий рецептов. Задание 62. Символ 13
,WORD,D11538,0,0,Память для хранения названий рецептов. Задание 62. Символ 14
,WORD,D11539,0,0,Память для хранения названий рецептов. Задание 62. Символ 15
,WORD,D11540,0,0,Память для хранения названий рецептов. Задание 62. Символ 16
,WORD,D11541,0,0,Память для хранения названий рецептов. Задание 62. Символ 17
,WORD,D11542,0,0,Память для хранения названий рецептов. Задание 62. Символ 18
,WORD,D11543,0,0,Память для хранения названий рецептов. Задание 62. Символ 19
,WORD,D11544,0,0,Память для хранения названий рецептов. Задание 62. Символ 20
,WORD,D11545,0,0,Память для хранения названий рецептов. Задание 62. Символ 21
,WORD,D11546,0,0,Память для хранения названий рецептов. Задание 62. Символ 22
,WORD,D11547,0,0,Память для хранения названий рецептов. Задание 62. Символ 23
,WORD,D11548,0,0,Память для хранения названий рецептов. Задание 62. Символ 24
,WORD,D11549,0,0,Память для хранения названий рецептов. Задание 62. Символ 25
,WORD,D11550,0,0,Память для хранения названий рецептов. Задание 63. Символ 1
,WORD,D11551,0,0,Память для хранения названий рецептов. Задание 63. Символ 2
,WORD,D11552,0,0,Память для хранения названий рецептов. Задание 63. Символ 3
,WORD,D11553,0,0,Память для хранения названий рецептов. Задание 63. Символ 4
,WORD,D11554,0,0,Память для хранения названий рецептов. Задание 63. Символ 5
,WORD,D11555,0,0,Память для хранения названий рецептов. Задание 63. Символ 6
,WORD,D11556,0,0,Память для хранения названий рецептов. Задание 63. Символ 7
,WORD,D11557,0,0,Память для хранения названий рецептов. Задание 63. Символ 8
,WORD,D11558,0,0,Память для хранения названий рецептов. Задание 63. Символ 9
,WORD,D11559,0,0,Память для хранения названий рецептов. Задание 63. Символ 10
,WORD,D11560,0,0,Память для хранения названий рецептов. Задание 63. Символ 11
,WORD,D11561,0,0,Память для хранения названий рецептов. Задание 63. Символ 12
,WORD,D11562,0,0,Память для хранения названий рецептов. Задание 63. Символ 13
,WORD,D11563,0,0,Память для хранения названий рецептов. Задание 63. Символ 14
,WORD,D11564,0,0,Память для хранения названий рецептов. Задание 63. Символ 15
,WORD,D11565,0,0,Память для хранения названий рецептов. Задание 63. Символ 16
,WORD,D11566,0,0,Память для хранения названий рецептов. Задание 63. Символ 17
,WORD,D11567,0,0,Память для хранения названий рецептов. Задание 63. Символ 18
,WORD,D11568,0,0,Память для хранения названий рецептов. Задание 63. Символ 19
,WORD,D11569,0,0,Память для хранения названий рецептов. Задание 63. Символ 20
,WORD,D11570,0,0,Память для хранения названий рецептов. Задание 63. Символ 21
,WORD,D11571,0,0,Память для хранения названий рецептов. Задание 63. Символ 22
,WORD,D11572,0,0,Память для хранения названий рецептов. Задание 63. Символ 23
,WORD,D11573,0,0,Память для хранения названий рецептов. Задание 63. Символ 24
,WORD,D11574,0,0,Память для хранения названий рецептов. Задание 63. Символ 25
,WORD,D11575,0,0,Память для хранения названий рецептов. Задание 64. Символ 1
,WORD,D11576,0,0,Память для хранения названий рецептов. Задание 64. Символ 2
,WORD,D11577,0,0,Память для хранения названий рецептов. Задание 64. Символ 3
,WORD,D11578,0,0,Память для хранения названий рецептов. Задание 64. Символ 4
,WORD,D11579,0,0,Память для хранения названий рецептов. Задание 64. Символ 5
,WORD,D11580,0,0,Память для хранения названий рецептов. Задание 64. Символ 6
,WORD,D11581,0,0,Память для хранения названий рецептов. Задание 64. Символ 7
,WORD,D11582,0,0,Память для хранения названий рецептов. Задание 64. Символ 8
,WORD,D11583,0,0,Память для хранения названий рецептов. Задание 64. Символ 9
,WORD,D11584,0,0,Память для хранения названий рецептов. Задание 64. Символ 10
,WORD,D11585,0,0,Память для хранения названий рецептов. Задание 64. Символ 11
,WORD,D11586,0,0,Память для хранения названий рецептов. Задание 64. Символ 12
,WORD,D11587,0,0,Память для хранения названий рецептов. Задание 64. Символ 13
,WORD,D11588,0,0,Память для хранения названий рецептов. Задание 64. Символ 14
,WORD,D11589,0,0,Память для хранения названий рецептов. Задание 64. Символ 15
,WORD,D11590,0,0,Память для хранения названий рецептов. Задание 64. Символ 16
,WORD,D11591,0,0,Память для хранения названий рецептов. Задание 64. Символ 17
,WORD,D11592,0,0,Память для хранения названий рецептов. Задание 64. Символ 18
,WORD,D11593,0,0,Память для хранения названий рецептов. Задание 64. Символ 19
,WORD,D11594,0,0,Память для хранения названий рецептов. Задание 64. Символ 20
,WORD,D11595,0,0,Память для хранения названий рецептов. Задание 64. Символ 21
,WORD,D11596,0,0,Память для хранения названий рецептов. Задание 64. Символ 22
,WORD,D11597,0,0,Память для хранения названий рецептов. Задание 64. Символ 23
,WORD,D11598,0,0,Память для хранения названий рецептов. Задание 64. Символ 24
,WORD,D11599,0,0,Память для хранения названий рецептов. Задание 64. Символ 25
,WORD,D11600,0,0,Память для хранения названий рецептов. Задание 65. Символ 1
,WORD,D11601,0,0,Память для хранения названий рецептов. Задание 65. Символ 2
,WORD,D11602,0,0,Память для хранения названий рецептов. Задание 65. Символ 3
,WORD,D11603,0,0,Память для хранения названий рецептов. Задание 65. Символ 4
,WORD,D11604,0,0,Память для хранения названий рецептов. Задание 65. Символ 5
,WORD,D11605,0,0,Память для хранения названий рецептов. Задание 65. Символ 6
,WORD,D11606,0,0,Память для хранения названий рецептов. Задание 65. Символ 7
,WORD,D11607,0,0,Память для хранения названий рецептов. Задание 65. Символ 8
,WORD,D11608,0,0,Память для хранения названий рецептов. Задание 65. Символ 9
,WORD,D11609,0,0,Память для хранения названий рецептов. Задание 65. Символ 10
,WORD,D11610,0,0,Память для хранения названий рецептов. Задание 65. Символ 11
,WORD,D11611,0,0,Память для хранения названий рецептов. Задание 65. Символ 12
,WORD,D11612,0,0,Память для хранения названий рецептов. Задание 65. Символ 13
,WORD,D11613,0,0,Память для хранения названий рецептов. Задание 65. Символ 14
,WORD,D11614,0,0,Память для хранения названий рецептов. Задание 65. Символ 15
,WORD,D11615,0,0,Память для хранения названий рецептов. Задание 65. Символ 16
,WORD,D11616,0,0,Память для хранения названий рецептов. Задание 65. Символ 17
,WORD,D11617,0,0,Память для хранения названий рецептов. Задание 65. Символ 18
,WORD,D11618,0,0,Память для хранения названий рецептов. Задание 65. Символ 19
,WORD,D11619,0,0,Память для хранения названий рецептов. Задание 65. Символ 20
,WORD,D11620,0,0,Память для хранения названий рецептов. Задание 65. Символ 21
,WORD,D11621,0,0,Память для хранения названий рецептов. Задание 65. Символ 22
,WORD,D11622,0,0,Память для хранения названий рецептов. Задание 65. Символ 23
,WORD,D11623,0,0,Память для хранения названий рецептов. Задание 65. Символ 24
,WORD,D11624,0,0,Память для хранения названий рецептов. Задание 65. Символ 25
,WORD,D11625,0,0,Память для хранения названий рецептов. Задание 66. Символ 1
,WORD,D11626,0,0,Память для хранения названий рецептов. Задание 66. Символ 2
,WORD,D11627,0,0,Память для хранения названий рецептов. Задание 66. Символ 3
,WORD,D11628,0,0,Память для хранения названий рецептов. Задание 66. Символ 4
,WORD,D11629,0,0,Память для хранения названий рецептов. Задание 66. Символ 5
,WORD,D11630,0,0,Память для хранения названий рецептов. Задание 66. Символ 6
,WORD,D11631,0,0,Память для хранения названий рецептов. Задание 66. Символ 7
,WORD,D11632,0,0,Память для хранения названий рецептов. Задание 66. Символ 8
,WORD,D11633,0,0,Память для хранения названий рецептов. Задание 66. Символ 9
,WORD,D11634,0,0,Память для хранения названий рецептов. Задание 66. Символ 10
,WORD,D11635,0,0,Память для хранения названий рецептов. Задание 66. Символ 11
,WORD,D11636,0,0,Память для хранения названий рецептов. Задание 66. Символ 12
,WORD,D11637,0,0,Память для хранения названий рецептов. Задание 66. Символ 13
,WORD,D11638,0,0,Память для хранения названий рецептов. Задание 66. Символ 14
,WORD,D11639,0,0,Память для хранения названий рецептов. Задание 66. Символ 15
,WORD,D11640,0,0,Память для хранения названий рецептов. Задание 66. Символ 16
,WORD,D11641,0,0,Память для хранения названий рецептов. Задание 66. Символ 17
,WORD,D11642,0,0,Память для хранения названий рецептов. Задание 66. Символ 18
,WORD,D11643,0,0,Память для хранения названий рецептов. Задание 66. Символ 19
,WORD,D11644,0,0,Память для хранения названий рецептов. Задание 66. Символ 20
,WORD,D11645,0,0,Память для хранения названий рецептов. Задание 66. Символ 21
,WORD,D11646,0,0,Память для хранения названий рецептов. Задание 66. Символ 22
,WORD,D11647,0,0,Память для хранения названий рецептов. Задание 66. Символ 23
,WORD,D11648,0,0,Память для хранения названий рецептов. Задание 66. Символ 24
,WORD,D11649,0,0,Память для хранения названий рецептов. Задание 66. Символ 25
,WORD,D11650,0,0,Память для хранения названий рецептов. Задание 67. Символ 1
,WORD,D11651,0,0,Память для хранения названий рецептов. Задание 67. Символ 2
,WORD,D11652,0,0,Память для хранения названий рецептов. Задание 67. Символ 3
,WORD,D11653,0,0,Память для хранения названий рецептов. Задание 67. Символ 4
,WORD,D11654,0,0,Память для хранения названий рецептов. Задание 67. Символ 5
,WORD,D11655,0,0,Память для хранения названий рецептов. Задание 67. Символ 6
,WORD,D11656,0,0,Память для хранения названий рецептов. Задание 67. Символ 7
,WORD,D11657,0,0,Память для хранения названий рецептов. Задание 67. Символ 8
,WORD,D11658,0,0,Память для хранения названий рецептов. Задание 67. Символ 9
,WORD,D11659,0,0,Память для хранения названий рецептов. Задание 67. Символ 10
,WORD,D11660,0,0,Память для хранения названий рецептов. Задание 67. Символ 11
,WORD,D11661,0,0,Память для хранения названий рецептов. Задание 67. Символ 12
,WORD,D11662,0,0,Память для хранения названий рецептов. Задание 67. Символ 13
,WORD,D11663,0,0,Память для хранения названий рецептов. Задание 67. Символ 14
,WORD,D11664,0,0,Память для хранения названий рецептов. Задание 67. Символ 15
,WORD,D11665,0,0,Память для хранения названий рецептов. Задание 67. Символ 16
,WORD,D11666,0,0,Память для хранения названий рецептов. Задание 67. Символ 17
,WORD,D11667,0,0,Память для хранения названий рецептов. Задание 67. Символ 18
,WORD,D11668,0,0,Память для хранения названий рецептов. Задание 67. Символ 19
,WORD,D11669,0,0,Память для хранения названий рецептов. Задание 67. Символ 20
,WORD,D11670,0,0,Память для хранения названий рецептов. Задание 67. Символ 21
,WORD,D11671,0,0,Память для хранения названий рецептов. Задание 67. Символ 22
,WORD,D11672,0,0,Память для хранения названий рецептов. Задание 67. Символ 23
,WORD,D11673,0,0,Память для хранения названий рецептов. Задание 67. Символ 24
,WORD,D11674,0,0,Память для хранения названий рецептов. Задание 67. Символ 25
,WORD,D11675,0,0,Память для хранения названий рецептов. Задание 68. Символ 1
,WORD,D11676,0,0,Память для хранения названий рецептов. Задание 68. Символ 2
,WORD,D11677,0,0,Память для хранения названий рецептов. Задание 68. Символ 3
,WORD,D11678,0,0,Память для хранения названий рецептов. Задание 68. Символ 4
,WORD,D11679,0,0,Память для хранения названий рецептов. Задание 68. Символ 5
,WORD,D11680,0,0,Память для хранения названий рецептов. Задание 68. Символ 6
,WORD,D11681,0,0,Память для хранения названий рецептов. Задание 68. Символ 7
,WORD,D11682,0,0,Память для хранения названий рецептов. Задание 68. Символ 8
,WORD,D11683,0,0,Память для хранения названий рецептов. Задание 68. Символ 9
,WORD,D11684,0,0,Память для хранения названий рецептов. Задание 68. Символ 10
,WORD,D11685,0,0,Память для хранения названий рецептов. Задание 68. Символ 11
,WORD,D11686,0,0,Память для хранения названий рецептов. Задание 68. Символ 12
,WORD,D11687,0,0,Память для хранения названий рецептов. Задание 68. Символ 13
,WORD,D11688,0,0,Память для хранения названий рецептов. Задание 68. Символ 14
,WORD,D11689,0,0,Память для хранения названий рецептов. Задание 68. Символ 15
,WORD,D11690,0,0,Память для хранения названий рецептов. Задание 68. Символ 16
,WORD,D11691,0,0,Память для хранения названий рецептов. Задание 68. Символ 17
,WORD,D11692,0,0,Память для хранения названий рецептов. Задание 68. Символ 18
,WORD,D11693,0,0,Память для хранения названий рецептов. Задание 68. Символ 19
,WORD,D11694,0,0,Память для хранения названий рецептов. Задание 68. Символ 20
,WORD,D11695,0,0,Память для хранения названий рецептов. Задание 68. Символ 21
,WORD,D11696,0,0,Память для хранения названий рецептов. Задание 68. Символ 22
,WORD,D11697,0,0,Память для хранения названий рецептов. Задание 68. Символ 23
,WORD,D11698,0,0,Память для хранения названий рецептов. Задание 68. Символ 24
,WORD,D11699,0,0,Память для хранения названий рецептов. Задание 68. Символ 25
,WORD,D11700,0,0,Память для хранения названий рецептов. Задание 69. Символ 1
,WORD,D11701,0,0,Память для хранения названий рецептов. Задание 69. Символ 2
,WORD,D11702,0,0,Память для хранения названий рецептов. Задание 69. Символ 3
,WORD,D11703,0,0,Память для хранения названий рецептов. Задание 69. Символ 4
,WORD,D11704,0,0,Память для хранения названий рецептов. Задание 69. Символ 5
,WORD,D11705,0,0,Память для хранения названий рецептов. Задание 69. Символ 6
,WORD,D11706,0,0,Память для хранения названий рецептов. Задание 69. Символ 7
,WORD,D11707,0,0,Память для хранения названий рецептов. Задание 69. Символ 8
,WORD,D11708,0,0,Память для хранения названий рецептов. Задание 69. Символ 9
,WORD,D11709,0,0,Память для хранения названий рецептов. Задание 69. Символ 10
,WORD,D11710,0,0,Память для хранения названий рецептов. Задание 69. Символ 11
,WORD,D11711,0,0,Память для хранения названий рецептов. Задание 69. Символ 12
,WORD,D11712,0,0,Память для хранения названий рецептов. Задание 69. Символ 13
,WORD,D11713,0,0,Память для хранения названий рецептов. Задание 69. Символ 14
,WORD,D11714,0,0,Память для хранения названий рецептов. Задание 69. Символ 15
,WORD,D11715,0,0,Память для хранения названий рецептов. Задание 69. Символ 16
,WORD,D11716,0,0,Память для хранения названий рецептов. Задание 69. Символ 17
,WORD,D11717,0,0,Память для хранения названий рецептов. Задание 69. Символ 18
,WORD,D11718,0,0,Память для хранения названий рецептов. Задание 69. Символ 19
,WORD,D11719,0,0,Память для хранения названий рецептов. Задание 69. Символ 20
,WORD,D11720,0,0,Память для хранения названий рецептов. Задание 69. Символ 21
,WORD,D11721,0,0,Память для хранения названий рецептов. Задание 69. Символ 22
,WORD,D11722,0,0,Память для хранения названий рецептов. Задание 69. Символ 23
,WORD,D11723,0,0,Память для хранения названий рецептов. Задание 69. Символ 24
,WORD,D11724,0,0,Память для хранения названий рецептов. Задание 69. Символ 25
,WORD,D11725,0,0,Память для хранения названий рецептов. Задание 70. Символ 1
,WORD,D11726,0,0,Память для хранения названий рецептов. Задание 70. Символ 2
,WORD,D11727,0,0,Память для хранения названий рецептов. Задание 70. Символ 3
,WORD,D11728,0,0,Память для хранения названий рецептов. Задание 70. Символ 4
,WORD,D11729,0,0,Память для хранения названий рецептов. Задание 70. Символ 5
,WORD,D11730,0,0,Память для хранения названий рецептов. Задание 70. Символ 6
,WORD,D11731,0,0,Память для хранения названий рецептов. Задание 70. Символ 7
,WORD,D11732,0,0,Память для хранения названий рецептов. Задание 70. Символ 8
,WORD,D11733,0,0,Память для хранения названий рецептов. Задание 70. Символ 9
,WORD,D11734,0,0,Память для хранения названий рецептов. Задание 70. Символ 10
,WORD,D11735,0,0,Память для хранения названий рецептов. Задание 70. Символ 11
,WORD,D11736,0,0,Память для хранения названий рецептов. Задание 70. Символ 12
,WORD,D11737,0,0,Память для хранения названий рецептов. Задание 70. Символ 13
,WORD,D11738,0,0,Память для хранения названий рецептов. Задание 70. Символ 14
,WORD,D11739,0,0,Память для хранения названий рецептов. Задание 70. Символ 15
,WORD,D11740,0,0,Память для хранения названий рецептов. Задание 70. Символ 16
,WORD,D11741,0,0,Память для хранения названий рецептов. Задание 70. Символ 17
,WORD,D11742,0,0,Память для хранения названий рецептов. Задание 70. Символ 18
,WORD,D11743,0,0,Память для хранения названий рецептов. Задание 70. Символ 19
,WORD,D11744,0,0,Память для хранения названий рецептов. Задание 70. Символ 20
,WORD,D11745,0,0,Память для хранения названий рецептов. Задание 70. Символ 21
,WORD,D11746,0,0,Память для хранения названий рецептов. Задание 70. Символ 22
,WORD,D11747,0,0,Память для хранения названий рецептов. Задание 70. Символ 23
,WORD,D11748,0,0,Память для хранения названий рецептов. Задание 70. Символ 24
,WORD,D11749,0,0,Память для хранения названий рецептов. Задание 70. Символ 25
,WORD,D11750,0,0,Память для хранения названий рецептов. Задание 71. Символ 1
,WORD,D11751,0,0,Память для хранения названий рецептов. Задание 71. Символ 2
,WORD,D11752,0,0,Память для хранения названий рецептов. Задание 71. Символ 3
,WORD,D11753,0,0,Память для хранения названий рецептов. Задание 71. Символ 4
,WORD,D11754,0,0,Память для хранения названий рецептов. Задание 71. Символ 5
,WORD,D11755,0,0,Память для хранения названий рецептов. Задание 71. Символ 6
,WORD,D11756,0,0,Память для хранения названий рецептов. Задание 71. Символ 7
,WORD,D11757,0,0,Память для хранения названий рецептов. Задание 71. Символ 8
,WORD,D11758,0,0,Память для хранения названий рецептов. Задание 71. Символ 9
,WORD,D11759,0,0,Память для хранения названий рецептов. Задание 71. Символ 10
,WORD,D11760,0,0,Память для хранения названий рецептов. Задание 71. Символ 11
,WORD,D11761,0,0,Память для хранения названий рецептов. Задание 71. Символ 12
,WORD,D11762,0,0,Память для хранения названий рецептов. Задание 71. Символ 13
,WORD,D11763,0,0,Память для хранения названий рецептов. Задание 71. Символ 14
,WORD,D11764,0,0,Память для хранения названий рецептов. Задание 71. Символ 15
,WORD,D11765,0,0,Память для хранения названий рецептов. Задание 71. Символ 16
,WORD,D11766,0,0,Память для хранения названий рецептов. Задание 71. Символ 17
,WORD,D11767,0,0,Память для хранения названий рецептов. Задание 71. Символ 18
,WORD,D11768,0,0,Память для хранения названий рецептов. Задание 71. Символ 19
,WORD,D11769,0,0,Память для хранения названий рецептов. Задание 71. Символ 20
,WORD,D11770,0,0,Память для хранения названий рецептов. Задание 71. Символ 21
,WORD,D11771,0,0,Память для хранения названий рецептов. Задание 71. Символ 22
,WORD,D11772,0,0,Память для хранения названий рецептов. Задание 71. Символ 23
,WORD,D11773,0,0,Память для хранения названий рецептов. Задание 71. Символ 24
,WORD,D11774,0,0,Память для хранения названий рецептов. Задание 71. Символ 25
,WORD,D11775,0,0,Память для хранения названий рецептов. Задание 72. Символ 1
,WORD,D11776,0,0,Память для хранения названий рецептов. Задание 72. Символ 2
,WORD,D11777,0,0,Память для хранения названий рецептов. Задание 72. Символ 3
,WORD,D11778,0,0,Память для хранения названий рецептов. Задание 72. Символ 4
,WORD,D11779,0,0,Память для хранения названий рецептов. Задание 72. Символ 5
,WORD,D11780,0,0,Память для хранения названий рецептов. Задание 72. Символ 6
,WORD,D11781,0,0,Память для хранения названий рецептов. Задание 72. Символ 7
,WORD,D11782,0,0,Память для хранения названий рецептов. Задание 72. Символ 8
,WORD,D11783,0,0,Память для хранения названий рецептов. Задание 72. Символ 9
,WORD,D11784,0,0,Память для хранения названий рецептов. Задание 72. Символ 10
,WORD,D11785,0,0,Память для хранения названий рецептов. Задание 72. Символ 11
,WORD,D11786,0,0,Память для хранения названий рецептов. Задание 72. Символ 12
,WORD,D11787,0,0,Память для хранения названий рецептов. Задание 72. Символ 13
,WORD,D11788,0,0,Память для хранения названий рецептов. Задание 72. Символ 14
,WORD,D11789,0,0,Память для хранения названий рецептов. Задание 72. Символ 15
,WORD,D11790,0,0,Память для хранения названий рецептов. Задание 72. Символ 16
,WORD,D11791,0,0,Память для хранения названий рецептов. Задание 72. Символ 17
,WORD,D11792,0,0,Память для хранения названий рецептов. Задание 72. Символ 18
,WORD,D11793,0,0,Память для хранения названий рецептов. Задание 72. Символ 19
,WORD,D11794,0,0,Память для хранения названий рецептов. Задание 72. Символ 20
,WORD,D11795,0,0,Память для хранения названий рецептов. Задание 72. Символ 21
,WORD,D11796,0,0,Память для хранения названий рецептов. Задание 72. Символ 22
,WORD,D11797,0,0,Память для хранения названий рецептов. Задание 72. Символ 23
,WORD,D11798,0,0,Память для хранения названий рецептов. Задание 72. Символ 24
,WORD,D11799,0,0,Память для хранения названий рецептов. Задание 72. Символ 25
,WORD,D11800,0,0,Память для хранения названий рецептов. Задание 73. Символ 1
,WORD,D11801,0,0,Память для хранения названий рецептов. Задание 73. Символ 2
,WORD,D11802,0,0,Память для хранения названий рецептов. Задание 73. Символ 3
,WORD,D11803,0,0,Память для хранения названий рецептов. Задание 73. Символ 4
,WORD,D11804,0,0,Память для хранения названий рецептов. Задание 73. Символ 5
,WORD,D11805,0,0,Память для хранения названий рецептов. Задание 73. Символ 6
,WORD,D11806,0,0,Память для хранения названий рецептов. Задание 73. Символ 7
,WORD,D11807,0,0,Память для хранения названий рецептов. Задание 73. Символ 8
,WORD,D11808,0,0,Память для хранения названий рецептов. Задание 73. Символ 9
,WORD,D11809,0,0,Память для хранения названий рецептов. Задание 73. Символ 10
,WORD,D11810,0,0,Память для хранения названий рецептов. Задание 73. Символ 11
,WORD,D11811,0,0,Память для хранения названий рецептов. Задание 73. Символ 12
,WORD,D11812,0,0,Память для хранения названий рецептов. Задание 73. Символ 13
,WORD,D11813,0,0,Память для хранения названий рецептов. Задание 73. Символ 14
,WORD,D11814,0,0,Память для хранения названий рецептов. Задание 73. Символ 15
,WORD,D11815,0,0,Память для хранения названий рецептов. Задание 73. Символ 16
,WORD,D11816,0,0,Память для хранения названий рецептов. Задание 73. Символ 17
,WORD,D11817,0,0,Память для хранения названий рецептов. Задание 73. Символ 18
,WORD,D11818,0,0,Память для хранения названий рецептов. Задание 73. Символ 19
,WORD,D11819,0,0,Память для хранения названий рецептов. Задание 73. Символ 20
,WORD,D11820,0,0,Память для хранения названий рецептов. Задание 73. Символ 21
,WORD,D11821,0,0,Память для хранения названий рецептов. Задание 73. Символ 22
,WORD,D11822,0,0,Память для хранения названий рецептов. Задание 73. Символ 23
,WORD,D11823,0,0,Память для хранения названий рецептов. Задание 73. Символ 24
,WORD,D11824,0,0,Память для хранения названий рецептов. Задание 73. Символ 25
,WORD,D11825,0,0,Память для хранения названий рецептов. Задание 74. Символ 1
,WORD,D11826,0,0,Память для хранения названий рецептов. Задание 74. Символ 2
,WORD,D11827,0,0,Память для хранения названий рецептов. Задание 74. Символ 3
,WORD,D11828,0,0,Память для хранения названий рецептов. Задание 74. Символ 4
,WORD,D11829,0,0,Память для хранения названий рецептов. Задание 74. Символ 5
,WORD,D11830,0,0,Память для хранения названий рецептов. Задание 74. Символ 6
,WORD,D11831,0,0,Память для хранения названий рецептов. Задание 74. Символ 7
,WORD,D11832,0,0,Память для хранения названий рецептов. Задание 74. Символ 8
,WORD,D11833,0,0,Память для хранения названий рецептов. Задание 74. Символ 9
,WORD,D11834,0,0,Память для хранения названий рецептов. Задание 74. Символ 10
,WORD,D11835,0,0,Память для хранения названий рецептов. Задание 74. Символ 11
,WORD,D11836,0,0,Память для хранения названий рецептов. Задание 74. Символ 12
,WORD,D11837,0,0,Память для хранения названий рецептов. Задание 74. Символ 13
,WORD,D11838,0,0,Память для хранения названий рецептов. Задание 74. Символ 14
,WORD,D11839,0,0,Память для хранения названий рецептов. Задание 74. Символ 15
,WORD,D11840,0,0,Память для хранения названий рецептов. Задание 74. Символ 16
,WORD,D11841,0,0,Память для хранения названий рецептов. Задание 74. Символ 17
,WORD,D11842,0,0,Память для хранения названий рецептов. Задание 74. Символ 18
,WORD,D11843,0,0,Память для хранения названий рецептов. Задание 74. Символ 19
,WORD,D11844,0,0,Память для хранения названий рецептов. Задание 74. Символ 20
,WORD,D11845,0,0,Память для хранения названий рецептов. Задание 74. Символ 21
,WORD,D11846,0,0,Память для хранения названий рецептов. Задание 74. Символ 22
,WORD,D11847,0,0,Память для хранения названий рецептов. Задание 74. Символ 23
,WORD,D11848,0,0,Память для хранения названий рецептов. Задание 74. Символ 24
,WORD,D11849,0,0,Память для хранения названий рецептов. Задание 74. Символ 25
,WORD,D11850,0,0,Память для хранения названий рецептов. Задание 75. Символ 1
,WORD,D11851,0,0,Память для хранения названий рецептов. Задание 75. Символ 2
,WORD,D11852,0,0,Память для хранения названий рецептов. Задание 75. Символ 3
,WORD,D11853,0,0,Память для хранения названий рецептов. Задание 75. Символ 4
,WORD,D11854,0,0,Память для хранения названий рецептов. Задание 75. Символ 5
,WORD,D11855,0,0,Память для хранения названий рецептов. Задание 75. Символ 6
,WORD,D11856,0,0,Память для хранения названий рецептов. Задание 75. Символ 7
,WORD,D11857,0,0,Память для хранения названий рецептов. Задание 75. Символ 8
,WORD,D11858,0,0,Память для хранения названий рецептов. Задание 75. Символ 9
,WORD,D11859,0,0,Память для хранения названий рецептов. Задание 75. Символ 10
,WORD,D11860,0,0,Память для хранения названий рецептов. Задание 75. Символ 11
,WORD,D11861,0,0,Память для хранения названий рецептов. Задание 75. Символ 12
,WORD,D11862,0,0,Память для хранения названий рецептов. Задание 75. Символ 13
,WORD,D11863,0,0,Память для хранения названий рецептов. Задание 75. Символ 14
,WORD,D11864,0,0,Память для хранения названий рецептов. Задание 75. Символ 15
,WORD,D11865,0,0,Память для хранения названий рецептов. Задание 75. Символ 16
,WORD,D11866,0,0,Память для хранения названий рецептов. Задание 75. Символ 17
,WORD,D11867,0,0,Память для хранения названий рецептов. Задание 75. Символ 18
,WORD,D11868,0,0,Память для хранения названий рецептов. Задание 75. Символ 19
,WORD,D11869,0,0,Память для хранения названий рецептов. Задание 75. Символ 20
,WORD,D11870,0,0,Память для хранения названий рецептов. Задание 75. Символ 21
,WORD,D11871,0,0,Память для хранения названий рецептов. Задание 75. Символ 22
,WORD,D11872,0,0,Память для хранения названий рецептов. Задание 75. Символ 23
,WORD,D11873,0,0,Память для хранения названий рецептов. Задание 75. Символ 24
,WORD,D11874,0,0,Память для хранения названий рецептов. Задание 75. Символ 25
,WORD,D11875,0,0,Память для хранения названий рецептов. Задание 76. Символ 1
,WORD,D11876,0,0,Память для хранения названий рецептов. Задание 76. Символ 2
,WORD,D11877,0,0,Память для хранения названий рецептов. Задание 76. Символ 3
,WORD,D11878,0,0,Память для хранения названий рецептов. Задание 76. Символ 4
,WORD,D11879,0,0,Память для хранения названий рецептов. Задание 76. Символ 5
,WORD,D11880,0,0,Память для хранения названий рецептов. Задание 76. Символ 6
,WORD,D11881,0,0,Память для хранения названий рецептов. Задание 76. Символ 7
,WORD,D11882,0,0,Память для хранения названий рецептов. Задание 76. Символ 8
,WORD,D11883,0,0,Память для хранения названий рецептов. Задание 76. Символ 9
,WORD,D11884,0,0,Память для хранения названий рецептов. Задание 76. Символ 10
,WORD,D11885,0,0,Память для хранения названий рецептов. Задание 76. Символ 11
,WORD,D11886,0,0,Память для хранения названий рецептов. Задание 76. Символ 12
,WORD,D11887,0,0,Память для хранения названий рецептов. Задание 76. Символ 13
,WORD,D11888,0,0,Память для хранения названий рецептов. Задание 76. Символ 14
,WORD,D11889,0,0,Память для хранения названий рецептов. Задание 76. Символ 15
,WORD,D11890,0,0,Память для хранения названий рецептов. Задание 76. Символ 16
,WORD,D11891,0,0,Память для хранения названий рецептов. Задание 76. Символ 17
,WORD,D11892,0,0,Память для хранения названий рецептов. Задание 76. Символ 18
,WORD,D11893,0,0,Память для хранения названий рецептов. Задание 76. Символ 19
,WORD,D11894,0,0,Память для хранения названий рецептов. Задание 76. Символ 20
,WORD,D11895,0,0,Память для хранения названий рецептов. Задание 76. Символ 21
,WORD,D11896,0,0,Память для хранения названий рецептов. Задание 76. Символ 22
,WORD,D11897,0,0,Память для хранения названий рецептов. Задание 76. Символ 23
,WORD,D11898,0,0,Память для хранения названий рецептов. Задание 76. Символ 24
,WORD,D11899,0,0,Память для хранения названий рецептов. Задание 76. Символ 25
,WORD,D11900,0,0,Память для хранения названий рецептов. Задание 77. Символ 1
,WORD,D11901,0,0,Память для хранения названий рецептов. Задание 77. Символ 2
,WORD,D11902,0,0,Память для хранения названий рецептов. Задание 77. Символ 3
,WORD,D11903,0,0,Память для хранения названий рецептов. Задание 77. Символ 4
,WORD,D11904,0,0,Память для хранения названий рецептов. Задание 77. Символ 5
,WORD,D11905,0,0,Память для хранения названий рецептов. Задание 77. Символ 6
,WORD,D11906,0,0,Память для хранения названий рецептов. Задание 77. Символ 7
,WORD,D11907,0,0,Память для хранения названий рецептов. Задание 77. Символ 8
,WORD,D11908,0,0,Память для хранения названий рецептов. Задание 77. Символ 9
,WORD,D11909,0,0,Память для хранения названий рецептов. Задание 77. Символ 10
,WORD,D11910,0,0,Память для хранения названий рецептов. Задание 77. Символ 11
,WORD,D11911,0,0,Память для хранения названий рецептов. Задание 77. Символ 12
,WORD,D11912,0,0,Память для хранения названий рецептов. Задание 77. Символ 13
,WORD,D11913,0,0,Память для хранения названий рецептов. Задание 77. Символ 14
,WORD,D11914,0,0,Память для хранения названий рецептов. Задание 77. Символ 15
,WORD,D11915,0,0,Память для хранения названий рецептов. Задание 77. Символ 16
,WORD,D11916,0,0,Память для хранения названий рецептов. Задание 77. Символ 17
,WORD,D11917,0,0,Память для хранения названий рецептов. Задание 77. Символ 18
,WORD,D11918,0,0,Память для хранения названий рецептов. Задание 77. Символ 19
,WORD,D11919,0,0,Память для хранения названий рецептов. Задание 77. Символ 20
,WORD,D11920,0,0,Память для хранения названий рецептов. Задание 77. Символ 21
,WORD,D11921,0,0,Память для хранения названий рецептов. Задание 77. Символ 22
,WORD,D11922,0,0,Память для хранения названий рецептов. Задание 77. Символ 23
,WORD,D11923,0,0,Память для хранения названий рецептов. Задание 77. Символ 24
,WORD,D11924,0,0,Память для хранения названий рецептов. Задание 77. Символ 25
,WORD,D11925,0,0,Память для хранения названий рецептов. Задание 78. Символ 1
,WORD,D11926,0,0,Память для хранения названий рецептов. Задание 78. Символ 2
,WORD,D11927,0,0,Память для хранения названий рецептов. Задание 78. Символ 3
,WORD,D11928,0,0,Память для хранения названий рецептов. Задание 78. Символ 4
,WORD,D11929,0,0,Память для хранения названий рецептов. Задание 78. Символ 5
,WORD,D11930,0,0,Память для хранения названий рецептов. Задание 78. Символ 6
,WORD,D11931,0,0,Память для хранения названий рецептов. Задание 78. Символ 7
,WORD,D11932,0,0,Память для хранения названий рецептов. Задание 78. Символ 8
,WORD,D11933,0,0,Память для хранения названий рецептов. Задание 78. Символ 9
,WORD,D11934,0,0,Память для хранения названий рецептов. Задание 78. Символ 10
,WORD,D11935,0,0,Память для хранения названий рецептов. Задание 78. Символ 11
,WORD,D11936,0,0,Память для хранения названий рецептов. Задание 78. Символ 12
,WORD,D11937,0,0,Память для хранения названий рецептов. Задание 78. Символ 13
,WORD,D11938,0,0,Память для хранения названий рецептов. Задание 78. Символ 14
,WORD,D11939,0,0,Память для хранения названий рецептов. Задание 78. Символ 15
,WORD,D11940,0,0,Память для хранения названий рецептов. Задание 78. Символ 16
,WORD,D11941,0,0,Память для хранения названий рецептов. Задание 78. Символ 17
,WORD,D11942,0,0,Память для хранения названий рецептов. Задание 78. Символ 18
,WORD,D11943,0,0,Память для хранения названий рецептов. Задание 78. Символ 19
,WORD,D11944,0,0,Память для хранения названий рецептов. Задание 78. Символ 20
,WORD,D11945,0,0,Память для хранения названий рецептов. Задание 78. Символ 21
,WORD,D11946,0,0,Память для хранения названий рецептов. Задание 78. Символ 22
,WORD,D11947,0,0,Память для хранения названий рецептов. Задание 78. Символ 23
,WORD,D11948,0,0,Память для хранения названий рецептов. Задание 78. Символ 24
,WORD,D11949,0,0,Память для хранения названий рецептов. Задание 78. Символ 25
,WORD,D11950,0,0,Память для хранения названий рецептов. Задание 79. Символ 1
,WORD,D11951,0,0,Память для хранения названий рецептов. Задание 79. Символ 2
,WORD,D11952,0,0,Память для хранения названий рецептов. Задание 79. Символ 3
,WORD,D11953,0,0,Память для хранения названий рецептов. Задание 79. Символ 4
,WORD,D11954,0,0,Память для хранения названий рецептов. Задание 79. Символ 5
,WORD,D11955,0,0,Память для хранения названий рецептов. Задание 79. Символ 6
,WORD,D11956,0,0,Память для хранения названий рецептов. Задание 79. Символ 7
,WORD,D11957,0,0,Память для хранения названий рецептов. Задание 79. Символ 8
,WORD,D11958,0,0,Память для хранения названий рецептов. Задание 79. Символ 9
,WORD,D11959,0,0,Память для хранения названий рецептов. Задание 79. Символ 10
,WORD,D11960,0,0,Память для хранения названий рецептов. Задание 79. Символ 11
,WORD,D11961,0,0,Память для хранения названий рецептов. Задание 79. Символ 12
,WORD,D11962,0,0,Память для хранения названий рецептов. Задание 79. Символ 13
,WORD,D11963,0,0,Память для хранения названий рецептов. Задание 79. Символ 14
,WORD,D11964,0,0,Память для хранения названий рецептов. Задание 79. Символ 15
,WORD,D11965,0,0,Память для хранения названий рецептов. Задание 79. Символ 16
,WORD,D11966,0,0,Память для хранения названий рецептов. Задание 79. Символ 17
,WORD,D11967,0,0,Память для хранения названий рецептов. Задание 79. Символ 18
,WORD,D11968,0,0,Память для хранения названий рецептов. Задание 79. Символ 19
,WORD,D11969,0,0,Память для хранения названий рецептов. Задание 79. Символ 20
,WORD,D11970,0,0,Память для хранения названий рецептов. Задание 79. Символ 21
,WORD,D11971,0,0,Память для хранения названий рецептов. Задание 79. Символ 22
,WORD,D11972,0,0,Память для хранения названий рецептов. Задание 79. Символ 23
,WORD,D11973,0,0,Память для хранения названий рецептов. Задание 79. Символ 24
,WORD,D11974,0,0,Память для хранения названий рецептов. Задание 79. Символ 25
,WORD,D11975,0,0,Память для хранения названий рецептов. Задание 80. Символ 1
,WORD,D11976,0,0,Память для хранения названий рецептов. Задание 80. Символ 2
,WORD,D11977,0,0,Память для хранения названий рецептов. Задание 80. Символ 3
,WORD,D11978,0,0,Память для хранения названий рецептов. Задание 80. Символ 4
,WORD,D11979,0,0,Память для хранения названий рецептов. Задание 80. Символ 5
,WORD,D11980,0,0,Память для хранения названий рецептов. Задание 80. Символ 6
,WORD,D11981,0,0,Память для хранения названий рецептов. Задание 80. Символ 7
,WORD,D11982,0,0,Память для хранения названий рецептов. Задание 80. Символ 8
,WORD,D11983,0,0,Память для хранения названий рецептов. Задание 80. Символ 9
,WORD,D11984,0,0,Память для хранения названий рецептов. Задание 80. Символ 10
,WORD,D11985,0,0,Память для хранения названий рецептов. Задание 80. Символ 11
,WORD,D11986,0,0,Память для хранения названий рецептов. Задание 80. Символ 12
,WORD,D11987,0,0,Память для хранения названий рецептов. Задание 80. Символ 13
,WORD,D11988,0,0,Память для хранения названий рецептов. Задание 80. Символ 14
,WORD,D11989,0,0,Память для хранения названий рецептов. Задание 80. Символ 15
,WORD,D11990,0,0,Память для хранения названий рецептов. Задание 80. Символ 16
,WORD,D11991,0,0,Память для хранения названий рецептов. Задание 80. Символ 17
,WORD,D11992,0,0,Память для хранения названий рецептов. Задание 80. Символ 18
,WORD,D11993,0,0,Память для хранения названий рецептов. Задание 80. Символ 19
,WORD,D11994,0,0,Память для хранения названий рецептов. Задание 80. Символ 20
,WORD,D11995,0,0,Память для хранения названий рецептов. Задание 80. Символ 21
,WORD,D11996,0,0,Память для хранения названий рецептов. Задание 80. Символ 22
,WORD,D11997,0,0,Память для хранения названий рецептов. Задание 80. Символ 23
,WORD,D11998,0,0,Память для хранения названий рецептов. Задание 80. Символ 24
,WORD,D11999,0,0,Память для хранения названий рецептов. Задание 80. Символ 25
,WORD,D12000,0,0,Память для хранения названий рецептов. Задание 81. Символ 1
,WORD,D12001,0,0,Память для хранения названий рецептов. Задание 81. Символ 2
,WORD,D12002,0,0,Память для хранения названий рецептов. Задание 81. Символ 3
,WORD,D12003,0,0,Память для хранения названий рецептов. Задание 81. Символ 4
,WORD,D12004,0,0,Память для хранения названий рецептов. Задание 81. Символ 5
,WORD,D12005,0,0,Память для хранения названий рецептов. Задание 81. Символ 6
,WORD,D12006,0,0,Память для хранения названий рецептов. Задание 81. Символ 7
,WORD,D12007,0,0,Память для хранения названий рецептов. Задание 81. Символ 8
,WORD,D12008,0,0,Память для хранения названий рецептов. Задание 81. Символ 9
,WORD,D12009,0,0,Память для хранения названий рецептов. Задание 81. Символ 10
,WORD,D12010,0,0,Память для хранения названий рецептов. Задание 81. Символ 11
,WORD,D12011,0,0,Память для хранения названий рецептов. Задание 81. Символ 12
,WORD,D12012,0,0,Память для хранения названий рецептов. Задание 81. Символ 13
,WORD,D12013,0,0,Память для хранения названий рецептов. Задание 81. Символ 14
,WORD,D12014,0,0,Память для хранения названий рецептов. Задание 81. Символ 15
,WORD,D12015,0,0,Память для хранения названий рецептов. Задание 81. Символ 16
,WORD,D12016,0,0,Память для хранения названий рецептов. Задание 81. Символ 17
,WORD,D12017,0,0,Память для хранения названий рецептов. Задание 81. Символ 18
,WORD,D12018,0,0,Память для хранения названий рецептов. Задание 81. Символ 19
,WORD,D12019,0,0,Память для хранения названий рецептов. Задание 81. Символ 20
,WORD,D12020,0,0,Память для хранения названий рецептов. Задание 81. Символ 21
,WORD,D12021,0,0,Память для хранения названий рецептов. Задание 81. Символ 22
,WORD,D12022,0,0,Память для хранения названий рецептов. Задание 81. Символ 23
,WORD,D12023,0,0,Память для хранения названий рецептов. Задание 81. Символ 24
,WORD,D12024,0,0,Память для хранения названий рецептов. Задание 81. Символ 25
,WORD,D12025,0,0,Память для хранения названий рецептов. Задание 82. Символ 1
,WORD,D12026,0,0,Память для хранения названий рецептов. Задание 82. Символ 2
,WORD,D12027,0,0,Память для хранения названий рецептов. Задание 82. Символ 3
,WORD,D12028,0,0,Память для хранения названий рецептов. Задание 82. Символ 4
,WORD,D12029,0,0,Память для хранения названий рецептов. Задание 82. Символ 5
,WORD,D12030,0,0,Память для хранения названий рецептов. Задание 82. Символ 6
,WORD,D12031,0,0,Память для хранения названий рецептов. Задание 82. Символ 7
,WORD,D12032,0,0,Память для хранения названий рецептов. Задание 82. Символ 8
,WORD,D12033,0,0,Память для хранения названий рецептов. Задание 82. Символ 9
,WORD,D12034,0,0,Память для хранения названий рецептов. Задание 82. Символ 10
,WORD,D12035,0,0,Память для хранения названий рецептов. Задание 82. Символ 11
,WORD,D12036,0,0,Память для хранения названий рецептов. Задание 82. Символ 12
,WORD,D12037,0,0,Память для хранения названий рецептов. Задание 82. Символ 13
,WORD,D12038,0,0,Память для хранения названий рецептов. Задание 82. Символ 14
,WORD,D12039,0,0,Память для хранения названий рецептов. Задание 82. Символ 15
,WORD,D12040,0,0,Память для хранения названий рецептов. Задание 82. Символ 16
,WORD,D12041,0,0,Память для хранения названий рецептов. Задание 82. Символ 17
,WORD,D12042,0,0,Память для хранения названий рецептов. Задание 82. Символ 18
,WORD,D12043,0,0,Память для хранения названий рецептов. Задание 82. Символ 19
,WORD,D12044,0,0,Память для хранения названий рецептов. Задание 82. Символ 20
,WORD,D12045,0,0,Память для хранения названий рецептов. Задание 82. Символ 21
,WORD,D12046,0,0,Память для хранения названий рецептов. Задание 82. Символ 22
,WORD,D12047,0,0,Память для хранения названий рецептов. Задание 82. Символ 23
,WORD,D12048,0,0,Память для хранения названий рецептов. Задание 82. Символ 24
,WORD,D12049,0,0,Память для хранения названий рецептов. Задание 82. Символ 25
,WORD,D12050,0,0,Память для хранения названий рецептов. Задание 83. Символ 1
,WORD,D12051,0,0,Память для хранения названий рецептов. Задание 83. Символ 2
,WORD,D12052,0,0,Память для хранения названий рецептов. Задание 83. Символ 3
,WORD,D12053,0,0,Память для хранения названий рецептов. Задание 83. Символ 4
,WORD,D12054,0,0,Память для хранения названий рецептов. Задание 83. Символ 5
,WORD,D12055,0,0,Память для хранения названий рецептов. Задание 83. Символ 6
,WORD,D12056,0,0,Память для хранения названий рецептов. Задание 83. Символ 7
,WORD,D12057,0,0,Память для хранения названий рецептов. Задание 83. Символ 8
,WORD,D12058,0,0,Память для хранения названий рецептов. Задание 83. Символ 9
,WORD,D12059,0,0,Память для хранения названий рецептов. Задание 83. Символ 10
,WORD,D12060,0,0,Память для хранения названий рецептов. Задание 83. Символ 11
,WORD,D12061,0,0,Память для хранения названий рецептов. Задание 83. Символ 12
,WORD,D12062,0,0,Память для хранения названий рецептов. Задание 83. Символ 13
,WORD,D12063,0,0,Память для хранения названий рецептов. Задание 83. Символ 14
,WORD,D12064,0,0,Память для хранения названий рецептов. Задание 83. Символ 15
,WORD,D12065,0,0,Память для хранения названий рецептов. Задание 83. Символ 16
,WORD,D12066,0,0,Память для хранения названий рецептов. Задание 83. Символ 17
,WORD,D12067,0,0,Память для хранения названий рецептов. Задание 83. Символ 18
,WORD,D12068,0,0,Память для хранения названий рецептов. Задание 83. Символ 19
,WORD,D12069,0,0,Память для хранения названий рецептов. Задание 83. Символ 20
,WORD,D12070,0,0,Память для хранения названий рецептов. Задание 83. Символ 21
,WORD,D12071,0,0,Память для хранения названий рецептов. Задание 83. Символ 22
,WORD,D12072,0,0,Память для хранения названий рецептов. Задание 83. Символ 23
,WORD,D12073,0,0,Память для хранения названий рецептов. Задание 83. Символ 24
,WORD,D12074,0,0,Память для хранения названий рецептов. Задание 83. Символ 25
,WORD,D12075,0,0,Память для хранения названий рецептов. Задание 84. Символ 1
,WORD,D12076,0,0,Память для хранения названий рецептов. Задание 84. Символ 2
,WORD,D12077,0,0,Память для хранения названий рецептов. Задание 84. Символ 3
,WORD,D12078,0,0,Память для хранения названий рецептов. Задание 84. Символ 4
,WORD,D12079,0,0,Память для хранения названий рецептов. Задание 84. Символ 5
,WORD,D12080,0,0,Память для хранения названий рецептов. Задание 84. Символ 6
,WORD,D12081,0,0,Память для хранения названий рецептов. Задание 84. Символ 7
,WORD,D12082,0,0,Память для хранения названий рецептов. Задание 84. Символ 8
,WORD,D12083,0,0,Память для хранения названий рецептов. Задание 84. Символ 9
,WORD,D12084,0,0,Память для хранения названий рецептов. Задание 84. Символ 10
,WORD,D12085,0,0,Память для хранения названий рецептов. Задание 84. Символ 11
,WORD,D12086,0,0,Память для хранения названий рецептов. Задание 84. Символ 12
,WORD,D12087,0,0,Память для хранения названий рецептов. Задание 84. Символ 13
,WORD,D12088,0,0,Память для хранения названий рецептов. Задание 84. Символ 14
,WORD,D12089,0,0,Память для хранения названий рецептов. Задание 84. Символ 15
,WORD,D12090,0,0,Память для хранения названий рецептов. Задание 84. Символ 16
,WORD,D12091,0,0,Память для хранения названий рецептов. Задание 84. Символ 17
,WORD,D12092,0,0,Память для хранения названий рецептов. Задание 84. Символ 18
,WORD,D12093,0,0,Память для хранения названий рецептов. Задание 84. Символ 19
,WORD,D12094,0,0,Память для хранения названий рецептов. Задание 84. Символ 20
,WORD,D12095,0,0,Память для хранения названий рецептов. Задание 84. Символ 21
,WORD,D12096,0,0,Память для хранения названий рецептов. Задание 84. Символ 22
,WORD,D12097,0,0,Память для хранения названий рецептов. Задание 84. Символ 23
,WORD,D12098,0,0,Память для хранения названий рецептов. Задание 84. Символ 24
,WORD,D12099,0,0,Память для хранения названий рецептов. Задание 84. Символ 25
,WORD,D12100,0,0,Память для хранения названий рецептов. Задание 85. Символ 1
,WORD,D12101,0,0,Память для хранения названий рецептов. Задание 85. Символ 2
,WORD,D12102,0,0,Память для хранения названий рецептов. Задание 85. Символ 3
,WORD,D12103,0,0,Память для хранения названий рецептов. Задание 85. Символ 4
,WORD,D12104,0,0,Память для хранения названий рецептов. Задание 85. Символ 5
,WORD,D12105,0,0,Память для хранения названий рецептов. Задание 85. Символ 6
,WORD,D12106,0,0,Память для хранения названий рецептов. Задание 85. Символ 7
,WORD,D12107,0,0,Память для хранения названий рецептов. Задание 85. Символ 8
,WORD,D12108,0,0,Память для хранения названий рецептов. Задание 85. Символ 9
,WORD,D12109,0,0,Память для хранения названий рецептов. Задание 85. Символ 10
,WORD,D12110,0,0,Память для хранения названий рецептов. Задание 85. Символ 11
,WORD,D12111,0,0,Память для хранения названий рецептов. Задание 85. Символ 12
,WORD,D12112,0,0,Память для хранения названий рецептов. Задание 85. Символ 13
,WORD,D12113,0,0,Память для хранения названий рецептов. Задание 85. Символ 14
,WORD,D12114,0,0,Память для хранения названий рецептов. Задание 85. Символ 15
,WORD,D12115,0,0,Память для хранения названий рецептов. Задание 85. Символ 16
,WORD,D12116,0,0,Память для хранения названий рецептов. Задание 85. Символ 17
,WORD,D12117,0,0,Память для хранения названий рецептов. Задание 85. Символ 18
,WORD,D12118,0,0,Память для хранения названий рецептов. Задание 85. Символ 19
,WORD,D12119,0,0,Память для хранения названий рецептов. Задание 85. Символ 20
,WORD,D12120,0,0,Память для хранения названий рецептов. Задание 85. Символ 21
,WORD,D12121,0,0,Память для хранения названий рецептов. Задание 85. Символ 22
,WORD,D12122,0,0,Память для хранения названий рецептов. Задание 85. Символ 23
,WORD,D12123,0,0,Память для хранения названий рецептов. Задание 85. Символ 24
,WORD,D12124,0,0,Память для хранения названий рецептов. Задание 85. Символ 25
,WORD,D12125,0,0,Память для хранения названий рецептов. Задание 86. Символ 1
,WORD,D12126,0,0,Память для хранения названий рецептов. Задание 86. Символ 2
,WORD,D12127,0,0,Память для хранения названий рецептов. Задание 86. Символ 3
,WORD,D12128,0,0,Память для хранения названий рецептов. Задание 86. Символ 4
,WORD,D12129,0,0,Память для хранения названий рецептов. Задание 86. Символ 5
,WORD,D12130,0,0,Память для хранения названий рецептов. Задание 86. Символ 6
,WORD,D12131,0,0,Память для хранения названий рецептов. Задание 86. Символ 7
,WORD,D12132,0,0,Память для хранения названий рецептов. Задание 86. Символ 8
,WORD,D12133,0,0,Память для хранения названий рецептов. Задание 86. Символ 9
,WORD,D12134,0,0,Память для хранения названий рецептов. Задание 86. Символ 10
,WORD,D12135,0,0,Память для хранения названий рецептов. Задание 86. Символ 11
,WORD,D12136,0,0,Память для хранения названий рецептов. Задание 86. Символ 12
,WORD,D12137,0,0,Память для хранения названий рецептов. Задание 86. Символ 13
,WORD,D12138,0,0,Память для хранения названий рецептов. Задание 86. Символ 14
,WORD,D12139,0,0,Память для хранения названий рецептов. Задание 86. Символ 15
,WORD,D12140,0,0,Память для хранения названий рецептов. Задание 86. Символ 16
,WORD,D12141,0,0,Память для хранения названий рецептов. Задание 86. Символ 17
,WORD,D12142,0,0,Память для хранения названий рецептов. Задание 86. Символ 18
,WORD,D12143,0,0,Память для хранения названий рецептов. Задание 86. Символ 19
,WORD,D12144,0,0,Память для хранения названий рецептов. Задание 86. Символ 20
,WORD,D12145,0,0,Память для хранения названий рецептов. Задание 86. Символ 21
,WORD,D12146,0,0,Память для хранения названий рецептов. Задание 86. Символ 22
,WORD,D12147,0,0,Память для хранения названий рецептов. Задание 86. Символ 23
,WORD,D12148,0,0,Память для хранения названий рецептов. Задание 86. Символ 24
,WORD,D12149,0,0,Память для хранения названий рецептов. Задание 86. Символ 25
,WORD,D12150,0,0,Память для хранения названий рецептов. Задание 87. Символ 1
,WORD,D12151,0,0,Память для хранения названий рецептов. Задание 87. Символ 2
,WORD,D12152,0,0,Память для хранения названий рецептов. Задание 87. Символ 3
,WORD,D12153,0,0,Память для хранения названий рецептов. Задание 87. Символ 4
,WORD,D12154,0,0,Память для хранения названий рецептов. Задание 87. Символ 5
,WORD,D12155,0,0,Память для хранения названий рецептов. Задание 87. Символ 6
,WORD,D12156,0,0,Память для хранения названий рецептов. Задание 87. Символ 7
,WORD,D12157,0,0,Память для хранения названий рецептов. Задание 87. Символ 8
,WORD,D12158,0,0,Память для хранения названий рецептов. Задание 87. Символ 9
,WORD,D12159,0,0,Память для хранения названий рецептов. Задание 87. Символ 10
,WORD,D12160,0,0,Память для хранения названий рецептов. Задание 87. Символ 11
,WORD,D12161,0,0,Память для хранения названий рецептов. Задание 87. Символ 12
,WORD,D12162,0,0,Память для хранения названий рецептов. Задание 87. Символ 13
,WORD,D12163,0,0,Память для хранения названий рецептов. Задание 87. Символ 14
,WORD,D12164,0,0,Память для хранения названий рецептов. Задание 87. Символ 15
,WORD,D12165,0,0,Память для хранения названий рецептов. Задание 87. Символ 16
,WORD,D12166,0,0,Память для хранения названий рецептов. Задание 87. Символ 17
,WORD,D12167,0,0,Память для хранения названий рецептов. Задание 87. Символ 18
,WORD,D12168,0,0,Память для хранения названий рецептов. Задание 87. Символ 19
,WORD,D12169,0,0,Память для хранения названий рецептов. Задание 87. Символ 20
,WORD,D12170,0,0,Память для хранения названий рецептов. Задание 87. Символ 21
,WORD,D12171,0,0,Память для хранения названий рецептов. Задание 87. Символ 22
,WORD,D12172,0,0,Память для хранения названий рецептов. Задание 87. Символ 23
,WORD,D12173,0,0,Память для хранения названий рецептов. Задание 87. Символ 24
,WORD,D12174,0,0,Память для хранения названий рецептов. Задание 87. Символ 25
,WORD,D12175,0,0,Память для хранения названий рецептов. Задание 88. Символ 1
,WORD,D12176,0,0,Память для хранения названий рецептов. Задание 88. Символ 2
,WORD,D12177,0,0,Память для хранения названий рецептов. Задание 88. Символ 3
,WORD,D12178,0,0,Память для хранения названий рецептов. Задание 88. Символ 4
,WORD,D12179,0,0,Память для хранения названий рецептов. Задание 88. Символ 5
,WORD,D12180,0,0,Память для хранения названий рецептов. Задание 88. Символ 6
,WORD,D12181,0,0,Память для хранения названий рецептов. Задание 88. Символ 7
,WORD,D12182,0,0,Память для хранения названий рецептов. Задание 88. Символ 8
,WORD,D12183,0,0,Память для хранения названий рецептов. Задание 88. Символ 9
,WORD,D12184,0,0,Память для хранения названий рецептов. Задание 88. Символ 10
,WORD,D12185,0,0,Память для хранения названий рецептов. Задание 88. Символ 11
,WORD,D12186,0,0,Память для хранения названий рецептов. Задание 88. Символ 12
,WORD,D12187,0,0,Память для хранения названий рецептов. Задание 88. Символ 13
,WORD,D12188,0,0,Память для хранения названий рецептов. Задание 88. Символ 14
,WORD,D12189,0,0,Память для хранения названий рецептов. Задание 88. Символ 15
,WORD,D12190,0,0,Память для хранения названий рецептов. Задание 88. Символ 16
,WORD,D12191,0,0,Память для хранения названий рецептов. Задание 88. Символ 17
,WORD,D12192,0,0,Память для хранения названий рецептов. Задание 88. Символ 18
,WORD,D12193,0,0,Память для хранения названий рецептов. Задание 88. Символ 19
,WORD,D12194,0,0,Память для хранения названий рецептов. Задание 88. Символ 20
,WORD,D12195,0,0,Память для хранения названий рецептов. Задание 88. Символ 21
,WORD,D12196,0,0,Память для хранения названий рецептов. Задание 88. Символ 22
,WORD,D12197,0,0,Память для хранения названий рецептов. Задание 88. Символ 23
,WORD,D12198,0,0,Память для хранения названий рецептов. Задание 88. Символ 24
,WORD,D12199,0,0,Память для хранения названий рецептов. Задание 88. Символ 25
,WORD,D12200,0,0,Память для хранения названий рецептов. Задание 89. Символ 1
,WORD,D12201,0,0,Память для хранения названий рецептов. Задание 89. Символ 2
,WORD,D12202,0,0,Память для хранения названий рецептов. Задание 89. Символ 3
,WORD,D12203,0,0,Память для хранения названий рецептов. Задание 89. Символ 4
,WORD,D12204,0,0,Память для хранения названий рецептов. Задание 89. Символ 5
,WORD,D12205,0,0,Память для хранения названий рецептов. Задание 89. Символ 6
,WORD,D12206,0,0,Память для хранения названий рецептов. Задание 89. Символ 7
,WORD,D12207,0,0,Память для хранения названий рецептов. Задание 89. Символ 8
,WORD,D12208,0,0,Память для хранения названий рецептов. Задание 89. Символ 9
,WORD,D12209,0,0,Память для хранения названий рецептов. Задание 89. Символ 10
,WORD,D12210,0,0,Память для хранения названий рецептов. Задание 89. Символ 11
,WORD,D12211,0,0,Память для хранения названий рецептов. Задание 89. Символ 12
,WORD,D12212,0,0,Память для хранения названий рецептов. Задание 89. Символ 13
,WORD,D12213,0,0,Память для хранения названий рецептов. Задание 89. Символ 14
,WORD,D12214,0,0,Память для хранения названий рецептов. Задание 89. Символ 15
,WORD,D12215,0,0,Память для хранения названий рецептов. Задание 89. Символ 16
,WORD,D12216,0,0,Память для хранения названий рецептов. Задание 89. Символ 17
,WORD,D12217,0,0,Память для хранения названий рецептов. Задание 89. Символ 18
,WORD,D12218,0,0,Память для хранения названий рецептов. Задание 89. Символ 19
,WORD,D12219,0,0,Память для хранения названий рецептов. Задание 89. Символ 20
,WORD,D12220,0,0,Память для хранения названий рецептов. Задание 89. Символ 21
,WORD,D12221,0,0,Память для хранения названий рецептов. Задание 89. Символ 22
,WORD,D12222,0,0,Память для хранения названий рецептов. Задание 89. Символ 23
,WORD,D12223,0,0,Память для хранения названий рецептов. Задание 89. Символ 24
,WORD,D12224,0,0,Память для хранения названий рецептов. Задание 89. Символ 25
,WORD,D12225,0,0,Память для хранения названий рецептов. Задание 90. Символ 1
,WORD,D12226,0,0,Память для хранения названий рецептов. Задание 90. Символ 2
,WORD,D12227,0,0,Память для хранения названий рецептов. Задание 90. Символ 3
,WORD,D12228,0,0,Память для хранения названий рецептов. Задание 90. Символ 4
,WORD,D12229,0,0,Память для хранения названий рецептов. Задание 90. Символ 5
,WORD,D12230,0,0,Память для хранения названий рецептов. Задание 90. Символ 6
,WORD,D12231,0,0,Память для хранения названий рецептов. Задание 90. Символ 7
,WORD,D12232,0,0,Память для хранения названий рецептов. Задание 90. Символ 8
,WORD,D12233,0,0,Память для хранения названий рецептов. Задание 90. Символ 9
,WORD,D12234,0,0,Память для хранения названий рецептов. Задание 90. Символ 10
,WORD,D12235,0,0,Память для хранения названий рецептов. Задание 90. Символ 11
,WORD,D12236,0,0,Память для хранения названий рецептов. Задание 90. Символ 12
,WORD,D12237,0,0,Память для хранения названий рецептов. Задание 90. Символ 13
,WORD,D12238,0,0,Память для хранения названий рецептов. Задание 90. Символ 14
,WORD,D12239,0,0,Память для хранения названий рецептов. Задание 90. Символ 15
,WORD,D12240,0,0,Память для хранения названий рецептов. Задание 90. Символ 16
,WORD,D12241,0,0,Память для хранения названий рецептов. Задание 90. Символ 17
,WORD,D12242,0,0,Память для хранения названий рецептов. Задание 90. Символ 18
,WORD,D12243,0,0,Память для хранения названий рецептов. Задание 90. Символ 19
,WORD,D12244,0,0,Память для хранения названий рецептов. Задание 90. Символ 20
,WORD,D12245,0,0,Память для хранения названий рецептов. Задание 90. Символ 21
,WORD,D12246,0,0,Память для хранения названий рецептов. Задание 90. Символ 22
,WORD,D12247,0,0,Память для хранения названий рецептов. Задание 90. Символ 23
,WORD,D12248,0,0,Память для хранения названий рецептов. Задание 90. Символ 24
,WORD,D12249,0,0,Память для хранения названий рецептов. Задание 90. Символ 25
,WORD,D12250,0,0,Память для хранения названий рецептов. Задание 91. Символ 1
,WORD,D12251,0,0,Память для хранения названий рецептов. Задание 91. Символ 2
,WORD,D12252,0,0,Память для хранения названий рецептов. Задание 91. Символ 3
,WORD,D12253,0,0,Память для хранения названий рецептов. Задание 91. Символ 4
,WORD,D12254,0,0,Память для хранения названий рецептов. Задание 91. Символ 5
,WORD,D12255,0,0,Память для хранения названий рецептов. Задание 91. Символ 6
,WORD,D12256,0,0,Память для хранения названий рецептов. Задание 91. Символ 7
,WORD,D12257,0,0,Память для хранения названий рецептов. Задание 91. Символ 8
,WORD,D12258,0,0,Память для хранения названий рецептов. Задание 91. Символ 9
,WORD,D12259,0,0,Память для хранения названий рецептов. Задание 91. Символ 10
,WORD,D12260,0,0,Память для хранения названий рецептов. Задание 91. Символ 11
,WORD,D12261,0,0,Память для хранения названий рецептов. Задание 91. Символ 12
,WORD,D12262,0,0,Память для хранения названий рецептов. Задание 91. Символ 13
,WORD,D12263,0,0,Память для хранения названий рецептов. Задание 91. Символ 14
,WORD,D12264,0,0,Память для хранения названий рецептов. Задание 91. Символ 15
,WORD,D12265,0,0,Память для хранения названий рецептов. Задание 91. Символ 16
,WORD,D12266,0,0,Память для хранения названий рецептов. Задание 91. Символ 17
,WORD,D12267,0,0,Память для хранения названий рецептов. Задание 91. Символ 18
,WORD,D12268,0,0,Память для хранения названий рецептов. Задание 91. Символ 19
,WORD,D12269,0,0,Память для хранения названий рецептов. Задание 91. Символ 20
,WORD,D12270,0,0,Память для хранения названий рецептов. Задание 91. Символ 21
,WORD,D12271,0,0,Память для хранения названий рецептов. Задание 91. Символ 22
,WORD,D12272,0,0,Память для хранения названий рецептов. Задание 91. Символ 23
,WORD,D12273,0,0,Память для хранения названий рецептов. Задание 91. Символ 24
,WORD,D12274,0,0,Память для хранения названий рецептов. Задание 91. Символ 25
,WORD,D12275,0,0,Память для хранения названий рецептов. Задание 92. Символ 1
,WORD,D12276,0,0,Память для хранения названий рецептов. Задание 92. Символ 2
,WORD,D12277,0,0,Память для хранения названий рецептов. Задание 92. Символ 3
,WORD,D12278,0,0,Память для хранения названий рецептов. Задание 92. Символ 4
,WORD,D12279,0,0,Память для хранения названий рецептов. Задание 92. Символ 5
,WORD,D12280,0,0,Память для хранения названий рецептов. Задание 92. Символ 6
,WORD,D12281,0,0,Память для хранения названий рецептов. Задание 92. Символ 7
,WORD,D12282,0,0,Память для хранения названий рецептов. Задание 92. Символ 8
,WORD,D12283,0,0,Память для хранения названий рецептов. Задание 92. Символ 9
,WORD,D12284,0,0,Память для хранения названий рецептов. Задание 92. Символ 10
,WORD,D12285,0,0,Память для хранения названий рецептов. Задание 92. Символ 11
,WORD,D12286,0,0,Память для хранения названий рецептов. Задание 92. Символ 12
,WORD,D12287,0,0,Память для хранения названий рецептов. Задание 92. Символ 13
,WORD,D12288,0,0,Память для хранения названий рецептов. Задание 92. Символ 14
,WORD,D12289,0,0,Память для хранения названий рецептов. Задание 92. Символ 15
,WORD,D12290,0,0,Память для хранения названий рецептов. Задание 92. Символ 16
,WORD,D12291,0,0,Память для хранения названий рецептов. Задание 92. Символ 17
,WORD,D12292,0,0,Память для хранения названий рецептов. Задание 92. Символ 18
,WORD,D12293,0,0,Память для хранения названий рецептов. Задание 92. Символ 19
,WORD,D12294,0,0,Память для хранения названий рецептов. Задание 92. Символ 20
,WORD,D12295,0,0,Память для хранения названий рецептов. Задание 92. Символ 21
,WORD,D12296,0,0,Память для хранения названий рецептов. Задание 92. Символ 22
,WORD,D12297,0,0,Память для хранения названий рецептов. Задание 92. Символ 23
,WORD,D12298,0,0,Память для хранения названий рецептов. Задание 92. Символ 24
,WORD,D12299,0,0,Память для хранения названий рецептов. Задание 92. Символ 25
,WORD,D12300,0,0,Память для хранения названий рецептов. Задание 93. Символ 1
,WORD,D12301,0,0,Память для хранения названий рецептов. Задание 93. Символ 2
,WORD,D12302,0,0,Память для хранения названий рецептов. Задание 93. Символ 3
,WORD,D12303,0,0,Память для хранения названий рецептов. Задание 93. Символ 4
,WORD,D12304,0,0,Память для хранения названий рецептов. Задание 93. Символ 5
,WORD,D12305,0,0,Память для хранения названий рецептов. Задание 93. Символ 6
,WORD,D12306,0,0,Память для хранения названий рецептов. Задание 93. Символ 7
,WORD,D12307,0,0,Память для хранения названий рецептов. Задание 93. Символ 8
,WORD,D12308,0,0,Память для хранения названий рецептов. Задание 93. Символ 9
,WORD,D12309,0,0,Память для хранения названий рецептов. Задание 93. Символ 10
,WORD,D12310,0,0,Память для хранения названий рецептов. Задание 93. Символ 11
,WORD,D12311,0,0,Память для хранения названий рецептов. Задание 93. Символ 12
,WORD,D12312,0,0,Память для хранения названий рецептов. Задание 93. Символ 13
,WORD,D12313,0,0,Память для хранения названий рецептов. Задание 93. Символ 14
,WORD,D12314,0,0,Память для хранения названий рецептов. Задание 93. Символ 15
,WORD,D12315,0,0,Память для хранения названий рецептов. Задание 93. Символ 16
,WORD,D12316,0,0,Память для хранения названий рецептов. Задание 93. Символ 17
,WORD,D12317,0,0,Память для хранения названий рецептов. Задание 93. Символ 18
,WORD,D12318,0,0,Память для хранения названий рецептов. Задание 93. Символ 19
,WORD,D12319,0,0,Память для хранения названий рецептов. Задание 93. Символ 20
,WORD,D12320,0,0,Память для хранения названий рецептов. Задание 93. Символ 21
,WORD,D12321,0,0,Память для хранения названий рецептов. Задание 93. Символ 22
,WORD,D12322,0,0,Память для хранения названий рецептов. Задание 93. Символ 23
,WORD,D12323,0,0,Память для хранения названий рецептов. Задание 93. Символ 24
,WORD,D12324,0,0,Память для хранения названий рецептов. Задание 93. Символ 25
,WORD,D12325,0,0,Память для хранения названий рецептов. Задание 94. Символ 1
,WORD,D12326,0,0,Память для хранения названий рецептов. Задание 94. Символ 2
,WORD,D12327,0,0,Память для хранения названий рецептов. Задание 94. Символ 3
,WORD,D12328,0,0,Память для хранения названий рецептов. Задание 94. Символ 4
,WORD,D12329,0,0,Память для хранения названий рецептов. Задание 94. Символ 5
,WORD,D12330,0,0,Память для хранения названий рецептов. Задание 94. Символ 6
,WORD,D12331,0,0,Память для хранения названий рецептов. Задание 94. Символ 7
,WORD,D12332,0,0,Память для хранения названий рецептов. Задание 94. Символ 8
,WORD,D12333,0,0,Память для хранения названий рецептов. Задание 94. Символ 9
,WORD,D12334,0,0,Память для хранения названий рецептов. Задание 94. Символ 10
,WORD,D12335,0,0,Память для хранения названий рецептов. Задание 94. Символ 11
,WORD,D12336,0,0,Память для хранения названий рецептов. Задание 94. Символ 12
,WORD,D12337,0,0,Память для хранения названий рецептов. Задание 94. Символ 13
,WORD,D12338,0,0,Память для хранения названий рецептов. Задание 94. Символ 14
,WORD,D12339,0,0,Память для хранения названий рецептов. Задание 94. Символ 15
,WORD,D12340,0,0,Память для хранения названий рецептов. Задание 94. Символ 16
,WORD,D12341,0,0,Память для хранения названий рецептов. Задание 94. Символ 17
,WORD,D12342,0,0,Память для хранения названий рецептов. Задание 94. Символ 18
,WORD,D12343,0,0,Память для хранения названий рецептов. Задание 94. Символ 19
,WORD,D12344,0,0,Память для хранения названий рецептов. Задание 94. Символ 20
,WORD,D12345,0,0,Память для хранения названий рецептов. Задание 94. Символ 21
,WORD,D12346,0,0,Память для хранения названий рецептов. Задание 94. Символ 22
,WORD,D12347,0,0,Память для хранения названий рецептов. Задание 94. Символ 23
,WORD,D12348,0,0,Память для хранения названий рецептов. Задание 94. Символ 24
,WORD,D12349,0,0,Память для хранения названий рецептов. Задание 94. Символ 25
,WORD,D12350,0,0,Память для хранения названий рецептов. Задание 95. Символ 1
,WORD,D12351,0,0,Память для хранения названий рецептов. Задание 95. Символ 2
,WORD,D12352,0,0,Память для хранения названий рецептов. Задание 95. Символ 3
,WORD,D12353,0,0,Память для хранения названий рецептов. Задание 95. Символ 4
,WORD,D12354,0,0,Память для хранения названий рецептов. Задание 95. Символ 5
,WORD,D12355,0,0,Память для хранения названий рецептов. Задание 95. Символ 6
,WORD,D12356,0,0,Память для хранения названий рецептов. Задание 95. Символ 7
,WORD,D12357,0,0,Память для хранения названий рецептов. Задание 95. Символ 8
,WORD,D12358,0,0,Память для хранения названий рецептов. Задание 95. Символ 9
,WORD,D12359,0,0,Память для хранения названий рецептов. Задание 95. Символ 10
,WORD,D12360,0,0,Память для хранения названий рецептов. Задание 95. Символ 11
,WORD,D12361,0,0,Память для хранения названий рецептов. Задание 95. Символ 12
,WORD,D12362,0,0,Память для хранения названий рецептов. Задание 95. Символ 13
,WORD,D12363,0,0,Память для хранения названий рецептов. Задание 95. Символ 14
,WORD,D12364,0,0,Память для хранения названий рецептов. Задание 95. Символ 15
,WORD,D12365,0,0,Память для хранения названий рецептов. Задание 95. Символ 16
,WORD,D12366,0,0,Память для хранения названий рецептов. Задание 95. Символ 17
,WORD,D12367,0,0,Память для хранения названий рецептов. Задание 95. Символ 18
,WORD,D12368,0,0,Память для хранения названий рецептов. Задание 95. Символ 19
,WORD,D12369,0,0,Память для хранения названий рецептов. Задание 95. Символ 20
,WORD,D12370,0,0,Память для хранения названий рецептов. Задание 95. Символ 21
,WORD,D12371,0,0,Память для хранения названий рецептов. Задание 95. Символ 22
,WORD,D12372,0,0,Память для хранения названий рецептов. Задание 95. Символ 23
,WORD,D12373,0,0,Память для хранения названий рецептов. Задание 95. Символ 24
,WORD,D12374,0,0,Память для хранения названий рецептов. Задание 95. Символ 25
,WORD,D12375,0,0,Память для хранения названий рецептов. Задание 96. Символ 1
,WORD,D12376,0,0,Память для хранения названий рецептов. Задание 96. Символ 2
,WORD,D12377,0,0,Память для хранения названий рецептов. Задание 96. Символ 3
,WORD,D12378,0,0,Память для хранения названий рецептов. Задание 96. Символ 4
,WORD,D12379,0,0,Память для хранения названий рецептов. Задание 96. Символ 5
,WORD,D12380,0,0,Память для хранения названий рецептов. Задание 96. Символ 6
,WORD,D12381,0,0,Память для хранения названий рецептов. Задание 96. Символ 7
,WORD,D12382,0,0,Память для хранения названий рецептов. Задание 96. Символ 8
,WORD,D12383,0,0,Память для хранения названий рецептов. Задание 96. Символ 9
,WORD,D12384,0,0,Память для хранения названий рецептов. Задание 96. Символ 10
,WORD,D12385,0,0,Память для хранения названий рецептов. Задание 96. Символ 11
,WORD,D12386,0,0,Память для хранения названий рецептов. Задание 96. Символ 12
,WORD,D12387,0,0,Память для хранения названий рецептов. Задание 96. Символ 13
,WORD,D12388,0,0,Память для хранения названий рецептов. Задание 96. Символ 14
,WORD,D12389,0,0,Память для хранения названий рецептов. Задание 96. Символ 15
,WORD,D12390,0,0,Память для хранения названий рецептов. Задание 96. Символ 16
,WORD,D12391,0,0,Память для хранения названий рецептов. Задание 96. Символ 17
,WORD,D12392,0,0,Память для хранения названий рецептов. Задание 96. Символ 18
,WORD,D12393,0,0,Память для хранения названий рецептов. Задание 96. Символ 19
,WORD,D12394,0,0,Память для хранения названий рецептов. Задание 96. Символ 20
,WORD,D12395,0,0,Память для хранения названий рецептов. Задание 96. Символ 21
,WORD,D12396,0,0,Память для хранения названий рецептов. Задание 96. Символ 22
,WORD,D12397,0,0,Память для хранения названий рецептов. Задание 96. Символ 23
,WORD,D12398,0,0,Память для хранения названий рецептов. Задание 96. Символ 24
,WORD,D12399,0,0,Память для хранения названий рецептов. Задание 96. Символ 25
,WORD,D12400,0,0,Память для хранения названий рецептов. Задание 97. Символ 1
,WORD,D12401,0,0,Память для хранения названий рецептов. Задание 97. Символ 2
,WORD,D12402,0,0,Память для хранения названий рецептов. Задание 97. Символ 3
,WORD,D12403,0,0,Память для хранения названий рецептов. Задание 97. Символ 4
,WORD,D12404,0,0,Память для хранения названий рецептов. Задание 97. Символ 5
,WORD,D12405,0,0,Память для хранения названий рецептов. Задание 97. Символ 6
,WORD,D12406,0,0,Память для хранения названий рецептов. Задание 97. Символ 7
,WORD,D12407,0,0,Память для хранения названий рецептов. Задание 97. Символ 8
,WORD,D12408,0,0,Память для хранения названий рецептов. Задание 97. Символ 9
,WORD,D12409,0,0,Память для хранения названий рецептов. Задание 97. Символ 10
,WORD,D12410,0,0,Память для хранения названий рецептов. Задание 97. Символ 11
,WORD,D12411,0,0,Память для хранения названий рецептов. Задание 97. Символ 12
,WORD,D12412,0,0,Память для хранения названий рецептов. Задание 97. Символ 13
,WORD,D12413,0,0,Память для хранения названий рецептов. Задание 97. Символ 14
,WORD,D12414,0,0,Память для хранения названий рецептов. Задание 97. Символ 15
,WORD,D12415,0,0,Память для хранения названий рецептов. Задание 97. Символ 16
,WORD,D12416,0,0,Память для хранения названий рецептов. Задание 97. Символ 17
,WORD,D12417,0,0,Память для хранения названий рецептов. Задание 97. Символ 18
,WORD,D12418,0,0,Память для хранения названий рецептов. Задание 97. Символ 19
,WORD,D12419,0,0,Память для хранения названий рецептов. Задание 97. Символ 20
,WORD,D12420,0,0,Память для хранения названий рецептов. Задание 97. Символ 21
,WORD,D12421,0,0,Память для хранения названий рецептов. Задание 97. Символ 22
,WORD,D12422,0,0,Память для хранения названий рецептов. Задание 97. Символ 23
,WORD,D12423,0,0,Память для хранения названий рецептов. Задание 97. Символ 24
,WORD,D12424,0,0,Память для хранения названий рецептов. Задание 97. Символ 25
,WORD,D12425,0,0,Память для хранения названий рецептов. Задание 98. Символ 1
,WORD,D12426,0,0,Память для хранения названий рецептов. Задание 98. Символ 2
,WORD,D12427,0,0,Память для хранения названий рецептов. Задание 98. Символ 3
,WORD,D12428,0,0,Память для хранения названий рецептов. Задание 98. Символ 4
,WORD,D12429,0,0,Память для хранения названий рецептов. Задание 98. Символ 5
,WORD,D12430,0,0,Память для хранения названий рецептов. Задание 98. Символ 6
,WORD,D12431,0,0,Память для хранения названий рецептов. Задание 98. Символ 7
,WORD,D12432,0,0,Память для хранения названий рецептов. Задание 98. Символ 8
,WORD,D12433,0,0,Память для хранения названий рецептов. Задание 98. Символ 9
,WORD,D12434,0,0,Память для хранения названий рецептов. Задание 98. Символ 10
,WORD,D12435,0,0,Память для хранения названий рецептов. Задание 98. Символ 11
,WORD,D12436,0,0,Память для хранения названий рецептов. Задание 98. Символ 12
,WORD,D12437,0,0,Память для хранения названий рецептов. Задание 98. Символ 13
,WORD,D12438,0,0,Память для хранения названий рецептов. Задание 98. Символ 14
,WORD,D12439,0,0,Память для хранения названий рецептов. Задание 98. Символ 15
,WORD,D12440,0,0,Память для хранения названий рецептов. Задание 98. Символ 16
,WORD,D12441,0,0,Память для хранения названий рецептов. Задание 98. Символ 17
,WORD,D12442,0,0,Память для хранения названий рецептов. Задание 98. Символ 18
,WORD,D12443,0,0,Память для хранения названий рецептов. Задание 98. Символ 19
,WORD,D12444,0,0,Память для хранения названий рецептов. Задание 98. Символ 20
,WORD,D12445,0,0,Память для хранения названий рецептов. Задание 98. Символ 21
,WORD,D12446,0,0,Память для хранения названий рецептов. Задание 98. Символ 22
,WORD,D12447,0,0,Память для хранения названий рецептов. Задание 98. Символ 23
,WORD,D12448,0,0,Память для хранения названий рецептов. Задание 98. Символ 24
,WORD,D12449,0,0,Память для хранения названий рецептов. Задание 98. Символ 25
,WORD,D12450,0,0,Память для хранения названий рецептов. Задание 99. Символ 1
,WORD,D12451,0,0,Память для хранения названий рецептов. Задание 99. Символ 2
,WORD,D12452,0,0,Память для хранения названий рецептов. Задание 99. Символ 3
,WORD,D12453,0,0,Память для хранения названий рецептов. Задание 99. Символ 4
,WORD,D12454,0,0,Память для хранения названий рецептов. Задание 99. Символ 5
,WORD,D12455,0,0,Память для хранения названий рецептов. Задание 99. Символ 6
,WORD,D12456,0,0,Память для хранения названий рецептов. Задание 99. Символ 7
,WORD,D12457,0,0,Память для хранения названий рецептов. Задание 99. Символ 8
,WORD,D12458,0,0,Память для хранения названий рецептов. Задание 99. Символ 9
,WORD,D12459,0,0,Память для хранения названий рецептов. Задание 99. Символ 10
,WORD,D12460,0,0,Память для хранения названий рецептов. Задание 99. Символ 11
,WORD,D12461,0,0,Память для хранения названий рецептов. Задание 99. Символ 12
,WORD,D12462,0,0,Память для хранения названий рецептов. Задание 99. Символ 13
,WORD,D12463,0,0,Память для хранения названий рецептов. Задание 99. Символ 14
,WORD,D12464,0,0,Память для хранения названий рецептов. Задание 99. Символ 15
,WORD,D12465,0,0,Память для хранения названий рецептов. Задание 99. Символ 16
,WORD,D12466,0,0,Память для хранения названий рецептов. Задание 99. Символ 17
,WORD,D12467,0,0,Память для хранения названий рецептов. Задание 99. Символ 18
,WORD,D12468,0,0,Память для хранения названий рецептов. Задание 99. Символ 19
,WORD,D12469,0,0,Память для хранения названий рецептов. Задание 99. Символ 20
,WORD,D12470,0,0,Память для хранения названий рецептов. Задание 99. Символ 21
,WORD,D12471,0,0,Память для хранения названий рецептов. Задание 99. Символ 22
,WORD,D12472,0,0,Память для хранения названий рецептов. Задание 99. Символ 23
,WORD,D12473,0,0,Память для хранения названий рецептов. Задание 99. Символ 24
,WORD,D12474,0,0,Память для хранения названий рецептов. Задание 99. Символ 25
,WORD,D12475,0,0,Память для хранения названий рецептов. Задание 100. Символ 1
,WORD,D12476,0,0,Память для хранения названий рецептов. Задание 100. Символ 2
,WORD,D12477,0,0,Память для хранения названий рецептов. Задание 100. Символ 3
,WORD,D12478,0,0,Память для хранения названий рецептов. Задание 100. Символ 4
,WORD,D12479,0,0,Память для хранения названий рецептов. Задание 100. Символ 5
,WORD,D12480,0,0,Память для хранения названий рецептов. Задание 100. Символ 6
,WORD,D12481,0,0,Память для хранения названий рецептов. Задание 100. Символ 7
,WORD,D12482,0,0,Память для хранения названий рецептов. Задание 100. Символ 8
,WORD,D12483,0,0,Память для хранения названий рецептов. Задание 100. Символ 9
,WORD,D12484,0,0,Память для хранения названий рецептов. Задание 100. Символ 10
,WORD,D12485,0,0,Память для хранения названий рецептов. Задание 100. Символ 11
,WORD,D12486,0,0,Память для хранения названий рецептов. Задание 100. Символ 12
,WORD,D12487,0,0,Память для хранения названий рецептов. Задание 100. Символ 13
,WORD,D12488,0,0,Память для хранения названий рецептов. Задание 100. Символ 14
,WORD,D12489,0,0,Память для хранения названий рецептов. Задание 100. Символ 15
,WORD,D12490,0,0,Память для хранения названий рецептов. Задание 100. Символ 16
,WORD,D12491,0,0,Память для хранения названий рецептов. Задание 100. Символ 17
,WORD,D12492,0,0,Память для хранения названий рецептов. Задание 100. Символ 18
,WORD,D12493,0,0,Память для хранения названий рецептов. Задание 100. Символ 19
,WORD,D12494,0,0,Память для хранения названий рецептов. Задание 100. Символ 20
,WORD,D12495,0,0,Память для хранения названий рецептов. Задание 100. Символ 21
,WORD,D12496,0,0,Память для хранения названий рецептов. Задание 100. Символ 22
,WORD,D12497,0,0,Память для хранения названий рецептов. Задание 100. Символ 23
,WORD,D12498,0,0,Память для хранения названий рецептов. Задание 100. Символ 24
,WORD,D12499,0,0,Память для хранения названий рецептов. Задание 100. Символ 25
,WORD,D12500,0,0,Память для хранения названий рецептов. Задание 101. Символ 1
,WORD,D12501,0,0,Память для хранения названий рецептов. Задание 101. Символ 2
,WORD,D12502,0,0,Память для хранения названий рецептов. Задание 101. Символ 3
,WORD,D12503,0,0,Память для хранения названий рецептов. Задание 101. Символ 4
,WORD,D12504,0,0,Память для хранения названий рецептов. Задание 101. Символ 5
,WORD,D12505,0,0,Память для хранения названий рецептов. Задание 101. Символ 6
,WORD,D12506,0,0,Память для хранения названий рецептов. Задание 101. Символ 7
,WORD,D12507,0,0,Память для хранения названий рецептов. Задание 101. Символ 8
,WORD,D12508,0,0,Память для хранения названий рецептов. Задание 101. Символ 9
,WORD,D12509,0,0,Память для хранения названий рецептов. Задание 101. Символ 10
,WORD,D12510,0,0,Память для хранения названий рецептов. Задание 101. Символ 11
,WORD,D12511,0,0,Память для хранения названий рецептов. Задание 101. Символ 12
,WORD,D12512,0,0,Память для хранения названий рецептов. Задание 101. Символ 13
,WORD,D12513,0,0,Память для хранения названий рецептов. Задание 101. Символ 14
,WORD,D12514,0,0,Память для хранения названий рецептов. Задание 101. Символ 15
,WORD,D12515,0,0,Память для хранения названий рецептов. Задание 101. Символ 16
,WORD,D12516,0,0,Память для хранения названий рецептов. Задание 101. Символ 17
,WORD,D12517,0,0,Память для хранения названий рецептов. Задание 101. Символ 18
,WORD,D12518,0,0,Память для хранения названий рецептов. Задание 101. Символ 19
,WORD,D12519,0,0,Память для хранения названий рецептов. Задание 101. Символ 20
,WORD,D12520,0,0,Память для хранения названий рецептов. Задание 101. Символ 21
,WORD,D12521,0,0,Память для хранения названий рецептов. Задание 101. Символ 22
,WORD,D12522,0,0,Память для хранения названий рецептов. Задание 101. Символ 23
,WORD,D12523,0,0,Память для хранения названий рецептов. Задание 101. Символ 24
,WORD,D12524,0,0,Память для хранения названий рецептов. Задание 101. Символ 25
,WORD,D12525,0,0,Память для хранения названий рецептов. Задание 102. Символ 1
,WORD,D12526,0,0,Память для хранения названий рецептов. Задание 102. Символ 2
,WORD,D12527,0,0,Память для хранения названий рецептов. Задание 102. Символ 3
,WORD,D12528,0,0,Память для хранения названий рецептов. Задание 102. Символ 4
,WORD,D12529,0,0,Память для хранения названий рецептов. Задание 102. Символ 5
,WORD,D12530,0,0,Память для хранения названий рецептов. Задание 102. Символ 6
,WORD,D12531,0,0,Память для хранения названий рецептов. Задание 102. Символ 7
,WORD,D12532,0,0,Память для хранения названий рецептов. Задание 102. Символ 8
,WORD,D12533,0,0,Память для хранения названий рецептов. Задание 102. Символ 9
,WORD,D12534,0,0,Память для хранения названий рецептов. Задание 102. Символ 10
,WORD,D12535,0,0,Память для хранения названий рецептов. Задание 102. Символ 11
,WORD,D12536,0,0,Память для хранения названий рецептов. Задание 102. Символ 12
,WORD,D12537,0,0,Память для хранения названий рецептов. Задание 102. Символ 13
,WORD,D12538,0,0,Память для хранения названий рецептов. Задание 102. Символ 14
,WORD,D12539,0,0,Память для хранения названий рецептов. Задание 102. Символ 15
,WORD,D12540,0,0,Память для хранения названий рецептов. Задание 102. Символ 16
,WORD,D12541,0,0,Память для хранения названий рецептов. Задание 102. Символ 17
,WORD,D12542,0,0,Память для хранения названий рецептов. Задание 102. Символ 18
,WORD,D12543,0,0,Память для хранения названий рецептов. Задание 102. Символ 19
,WORD,D12544,0,0,Память для хранения названий рецептов. Задание 102. Символ 20
,WORD,D12545,0,0,Память для хранения названий рецептов. Задание 102. Символ 21
,WORD,D12546,0,0,Память для хранения названий рецептов. Задание 102. Символ 22
,WORD,D12547,0,0,Память для хранения названий рецептов. Задание 102. Символ 23
,WORD,D12548,0,0,Память для хранения названий рецептов. Задание 102. Символ 24
,WORD,D12549,0,0,Память для хранения названий рецептов. Задание 102. Символ 25
,WORD,D12550,0,0,Память для хранения названий рецептов. Задание 103. Символ 1
,WORD,D12551,0,0,Память для хранения названий рецептов. Задание 103. Символ 2
,WORD,D12552,0,0,Память для хранения названий рецептов. Задание 103. Символ 3
,WORD,D12553,0,0,Память для хранения названий рецептов. Задание 103. Символ 4
,WORD,D12554,0,0,Память для хранения названий рецептов. Задание 103. Символ 5
,WORD,D12555,0,0,Память для хранения названий рецептов. Задание 103. Символ 6
,WORD,D12556,0,0,Память для хранения названий рецептов. Задание 103. Символ 7
,WORD,D12557,0,0,Память для хранения названий рецептов. Задание 103. Символ 8
,WORD,D12558,0,0,Память для хранения названий рецептов. Задание 103. Символ 9
,WORD,D12559,0,0,Память для хранения названий рецептов. Задание 103. Символ 10
,WORD,D12560,0,0,Память для хранения названий рецептов. Задание 103. Символ 11
,WORD,D12561,0,0,Память для хранения названий рецептов. Задание 103. Символ 12
,WORD,D12562,0,0,Память для хранения названий рецептов. Задание 103. Символ 13
,WORD,D12563,0,0,Память для хранения названий рецептов. Задание 103. Символ 14
,WORD,D12564,0,0,Память для хранения названий рецептов. Задание 103. Символ 15
,WORD,D12565,0,0,Память для хранения названий рецептов. Задание 103. Символ 16
,WORD,D12566,0,0,Память для хранения названий рецептов. Задание 103. Символ 17
,WORD,D12567,0,0,Память для хранения названий рецептов. Задание 103. Символ 18
,WORD,D12568,0,0,Память для хранения названий рецептов. Задание 103. Символ 19
,WORD,D12569,0,0,Память для хранения названий рецептов. Задание 103. Символ 20
,WORD,D12570,0,0,Память для хранения названий рецептов. Задание 103. Символ 21
,WORD,D12571,0,0,Память для хранения названий рецептов. Задание 103. Символ 22
,WORD,D12572,0,0,Память для хранения названий рецептов. Задание 103. Символ 23
,WORD,D12573,0,0,Память для хранения названий рецептов. Задание 103. Символ 24
,WORD,D12574,0,0,Память для хранения названий рецептов. Задание 103. Символ 25
,WORD,D12575,0,0,Память для хранения названий рецептов. Задание 104. Символ 1
,WORD,D12576,0,0,Память для хранения названий рецептов. Задание 104. Символ 2
,WORD,D12577,0,0,Память для хранения названий рецептов. Задание 104. Символ 3
,WORD,D12578,0,0,Память для хранения названий рецептов. Задание 104. Символ 4
,WORD,D12579,0,0,Память для хранения названий рецептов. Задание 104. Символ 5
,WORD,D12580,0,0,Память для хранения названий рецептов. Задание 104. Символ 6
,WORD,D12581,0,0,Память для хранения названий рецептов. Задание 104. Символ 7
,WORD,D12582,0,0,Память для хранения названий рецептов. Задание 104. Символ 8
,WORD,D12583,0,0,Память для хранения названий рецептов. Задание 104. Символ 9
,WORD,D12584,0,0,Память для хранения названий рецептов. Задание 104. Символ 10
,WORD,D12585,0,0,Память для хранения названий рецептов. Задание 104. Символ 11
,WORD,D12586,0,0,Память для хранения названий рецептов. Задание 104. Символ 12
,WORD,D12587,0,0,Память для хранения названий рецептов. Задание 104. Символ 13
,WORD,D12588,0,0,Память для хранения названий рецептов. Задание 104. Символ 14
,WORD,D12589,0,0,Память для хранения названий рецептов. Задание 104. Символ 15
,WORD,D12590,0,0,Память для хранения названий рецептов. Задание 104. Символ 16
,WORD,D12591,0,0,Память для хранения названий рецептов. Задание 104. Символ 17
,WORD,D12592,0,0,Память для хранения названий рецептов. Задание 104. Символ 18
,WORD,D12593,0,0,Память для хранения названий рецептов. Задание 104. Символ 19
,WORD,D12594,0,0,Память для хранения названий рецептов. Задание 104. Символ 20
,WORD,D12595,0,0,Память для хранения названий рецептов. Задание 104. Символ 21
,WORD,D12596,0,0,Память для хранения названий рецептов. Задание 104. Символ 22
,WORD,D12597,0,0,Память для хранения названий рецептов. Задание 104. Символ 23
,WORD,D12598,0,0,Память для хранения названий рецептов. Задание 104. Символ 24
,WORD,D12599,0,0,Память для хранения названий рецептов. Задание 104. Символ 25
,WORD,D12600,0,0,Память для хранения названий рецептов. Задание 105. Символ 1
,WORD,D12601,0,0,Память для хранения названий рецептов. Задание 105. Символ 2
,WORD,D12602,0,0,Память для хранения названий рецептов. Задание 105. Символ 3
,WORD,D12603,0,0,Память для хранения названий рецептов. Задание 105. Символ 4
,WORD,D12604,0,0,Память для хранения названий рецептов. Задание 105. Символ 5
,WORD,D12605,0,0,Память для хранения названий рецептов. Задание 105. Символ 6
,WORD,D12606,0,0,Память для хранения названий рецептов. Задание 105. Символ 7
,WORD,D12607,0,0,Память для хранения названий рецептов. Задание 105. Символ 8
,WORD,D12608,0,0,Память для хранения названий рецептов. Задание 105. Символ 9
,WORD,D12609,0,0,Память для хранения названий рецептов. Задание 105. Символ 10
,WORD,D12610,0,0,Память для хранения названий рецептов. Задание 105. Символ 11
,WORD,D12611,0,0,Память для хранения названий рецептов. Задание 105. Символ 12
,WORD,D12612,0,0,Память для хранения названий рецептов. Задание 105. Символ 13
,WORD,D12613,0,0,Память для хранения названий рецептов. Задание 105. Символ 14
,WORD,D12614,0,0,Память для хранения названий рецептов. Задание 105. Символ 15
,WORD,D12615,0,0,Память для хранения названий рецептов. Задание 105. Символ 16
,WORD,D12616,0,0,Память для хранения названий рецептов. Задание 105. Символ 17
,WORD,D12617,0,0,Память для хранения названий рецептов. Задание 105. Символ 18
,WORD,D12618,0,0,Память для хранения названий рецептов. Задание 105. Символ 19
,WORD,D12619,0,0,Память для хранения названий рецептов. Задание 105. Символ 20
,WORD,D12620,0,0,Память для хранения названий рецептов. Задание 105. Символ 21
,WORD,D12621,0,0,Память для хранения названий рецептов. Задание 105. Символ 22
,WORD,D12622,0,0,Память для хранения названий рецептов. Задание 105. Символ 23
,WORD,D12623,0,0,Память для хранения названий рецептов. Задание 105. Символ 24
,WORD,D12624,0,0,Память для хранения названий рецептов. Задание 105. Символ 25
,WORD,D12625,0,0,Память для хранения названий рецептов. Задание 106. Символ 1
,WORD,D12626,0,0,Память для хранения названий рецептов. Задание 106. Символ 2
,WORD,D12627,0,0,Память для хранения названий рецептов. Задание 106. Символ 3
,WORD,D12628,0,0,Память для хранения названий рецептов. Задание 106. Символ 4
,WORD,D12629,0,0,Память для хранения названий рецептов. Задание 106. Символ 5
,WORD,D12630,0,0,Память для хранения названий рецептов. Задание 106. Символ 6
,WORD,D12631,0,0,Память для хранения названий рецептов. Задание 106. Символ 7
,WORD,D12632,0,0,Память для хранения названий рецептов. Задание 106. Символ 8
,WORD,D12633,0,0,Память для хранения названий рецептов. Задание 106. Символ 9
,WORD,D12634,0,0,Память для хранения названий рецептов. Задание 106. Символ 10
,WORD,D12635,0,0,Память для хранения названий рецептов. Задание 106. Символ 11
,WORD,D12636,0,0,Память для хранения названий рецептов. Задание 106. Символ 12
,WORD,D12637,0,0,Память для хранения названий рецептов. Задание 106. Символ 13
,WORD,D12638,0,0,Память для хранения названий рецептов. Задание 106. Символ 14
,WORD,D12639,0,0,Память для хранения названий рецептов. Задание 106. Символ 15
,WORD,D12640,0,0,Память для хранения названий рецептов. Задание 106. Символ 16
,WORD,D12641,0,0,Память для хранения названий рецептов. Задание 106. Символ 17
,WORD,D12642,0,0,Память для хранения названий рецептов. Задание 106. Символ 18
,WORD,D12643,0,0,Память для хранения названий рецептов. Задание 106. Символ 19
,WORD,D12644,0,0,Память для хранения названий рецептов. Задание 106. Символ 20
,WORD,D12645,0,0,Память для хранения названий рецептов. Задание 106. Символ 21
,WORD,D12646,0,0,Память для хранения названий рецептов. Задание 106. Символ 22
,WORD,D12647,0,0,Память для хранения названий рецептов. Задание 106. Символ 23
,WORD,D12648,0,0,Память для хранения названий рецептов. Задание 106. Символ 24
,WORD,D12649,0,0,Память для хранения названий рецептов. Задание 106. Символ 25
,WORD,D12650,0,0,Память для хранения названий рецептов. Задание 107. Символ 1
,WORD,D12651,0,0,Память для хранения названий рецептов. Задание 107. Символ 2
,WORD,D12652,0,0,Память для хранения названий рецептов. Задание 107. Символ 3
,WORD,D12653,0,0,Память для хранения названий рецептов. Задание 107. Символ 4
,WORD,D12654,0,0,Память для хранения названий рецептов. Задание 107. Символ 5
,WORD,D12655,0,0,Память для хранения названий рецептов. Задание 107. Символ 6
,WORD,D12656,0,0,Память для хранения названий рецептов. Задание 107. Символ 7
,WORD,D12657,0,0,Память для хранения названий рецептов. Задание 107. Символ 8
,WORD,D12658,0,0,Память для хранения названий рецептов. Задание 107. Символ 9
,WORD,D12659,0,0,Память для хранения названий рецептов. Задание 107. Символ 10
,WORD,D12660,0,0,Память для хранения названий рецептов. Задание 107. Символ 11
,WORD,D12661,0,0,Память для хранения названий рецептов. Задание 107. Символ 12
,WORD,D12662,0,0,Память для хранения названий рецептов. Задание 107. Символ 13
,WORD,D12663,0,0,Память для хранения названий рецептов. Задание 107. Символ 14
,WORD,D12664,0,0,Память для хранения названий рецептов. Задание 107. Символ 15
,WORD,D12665,0,0,Память для хранения названий рецептов. Задание 107. Символ 16
,WORD,D12666,0,0,Память для хранения названий рецептов. Задание 107. Символ 17
,WORD,D12667,0,0,Память для хранения названий рецептов. Задание 107. Символ 18
,WORD,D12668,0,0,Память для хранения названий рецептов. Задание 107. Символ 19
,WORD,D12669,0,0,Память для хранения названий рецептов. Задание 107. Символ 20
,WORD,D12670,0,0,Память для хранения названий рецептов. Задание 107. Символ 21
,WORD,D12671,0,0,Память для хранения названий рецептов. Задание 107. Символ 22
,WORD,D12672,0,0,Память для хранения названий рецептов. Задание 107. Символ 23
,WORD,D12673,0,0,Память для хранения названий рецептов. Задание 107. Символ 24
,WORD,D12674,0,0,Память для хранения названий рецептов. Задание 107. Символ 25
,WORD,D12675,0,0,Память для хранения названий рецептов. Задание 108. Символ 1
,WORD,D12676,0,0,Память для хранения названий рецептов. Задание 108. Символ 2
,WORD,D12677,0,0,Память для хранения названий рецептов. Задание 108. Символ 3
,WORD,D12678,0,0,Память для хранения названий рецептов. Задание 108. Символ 4
,WORD,D12679,0,0,Память для хранения названий рецептов. Задание 108. Символ 5
,WORD,D12680,0,0,Память для хранения названий рецептов. Задание 108. Символ 6
,WORD,D12681,0,0,Память для хранения названий рецептов. Задание 108. Символ 7
,WORD,D12682,0,0,Память для хранения названий рецептов. Задание 108. Символ 8
,WORD,D12683,0,0,Память для хранения названий рецептов. Задание 108. Символ 9
,WORD,D12684,0,0,Память для хранения названий рецептов. Задание 108. Символ 10
,WORD,D12685,0,0,Память для хранения названий рецептов. Задание 108. Символ 11
,WORD,D12686,0,0,Память для хранения названий рецептов. Задание 108. Символ 12
,WORD,D12687,0,0,Память для хранения названий рецептов. Задание 108. Символ 13
,WORD,D12688,0,0,Память для хранения названий рецептов. Задание 108. Символ 14
,WORD,D12689,0,0,Память для хранения названий рецептов. Задание 108. Символ 15
,WORD,D12690,0,0,Память для хранения названий рецептов. Задание 108. Символ 16
,WORD,D12691,0,0,Память для хранения названий рецептов. Задание 108. Символ 17
,WORD,D12692,0,0,Память для хранения названий рецептов. Задание 108. Символ 18
,WORD,D12693,0,0,Память для хранения названий рецептов. Задание 108. Символ 19
,WORD,D12694,0,0,Память для хранения названий рецептов. Задание 108. Символ 20
,WORD,D12695,0,0,Память для хранения названий рецептов. Задание 108. Символ 21
,WORD,D12696,0,0,Память для хранения названий рецептов. Задание 108. Символ 22
,WORD,D12697,0,0,Память для хранения названий рецептов. Задание 108. Символ 23
,WORD,D12698,0,0,Память для хранения названий рецептов. Задание 108. Символ 24
,WORD,D12699,0,0,Память для хранения названий рецептов. Задание 108. Символ 25
,WORD,D12700,0,0,Память для хранения названий рецептов. Задание 109. Символ 1
,WORD,D12701,0,0,Память для хранения названий рецептов. Задание 109. Символ 2
,WORD,D12702,0,0,Память для хранения названий рецептов. Задание 109. Символ 3
,WORD,D12703,0,0,Память для хранения названий рецептов. Задание 109. Символ 4
,WORD,D12704,0,0,Память для хранения названий рецептов. Задание 109. Символ 5
,WORD,D12705,0,0,Память для хранения названий рецептов. Задание 109. Символ 6
,WORD,D12706,0,0,Память для хранения названий рецептов. Задание 109. Символ 7
,WORD,D12707,0,0,Память для хранения названий рецептов. Задание 109. Символ 8
,WORD,D12708,0,0,Память для хранения названий рецептов. Задание 109. Символ 9
,WORD,D12709,0,0,Память для хранения названий рецептов. Задание 109. Символ 10
,WORD,D12710,0,0,Память для хранения названий рецептов. Задание 109. Символ 11
,WORD,D12711,0,0,Память для хранения названий рецептов. Задание 109. Символ 12
,WORD,D12712,0,0,Память для хранения названий рецептов. Задание 109. Символ 13
,WORD,D12713,0,0,Память для хранения названий рецептов. Задание 109. Символ 14
,WORD,D12714,0,0,Память для хранения названий рецептов. Задание 109. Символ 15
,WORD,D12715,0,0,Память для хранения названий рецептов. Задание 109. Символ 16
,WORD,D12716,0,0,Память для хранения названий рецептов. Задание 109. Символ 17
,WORD,D12717,0,0,Память для хранения названий рецептов. Задание 109. Символ 18
,WORD,D12718,0,0,Память для хранения названий рецептов. Задание 109. Символ 19
,WORD,D12719,0,0,Память для хранения названий рецептов. Задание 109. Символ 20
,WORD,D12720,0,0,Память для хранения названий рецептов. Задание 109. Символ 21
,WORD,D12721,0,0,Память для хранения названий рецептов. Задание 109. Символ 22
,WORD,D12722,0,0,Память для хранения названий рецептов. Задание 109. Символ 23
,WORD,D12723,0,0,Память для хранения названий рецептов. Задание 109. Символ 24
,WORD,D12724,0,0,Память для хранения названий рецептов. Задание 109. Символ 25
,WORD,D12725,0,0,Память для хранения названий рецептов. Задание 110. Символ 1
,WORD,D12726,0,0,Память для хранения названий рецептов. Задание 110. Символ 2
,WORD,D12727,0,0,Память для хранения названий рецептов. Задание 110. Символ 3
,WORD,D12728,0,0,Память для хранения названий рецептов. Задание 110. Символ 4
,WORD,D12729,0,0,Память для хранения названий рецептов. Задание 110. Символ 5
,WORD,D12730,0,0,Память для хранения названий рецептов. Задание 110. Символ 6
,WORD,D12731,0,0,Память для хранения названий рецептов. Задание 110. Символ 7
,WORD,D12732,0,0,Память для хранения названий рецептов. Задание 110. Символ 8
,WORD,D12733,0,0,Память для хранения названий рецептов. Задание 110. Символ 9
,WORD,D12734,0,0,Память для хранения названий рецептов. Задание 110. Символ 10
,WORD,D12735,0,0,Память для хранения названий рецептов. Задание 110. Символ 11
,WORD,D12736,0,0,Память для хранения названий рецептов. Задание 110. Символ 12
,WORD,D12737,0,0,Память для хранения названий рецептов. Задание 110. Символ 13
,WORD,D12738,0,0,Память для хранения названий рецептов. Задание 110. Символ 14
,WORD,D12739,0,0,Память для хранения названий рецептов. Задание 110. Символ 15
,WORD,D12740,0,0,Память для хранения названий рецептов. Задание 110. Символ 16
,WORD,D12741,0,0,Память для хранения названий рецептов. Задание 110. Символ 17
,WORD,D12742,0,0,Память для хранения названий рецептов. Задание 110. Символ 18
,WORD,D12743,0,0,Память для хранения названий рецептов. Задание 110. Символ 19
,WORD,D12744,0,0,Память для хранения названий рецептов. Задание 110. Символ 20
,WORD,D12745,0,0,Память для хранения названий рецептов. Задание 110. Символ 21
,WORD,D12746,0,0,Память для хранения названий рецептов. Задание 110. Символ 22
,WORD,D12747,0,0,Память для хранения названий рецептов. Задание 110. Символ 23
,WORD,D12748,0,0,Память для хранения названий рецептов. Задание 110. Символ 24
,WORD,D12749,0,0,Память для хранения названий рецептов. Задание 110. Символ 25
,WORD,D12750,0,0,Память для хранения названий рецептов. Задание 111. Символ 1
,WORD,D12751,0,0,Память для хранения названий рецептов. Задание 111. Символ 2
,WORD,D12752,0,0,Память для хранения названий рецептов. Задание 111. Символ 3
,WORD,D12753,0,0,Память для хранения названий рецептов. Задание 111. Символ 4
,WORD,D12754,0,0,Память для хранения названий рецептов. Задание 111. Символ 5
,WORD,D12755,0,0,Память для хранения названий рецептов. Задание 111. Символ 6
,WORD,D12756,0,0,Память для хранения названий рецептов. Задание 111. Символ 7
,WORD,D12757,0,0,Память для хранения названий рецептов. Задание 111. Символ 8
,WORD,D12758,0,0,Память для хранения названий рецептов. Задание 111. Символ 9
,WORD,D12759,0,0,Память для хранения названий рецептов. Задание 111. Символ 10
,WORD,D12760,0,0,Память для хранения названий рецептов. Задание 111. Символ 11
,WORD,D12761,0,0,Память для хранения названий рецептов. Задание 111. Символ 12
,WORD,D12762,0,0,Память для хранения названий рецептов. Задание 111. Символ 13
,WORD,D12763,0,0,Память для хранения названий рецептов. Задание 111. Символ 14
,WORD,D12764,0,0,Память для хранения названий рецептов. Задание 111. Символ 15
,WORD,D12765,0,0,Память для хранения названий рецептов. Задание 111. Символ 16
,WORD,D12766,0,0,Память для хранения названий рецептов. Задание 111. Символ 17
,WORD,D12767,0,0,Память для хранения названий рецептов. Задание 111. Символ 18
,WORD,D12768,0,0,Память для хранения названий рецептов. Задание 111. Символ 19
,WORD,D12769,0,0,Память для хранения названий рецептов. Задание 111. Символ 20
,WORD,D12770,0,0,Память для хранения названий рецептов. Задание 111. Символ 21
,WORD,D12771,0,0,Память для хранения названий рецептов. Задание 111. Символ 22
,WORD,D12772,0,0,Память для хранения названий рецептов. Задание 111. Символ 23
,WORD,D12773,0,0,Память для хранения названий рецептов. Задание 111. Символ 24
,WORD,D12774,0,0,Память для хранения названий рецептов. Задание 111. Символ 25
,WORD,D12775,0,0,Память для хранения названий рецептов. Задание 112. Символ 1
,WORD,D12776,0,0,Память для хранения названий рецептов. Задание 112. Символ 2
,WORD,D12777,0,0,Память для хранения названий рецептов. Задание 112. Символ 3
,WORD,D12778,0,0,Память для хранения названий рецептов. Задание 112. Символ 4
,WORD,D12779,0,0,Память для хранения названий рецептов. Задание 112. Символ 5
,WORD,D12780,0,0,Память для хранения названий рецептов. Задание 112. Символ 6
,WORD,D12781,0,0,Память для хранения названий рецептов. Задание 112. Символ 7
,WORD,D12782,0,0,Память для хранения названий рецептов. Задание 112. Символ 8
,WORD,D12783,0,0,Память для хранения названий рецептов. Задание 112. Символ 9
,WORD,D12784,0,0,Память для хранения названий рецептов. Задание 112. Символ 10
,WORD,D12785,0,0,Память для хранения названий рецептов. Задание 112. Символ 11
,WORD,D12786,0,0,Память для хранения названий рецептов. Задание 112. Символ 12
,WORD,D12787,0,0,Память для хранения названий рецептов. Задание 112. Символ 13
,WORD,D12788,0,0,Память для хранения названий рецептов. Задание 112. Символ 14
,WORD,D12789,0,0,Память для хранения названий рецептов. Задание 112. Символ 15
,WORD,D12790,0,0,Память для хранения названий рецептов. Задание 112. Символ 16
,WORD,D12791,0,0,Память для хранения названий рецептов. Задание 112. Символ 17
,WORD,D12792,0,0,Память для хранения названий рецептов. Задание 112. Символ 18
,WORD,D12793,0,0,Память для хранения названий рецептов. Задание 112. Символ 19
,WORD,D12794,0,0,Память для хранения названий рецептов. Задание 112. Символ 20
,WORD,D12795,0,0,Память для хранения названий рецептов. Задание 112. Символ 21
,WORD,D12796,0,0,Память для хранения названий рецептов. Задание 112. Символ 22
,WORD,D12797,0,0,Память для хранения названий рецептов. Задание 112. Символ 23
,WORD,D12798,0,0,Память для хранения названий рецептов. Задание 112. Символ 24
,WORD,D12799,0,0,Память для хранения названий рецептов. Задание 112. Символ 25
,WORD,D12800,0,0,Память для хранения названий рецептов. Задание 113. Символ 1
,WORD,D12801,0,0,Память для хранения названий рецептов. Задание 113. Символ 2
,WORD,D12802,0,0,Память для хранения названий рецептов. Задание 113. Символ 3
,WORD,D12803,0,0,Память для хранения названий рецептов. Задание 113. Символ 4
,WORD,D12804,0,0,Память для хранения названий рецептов. Задание 113. Символ 5
,WORD,D12805,0,0,Память для хранения названий рецептов. Задание 113. Символ 6
,WORD,D12806,0,0,Память для хранения названий рецептов. Задание 113. Символ 7
,WORD,D12807,0,0,Память для хранения названий рецептов. Задание 113. Символ 8
,WORD,D12808,0,0,Память для хранения названий рецептов. Задание 113. Символ 9
,WORD,D12809,0,0,Память для хранения названий рецептов. Задание 113. Символ 10
,WORD,D12810,0,0,Память для хранения названий рецептов. Задание 113. Символ 11
,WORD,D12811,0,0,Память для хранения названий рецептов. Задание 113. Символ 12
,WORD,D12812,0,0,Память для хранения названий рецептов. Задание 113. Символ 13
,WORD,D12813,0,0,Память для хранения названий рецептов. Задание 113. Символ 14
,WORD,D12814,0,0,Память для хранения названий рецептов. Задание 113. Символ 15
,WORD,D12815,0,0,Память для хранения названий рецептов. Задание 113. Символ 16
,WORD,D12816,0,0,Память для хранения названий рецептов. Задание 113. Символ 17
,WORD,D12817,0,0,Память для хранения названий рецептов. Задание 113. Символ 18
,WORD,D12818,0,0,Память для хранения названий рецептов. Задание 113. Символ 19
,WORD,D12819,0,0,Память для хранения названий рецептов. Задание 113. Символ 20
,WORD,D12820,0,0,Память для хранения названий рецептов. Задание 113. Символ 21
,WORD,D12821,0,0,Память для хранения названий рецептов. Задание 113. Символ 22
,WORD,D12822,0,0,Память для хранения названий рецептов. Задание 113. Символ 23
,WORD,D12823,0,0,Память для хранения названий рецептов. Задание 113. Символ 24
,WORD,D12824,0,0,Память для хранения названий рецептов. Задание 113. Символ 25
,WORD,D12825,0,0,Память для хранения названий рецептов. Задание 114. Символ 1
,WORD,D12826,0,0,Память для хранения названий рецептов. Задание 114. Символ 2
,WORD,D12827,0,0,Память для хранения названий рецептов. Задание 114. Символ 3
,WORD,D12828,0,0,Память для хранения названий рецептов. Задание 114. Символ 4
,WORD,D12829,0,0,Память для хранения названий рецептов. Задание 114. Символ 5
,WORD,D12830,0,0,Память для хранения названий рецептов. Задание 114. Символ 6
,WORD,D12831,0,0,Память для хранения названий рецептов. Задание 114. Символ 7
,WORD,D12832,0,0,Память для хранения названий рецептов. Задание 114. Символ 8
,WORD,D12833,0,0,Память для хранения названий рецептов. Задание 114. Символ 9
,WORD,D12834,0,0,Память для хранения названий рецептов. Задание 114. Символ 10
,WORD,D12835,0,0,Память для хранения названий рецептов. Задание 114. Символ 11
,WORD,D12836,0,0,Память для хранения названий рецептов. Задание 114. Символ 12
,WORD,D12837,0,0,Память для хранения названий рецептов. Задание 114. Символ 13
,WORD,D12838,0,0,Память для хранения названий рецептов. Задание 114. Символ 14
,WORD,D12839,0,0,Память для хранения названий рецептов. Задание 114. Символ 15
,WORD,D12840,0,0,Память для хранения названий рецептов. Задание 114. Символ 16
,WORD,D12841,0,0,Память для хранения названий рецептов. Задание 114. Символ 17
,WORD,D12842,0,0,Память для хранения названий рецептов. Задание 114. Символ 18
,WORD,D12843,0,0,Память для хранения названий рецептов. Задание 114. Символ 19
,WORD,D12844,0,0,Память для хранения названий рецептов. Задание 114. Символ 20
,WORD,D12845,0,0,Память для хранения названий рецептов. Задание 114. Символ 21
,WORD,D12846,0,0,Память для хранения названий рецептов. Задание 114. Символ 22
,WORD,D12847,0,0,Память для хранения названий рецептов. Задание 114. Символ 23
,WORD,D12848,0,0,Память для хранения названий рецептов. Задание 114. Символ 24
,WORD,D12849,0,0,Память для хранения названий рецептов. Задание 114. Символ 25
,WORD,D12850,0,0,Память для хранения названий рецептов. Задание 115. Символ 1
,WORD,D12851,0,0,Память для хранения названий рецептов. Задание 115. Символ 2
,WORD,D12852,0,0,Память для хранения названий рецептов. Задание 115. Символ 3
,WORD,D12853,0,0,Память для хранения названий рецептов. Задание 115. Символ 4
,WORD,D12854,0,0,Память для хранения названий рецептов. Задание 115. Символ 5
,WORD,D12855,0,0,Память для хранения названий рецептов. Задание 115. Символ 6
,WORD,D12856,0,0,Память для хранения названий рецептов. Задание 115. Символ 7
,WORD,D12857,0,0,Память для хранения названий рецептов. Задание 115. Символ 8
,WORD,D12858,0,0,Память для хранения названий рецептов. Задание 115. Символ 9
,WORD,D12859,0,0,Память для хранения названий рецептов. Задание 115. Символ 10
,WORD,D12860,0,0,Память для хранения названий рецептов. Задание 115. Символ 11
,WORD,D12861,0,0,Память для хранения названий рецептов. Задание 115. Символ 12
,WORD,D12862,0,0,Память для хранения названий рецептов. Задание 115. Символ 13
,WORD,D12863,0,0,Память для хранения названий рецептов. Задание 115. Символ 14
,WORD,D12864,0,0,Память для хранения названий рецептов. Задание 115. Символ 15
,WORD,D12865,0,0,Память для хранения названий рецептов. Задание 115. Символ 16
,WORD,D12866,0,0,Память для хранения названий рецептов. Задание 115. Символ 17
,WORD,D12867,0,0,Память для хранения названий рецептов. Задание 115. Символ 18
,WORD,D12868,0,0,Память для хранения названий рецептов. Задание 115. Символ 19
,WORD,D12869,0,0,Память для хранения названий рецептов. Задание 115. Символ 20
,WORD,D12870,0,0,Память для хранения названий рецептов. Задание 115. Символ 21
,WORD,D12871,0,0,Память для хранения названий рецептов. Задание 115. Символ 22
,WORD,D12872,0,0,Память для хранения названий рецептов. Задание 115. Символ 23
,WORD,D12873,0,0,Память для хранения названий рецептов. Задание 115. Символ 24
,WORD,D12874,0,0,Память для хранения названий рецептов. Задание 115. Символ 25
,WORD,D12875,0,0,Память для хранения названий рецептов. Задание 116. Символ 1
,WORD,D12876,0,0,Память для хранения названий рецептов. Задание 116. Символ 2
,WORD,D12877,0,0,Память для хранения названий рецептов. Задание 116. Символ 3
,WORD,D12878,0,0,Память для хранения названий рецептов. Задание 116. Символ 4
,WORD,D12879,0,0,Память для хранения названий рецептов. Задание 116. Символ 5
,WORD,D12880,0,0,Память для хранения названий рецептов. Задание 116. Символ 6
,WORD,D12881,0,0,Память для хранения названий рецептов. Задание 116. Символ 7
,WORD,D12882,0,0,Память для хранения названий рецептов. Задание 116. Символ 8
,WORD,D12883,0,0,Память для хранения названий рецептов. Задание 116. Символ 9
,WORD,D12884,0,0,Память для хранения названий рецептов. Задание 116. Символ 10
,WORD,D12885,0,0,Память для хранения названий рецептов. Задание 116. Символ 11
,WORD,D12886,0,0,Память для хранения названий рецептов. Задание 116. Символ 12
,WORD,D12887,0,0,Память для хранения названий рецептов. Задание 116. Символ 13
,WORD,D12888,0,0,Память для хранения названий рецептов. Задание 116. Символ 14
,WORD,D12889,0,0,Память для хранения названий рецептов. Задание 116. Символ 15
,WORD,D12890,0,0,Память для хранения названий рецептов. Задание 116. Символ 16
,WORD,D12891,0,0,Память для хранения названий рецептов. Задание 116. Символ 17
,WORD,D12892,0,0,Память для хранения названий рецептов. Задание 116. Символ 18
,WORD,D12893,0,0,Память для хранения названий рецептов. Задание 116. Символ 19
,WORD,D12894,0,0,Память для хранения названий рецептов. Задание 116. Символ 20
,WORD,D12895,0,0,Память для хранения названий рецептов. Задание 116. Символ 21
,WORD,D12896,0,0,Память для хранения названий рецептов. Задание 116. Символ 22
,WORD,D12897,0,0,Память для хранения названий рецептов. Задание 116. Символ 23
,WORD,D12898,0,0,Память для хранения названий рецептов. Задание 116. Символ 24
,WORD,D12899,0,0,Память для хранения названий рецептов. Задание 116. Символ 25
,WORD,D12900,0,0,Память для хранения названий рецептов. Задание 117. Символ 1
,WORD,D12901,0,0,Память для хранения названий рецептов. Задание 117. Символ 2
,WORD,D12902,0,0,Память для хранения названий рецептов. Задание 117. Символ 3
,WORD,D12903,0,0,Память для хранения названий рецептов. Задание 117. Символ 4
,WORD,D12904,0,0,Память для хранения названий рецептов. Задание 117. Символ 5
,WORD,D12905,0,0,Память для хранения названий рецептов. Задание 117. Символ 6
,WORD,D12906,0,0,Память для хранения названий рецептов. Задание 117. Символ 7
,WORD,D12907,0,0,Память для хранения названий рецептов. Задание 117. Символ 8
,WORD,D12908,0,0,Память для хранения названий рецептов. Задание 117. Символ 9
,WORD,D12909,0,0,Память для хранения названий рецептов. Задание 117. Символ 10
,WORD,D12910,0,0,Память для хранения названий рецептов. Задание 117. Символ 11
,WORD,D12911,0,0,Память для хранения названий рецептов. Задание 117. Символ 12
,WORD,D12912,0,0,Память для хранения названий рецептов. Задание 117. Символ 13
,WORD,D12913,0,0,Память для хранения названий рецептов. Задание 117. Символ 14
,WORD,D12914,0,0,Память для хранения названий рецептов. Задание 117. Символ 15
,WORD,D12915,0,0,Память для хранения названий рецептов. Задание 117. Символ 16
,WORD,D12916,0,0,Память для хранения названий рецептов. Задание 117. Символ 17
,WORD,D12917,0,0,Память для хранения названий рецептов. Задание 117. Символ 18
,WORD,D12918,0,0,Память для хранения названий рецептов. Задание 117. Символ 19
,WORD,D12919,0,0,Память для хранения названий рецептов. Задание 117. Символ 20
,WORD,D12920,0,0,Память для хранения названий рецептов. Задание 117. Символ 21
,WORD,D12921,0,0,Память для хранения названий рецептов. Задание 117. Символ 22
,WORD,D12922,0,0,Память для хранения названий рецептов. Задание 117. Символ 23
,WORD,D12923,0,0,Память для хранения названий рецептов. Задание 117. Символ 24
,WORD,D12924,0,0,Память для хранения названий рецептов. Задание 117. Символ 25
,WORD,D12925,0,0,Память для хранения названий рецептов. Задание 118. Символ 1
,WORD,D12926,0,0,Память для хранения названий рецептов. Задание 118. Символ 2
,WORD,D12927,0,0,Память для хранения названий рецептов. Задание 118. Символ 3
,WORD,D12928,0,0,Память для хранения названий рецептов. Задание 118. Символ 4
,WORD,D12929,0,0,Память для хранения названий рецептов. Задание 118. Символ 5
,WORD,D12930,0,0,Память для хранения названий рецептов. Задание 118. Символ 6
,WORD,D12931,0,0,Память для хранения названий рецептов. Задание 118. Символ 7
,WORD,D12932,0,0,Память для хранения названий рецептов. Задание 118. Символ 8
,WORD,D12933,0,0,Память для хранения названий рецептов. Задание 118. Символ 9
,WORD,D12934,0,0,Память для хранения названий рецептов. Задание 118. Символ 10
,WORD,D12935,0,0,Память для хранения названий рецептов. Задание 118. Символ 11
,WORD,D12936,0,0,Память для хранения названий рецептов. Задание 118. Символ 12
,WORD,D12937,0,0,Память для хранения названий рецептов. Задание 118. Символ 13
,WORD,D12938,0,0,Память для хранения названий рецептов. Задание 118. Символ 14
,WORD,D12939,0,0,Память для хранения названий рецептов. Задание 118. Символ 15
,WORD,D12940,0,0,Память для хранения названий рецептов. Задание 118. Символ 16
,WORD,D12941,0,0,Память для хранения названий рецептов. Задание 118. Символ 17
,WORD,D12942,0,0,Память для хранения названий рецептов. Задание 118. Символ 18
,WORD,D12943,0,0,Память для хранения названий рецептов. Задание 118. Символ 19
,WORD,D12944,0,0,Память для хранения названий рецептов. Задание 118. Символ 20
,WORD,D12945,0,0,Память для хранения названий рецептов. Задание 118. Символ 21
,WORD,D12946,0,0,Память для хранения названий рецептов. Задание 118. Символ 22
,WORD,D12947,0,0,Память для хранения названий рецептов. Задание 118. Символ 23
,WORD,D12948,0,0,Память для хранения названий рецептов. Задание 118. Символ 24
,WORD,D12949,0,0,Память для хранения названий рецептов. Задание 118. Символ 25
,WORD,D12950,0,0,Память для хранения названий рецептов. Задание 119. Символ 1
,WORD,D12951,0,0,Память для хранения названий рецептов. Задание 119. Символ 2
,WORD,D12952,0,0,Память для хранения названий рецептов. Задание 119. Символ 3
,WORD,D12953,0,0,Память для хранения названий рецептов. Задание 119. Символ 4
,WORD,D12954,0,0,Память для хранения названий рецептов. Задание 119. Символ 5
,WORD,D12955,0,0,Память для хранения названий рецептов. Задание 119. Символ 6
,WORD,D12956,0,0,Память для хранения названий рецептов. Задание 119. Символ 7
,WORD,D12957,0,0,Память для хранения названий рецептов. Задание 119. Символ 8
,WORD,D12958,0,0,Память для хранения названий рецептов. Задание 119. Символ 9
,WORD,D12959,0,0,Память для хранения названий рецептов. Задание 119. Символ 10
,WORD,D12960,0,0,Память для хранения названий рецептов. Задание 119. Символ 11
,WORD,D12961,0,0,Память для хранения названий рецептов. Задание 119. Символ 12
,WORD,D12962,0,0,Память для хранения названий рецептов. Задание 119. Символ 13
,WORD,D12963,0,0,Память для хранения названий рецептов. Задание 119. Символ 14
,WORD,D12964,0,0,Память для хранения названий рецептов. Задание 119. Символ 15
,WORD,D12965,0,0,Память для хранения названий рецептов. Задание 119. Символ 16
,WORD,D12966,0,0,Память для хранения названий рецептов. Задание 119. Символ 17
,WORD,D12967,0,0,Память для хранения названий рецептов. Задание 119. Символ 18
,WORD,D12968,0,0,Память для хранения названий рецептов. Задание 119. Символ 19
,WORD,D12969,0,0,Память для хранения названий рецептов. Задание 119. Символ 20
,WORD,D12970,0,0,Память для хранения названий рецептов. Задание 119. Символ 21
,WORD,D12971,0,0,Память для хранения названий рецептов. Задание 119. Символ 22
,WORD,D12972,0,0,Память для хранения названий рецептов. Задание 119. Символ 23
,WORD,D12973,0,0,Память для хранения названий рецептов. Задание 119. Символ 24
,WORD,D12974,0,0,Память для хранения названий рецептов. Задание 119. Символ 25
,WORD,D12975,0,0,Память для хранения названий рецептов. Задание 120. Символ 1
,WORD,D12976,0,0,Память для хранения названий рецептов. Задание 120. Символ 2
,WORD,D12977,0,0,Память для хранения названий рецептов. Задание 120. Символ 3
,WORD,D12978,0,0,Память для хранения названий рецептов. Задание 120. Символ 4
,WORD,D12979,0,0,Память для хранения названий рецептов. Задание 120. Символ 5
,WORD,D12980,0,0,Память для хранения названий рецептов. Задание 120. Символ 6
,WORD,D12981,0,0,Память для хранения названий рецептов. Задание 120. Символ 7
,WORD,D12982,0,0,Память для хранения названий рецептов. Задание 120. Символ 8
,WORD,D12983,0,0,Память для хранения названий рецептов. Задание 120. Символ 9
,WORD,D12984,0,0,Память для хранения названий рецептов. Задание 120. Символ 10
,WORD,D12985,0,0,Память для хранения названий рецептов. Задание 120. Символ 11
,WORD,D12986,0,0,Память для хранения названий рецептов. Задание 120. Символ 12
,WORD,D12987,0,0,Память для хранения названий рецептов. Задание 120. Символ 13
,WORD,D12988,0,0,Память для хранения названий рецептов. Задание 120. Символ 14
,WORD,D12989,0,0,Память для хранения названий рецептов. Задание 120. Символ 15
,WORD,D12990,0,0,Память для хранения названий рецептов. Задание 120. Символ 16
,WORD,D12991,0,0,Память для хранения названий рецептов. Задание 120. Символ 17
,WORD,D12992,0,0,Память для хранения названий рецептов. Задание 120. Символ 18
,WORD,D12993,0,0,Память для хранения названий рецептов. Задание 120. Символ 19
,WORD,D12994,0,0,Память для хранения названий рецептов. Задание 120. Символ 20
,WORD,D12995,0,0,Память для хранения названий рецептов. Задание 120. Символ 21
,WORD,D12996,0,0,Память для хранения названий рецептов. Задание 120. Символ 22
,WORD,D12997,0,0,Память для хранения названий рецептов. Задание 120. Символ 23
,WORD,D12998,0,0,Память для хранения названий рецептов. Задание 120. Символ 24
,WORD,D12999,0,0,Память для хранения названий рецептов. Задание 120. Символ 25
,WORD,D13000,0,0,Память для хранения названий рецептов. Задание 121. Символ 1
,WORD,D13001,0,0,Память для хранения названий рецептов. Задание 121. Символ 2
,WORD,D13002,0,0,Память для хранения названий рецептов. Задание 121. Символ 3
,WORD,D13003,0,0,Память для хранения названий рецептов. Задание 121. Символ 4
,WORD,D13004,0,0,Память для хранения названий рецептов. Задание 121. Символ 5
,WORD,D13005,0,0,Память для хранения названий рецептов. Задание 121. Символ 6
,WORD,D13006,0,0,Память для хранения названий рецептов. Задание 121. Символ 7
,WORD,D13007,0,0,Память для хранения названий рецептов. Задание 121. Символ 8
,WORD,D13008,0,0,Память для хранения названий рецептов. Задание 121. Символ 9
,WORD,D13009,0,0,Память для хранения названий рецептов. Задание 121. Символ 10
,WORD,D13010,0,0,Память для хранения названий рецептов. Задание 121. Символ 11
,WORD,D13011,0,0,Память для хранения названий рецептов. Задание 121. Символ 12
,WORD,D13012,0,0,Память для хранения названий рецептов. Задание 121. Символ 13
,WORD,D13013,0,0,Память для хранения названий рецептов. Задание 121. Символ 14
,WORD,D13014,0,0,Память для хранения названий рецептов. Задание 121. Символ 15
,WORD,D13015,0,0,Память для хранения названий рецептов. Задание 121. Символ 16
,WORD,D13016,0,0,Память для хранения названий рецептов. Задание 121. Символ 17
,WORD,D13017,0,0,Память для хранения названий рецептов. Задание 121. Символ 18
,WORD,D13018,0,0,Память для хранения названий рецептов. Задание 121. Символ 19
,WORD,D13019,0,0,Память для хранения названий рецептов. Задание 121. Символ 20
,WORD,D13020,0,0,Память для хранения названий рецептов. Задание 121. Символ 21
,WORD,D13021,0,0,Память для хранения названий рецептов. Задание 121. Символ 22
,WORD,D13022,0,0,Память для хранения названий рецептов. Задание 121. Символ 23
,WORD,D13023,0,0,Память для хранения названий рецептов. Задание 121. Символ 24
,WORD,D13024,0,0,Память для хранения названий рецептов. Задание 121. Символ 25
,WORD,D13025,0,0,Память для хранения названий рецептов. Задание 122. Символ 1
,WORD,D13026,0,0,Память для хранения названий рецептов. Задание 122. Символ 2
,WORD,D13027,0,0,Память для хранения названий рецептов. Задание 122. Символ 3
,WORD,D13028,0,0,Память для хранения названий рецептов. Задание 122. Символ 4
,WORD,D13029,0,0,Память для хранения названий рецептов. Задание 122. Символ 5
,WORD,D13030,0,0,Память для хранения названий рецептов. Задание 122. Символ 6
,WORD,D13031,0,0,Память для хранения названий рецептов. Задание 122. Символ 7
,WORD,D13032,0,0,Память для хранения названий рецептов. Задание 122. Символ 8
,WORD,D13033,0,0,Память для хранения названий рецептов. Задание 122. Символ 9
,WORD,D13034,0,0,Память для хранения названий рецептов. Задание 122. Символ 10
,WORD,D13035,0,0,Память для хранения названий рецептов. Задание 122. Символ 11
,WORD,D13036,0,0,Память для хранения названий рецептов. Задание 122. Символ 12
,WORD,D13037,0,0,Память для хранения названий рецептов. Задание 122. Символ 13
,WORD,D13038,0,0,Память для хранения названий рецептов. Задание 122. Символ 14
,WORD,D13039,0,0,Память для хранения названий рецептов. Задание 122. Символ 15
,WORD,D13040,0,0,Память для хранения названий рецептов. Задание 122. Символ 16
,WORD,D13041,0,0,Память для хранения названий рецептов. Задание 122. Символ 17
,WORD,D13042,0,0,Память для хранения названий рецептов. Задание 122. Символ 18
,WORD,D13043,0,0,Память для хранения названий рецептов. Задание 122. Символ 19
,WORD,D13044,0,0,Память для хранения названий рецептов. Задание 122. Символ 20
,WORD,D13045,0,0,Память для хранения названий рецептов. Задание 122. Символ 21
,WORD,D13046,0,0,Память для хранения названий рецептов. Задание 122. Символ 22
,WORD,D13047,0,0,Память для хранения названий рецептов. Задание 122. Символ 23
,WORD,D13048,0,0,Память для хранения названий рецептов. Задание 122. Символ 24
,WORD,D13049,0,0,Память для хранения названий рецептов. Задание 122. Символ 25
,WORD,D13050,0,0,Память для хранения названий рецептов. Задание 123. Символ 1
,WORD,D13051,0,0,Память для хранения названий рецептов. Задание 123. Символ 2
,WORD,D13052,0,0,Память для хранения названий рецептов. Задание 123. Символ 3
,WORD,D13053,0,0,Память для хранения названий рецептов. Задание 123. Символ 4
,WORD,D13054,0,0,Память для хранения названий рецептов. Задание 123. Символ 5
,WORD,D13055,0,0,Память для хранения названий рецептов. Задание 123. Символ 6
,WORD,D13056,0,0,Память для хранения названий рецептов. Задание 123. Символ 7
,WORD,D13057,0,0,Память для хранения названий рецептов. Задание 123. Символ 8
,WORD,D13058,0,0,Память для хранения названий рецептов. Задание 123. Символ 9
,WORD,D13059,0,0,Память для хранения названий рецептов. Задание 123. Символ 10
,WORD,D13060,0,0,Память для хранения названий рецептов. Задание 123. Символ 11
,WORD,D13061,0,0,Память для хранения названий рецептов. Задание 123. Символ 12
,WORD,D13062,0,0,Память для хранения названий рецептов. Задание 123. Символ 13
,WORD,D13063,0,0,Память для хранения названий рецептов. Задание 123. Символ 14
,WORD,D13064,0,0,Память для хранения названий рецептов. Задание 123. Символ 15
,WORD,D13065,0,0,Память для хранения названий рецептов. Задание 123. Символ 16
,WORD,D13066,0,0,Память для хранения названий рецептов. Задание 123. Символ 17
,WORD,D13067,0,0,Память для хранения названий рецептов. Задание 123. Символ 18
,WORD,D13068,0,0,Память для хранения названий рецептов. Задание 123. Символ 19
,WORD,D13069,0,0,Память для хранения названий рецептов. Задание 123. Символ 20
,WORD,D13070,0,0,Память для хранения названий рецептов. Задание 123. Символ 21
,WORD,D13071,0,0,Память для хранения названий рецептов. Задание 123. Символ 22
,WORD,D13072,0,0,Память для хранения названий рецептов. Задание 123. Символ 23
,WORD,D13073,0,0,Память для хранения названий рецептов. Задание 123. Символ 24
,WORD,D13074,0,0,Память для хранения названий рецептов. Задание 123. Символ 25
,WORD,D13075,0,0,Память для хранения названий рецептов. Задание 124. Символ 1
,WORD,D13076,0,0,Память для хранения названий рецептов. Задание 124. Символ 2
,WORD,D13077,0,0,Память для хранения названий рецептов. Задание 124. Символ 3
,WORD,D13078,0,0,Память для хранения названий рецептов. Задание 124. Символ 4
,WORD,D13079,0,0,Память для хранения названий рецептов. Задание 124. Символ 5
,WORD,D13080,0,0,Память для хранения названий рецептов. Задание 124. Символ 6
,WORD,D13081,0,0,Память для хранения названий рецептов. Задание 124. Символ 7
,WORD,D13082,0,0,Память для хранения названий рецептов. Задание 124. Символ 8
,WORD,D13083,0,0,Память для хранения названий рецептов. Задание 124. Символ 9
,WORD,D13084,0,0,Память для хранения названий рецептов. Задание 124. Символ 10
,WORD,D13085,0,0,Память для хранения названий рецептов. Задание 124. Символ 11
,WORD,D13086,0,0,Память для хранения названий рецептов. Задание 124. Символ 12
,WORD,D13087,0,0,Память для хранения названий рецептов. Задание 124. Символ 13
,WORD,D13088,0,0,Память для хранения названий рецептов. Задание 124. Символ 14
,WORD,D13089,0,0,Память для хранения названий рецептов. Задание 124. Символ 15
,WORD,D13090,0,0,Память для хранения названий рецептов. Задание 124. Символ 16
,WORD,D13091,0,0,Память для хранения названий рецептов. Задание 124. Символ 17
,WORD,D13092,0,0,Память для хранения названий рецептов. Задание 124. Символ 18
,WORD,D13093,0,0,Память для хранения названий рецептов. Задание 124. Символ 19
,WORD,D13094,0,0,Память для хранения названий рецептов. Задание 124. Символ 20
,WORD,D13095,0,0,Память для хранения названий рецептов. Задание 124. Символ 21
,WORD,D13096,0,0,Память для хранения названий рецептов. Задание 124. Символ 22
,WORD,D13097,0,0,Память для хранения названий рецептов. Задание 124. Символ 23
,WORD,D13098,0,0,Память для хранения названий рецептов. Задание 124. Символ 24
,WORD,D13099,0,0,Память для хранения названий рецептов. Задание 124. Символ 25
,WORD,D13100,0,0,Память для хранения названий рецептов. Задание 125. Символ 1
,WORD,D13101,0,0,Память для хранения названий рецептов. Задание 125. Символ 2
,WORD,D13102,0,0,Память для хранения названий рецептов. Задание 125. Символ 3
,WORD,D13103,0,0,Память для хранения названий рецептов. Задание 125. Символ 4
,WORD,D13104,0,0,Память для хранения названий рецептов. Задание 125. Символ 5
,WORD,D13105,0,0,Память для хранения названий рецептов. Задание 125. Символ 6
,WORD,D13106,0,0,Память для хранения названий рецептов. Задание 125. Символ 7
,WORD,D13107,0,0,Память для хранения названий рецептов. Задание 125. Символ 8
,WORD,D13108,0,0,Память для хранения названий рецептов. Задание 125. Символ 9
,WORD,D13109,0,0,Память для хранения названий рецептов. Задание 125. Символ 10
,WORD,D13110,0,0,Память для хранения названий рецептов. Задание 125. Символ 11
,WORD,D13111,0,0,Память для хранения названий рецептов. Задание 125. Символ 12
,WORD,D13112,0,0,Память для хранения названий рецептов. Задание 125. Символ 13
,WORD,D13113,0,0,Память для хранения названий рецептов. Задание 125. Символ 14
,WORD,D13114,0,0,Память для хранения названий рецептов. Задание 125. Символ 15
,WORD,D13115,0,0,Память для хранения названий рецептов. Задание 125. Символ 16
,WORD,D13116,0,0,Память для хранения названий рецептов. Задание 125. Символ 17
,WORD,D13117,0,0,Память для хранения названий рецептов. Задание 125. Символ 18
,WORD,D13118,0,0,Память для хранения названий рецептов. Задание 125. Символ 19
,WORD,D13119,0,0,Память для хранения названий рецептов. Задание 125. Символ 20
,WORD,D13120,0,0,Память для хранения названий рецептов. Задание 125. Символ 21
,WORD,D13121,0,0,Память для хранения названий рецептов. Задание 125. Символ 22
,WORD,D13122,0,0,Память для хранения названий рецептов. Задание 125. Символ 23
,WORD,D13123,0,0,Память для хранения названий рецептов. Задание 125. Символ 24
,WORD,D13124,0,0,Память для хранения названий рецептов. Задание 125. Символ 25
,WORD,D13125,0,0,Память для хранения названий рецептов. Задание 126. Символ 1
,WORD,D13126,0,0,Память для хранения названий рецептов. Задание 126. Символ 2
,WORD,D13127,0,0,Память для хранения названий рецептов. Задание 126. Символ 3
,WORD,D13128,0,0,Память для хранения названий рецептов. Задание 126. Символ 4
,WORD,D13129,0,0,Память для хранения названий рецептов. Задание 126. Символ 5
,WORD,D13130,0,0,Память для хранения названий рецептов. Задание 126. Символ 6
,WORD,D13131,0,0,Память для хранения названий рецептов. Задание 126. Символ 7
,WORD,D13132,0,0,Память для хранения названий рецептов. Задание 126. Символ 8
,WORD,D13133,0,0,Память для хранения названий рецептов. Задание 126. Символ 9
,WORD,D13134,0,0,Память для хранения названий рецептов. Задание 126. Символ 10
,WORD,D13135,0,0,Память для хранения названий рецептов. Задание 126. Символ 11
,WORD,D13136,0,0,Память для хранения названий рецептов. Задание 126. Символ 12
,WORD,D13137,0,0,Память для хранения названий рецептов. Задание 126. Символ 13
,WORD,D13138,0,0,Память для хранения названий рецептов. Задание 126. Символ 14
,WORD,D13139,0,0,Память для хранения названий рецептов. Задание 126. Символ 15
,WORD,D13140,0,0,Память для хранения названий рецептов. Задание 126. Символ 16
,WORD,D13141,0,0,Память для хранения названий рецептов. Задание 126. Символ 17
,WORD,D13142,0,0,Память для хранения названий рецептов. Задание 126. Символ 18
,WORD,D13143,0,0,Память для хранения названий рецептов. Задание 126. Символ 19
,WORD,D13144,0,0,Память для хранения названий рецептов. Задание 126. Символ 20
,WORD,D13145,0,0,Память для хранения названий рецептов. Задание 126. Символ 21
,WORD,D13146,0,0,Память для хранения названий рецептов. Задание 126. Символ 22
,WORD,D13147,0,0,Память для хранения названий рецептов. Задание 126. Символ 23
,WORD,D13148,0,0,Память для хранения названий рецептов. Задание 126. Символ 24
,WORD,D13149,0,0,Память для хранения названий рецептов. Задание 126. Символ 25
,WORD,D13150,0,0,Память для хранения названий рецептов. Задание 127. Символ 1
,WORD,D13151,0,0,Память для хранения названий рецептов. Задание 127. Символ 2
,WORD,D13152,0,0,Память для хранения названий рецептов. Задание 127. Символ 3
,WORD,D13153,0,0,Память для хранения названий рецептов. Задание 127. Символ 4
,WORD,D13154,0,0,Память для хранения названий рецептов. Задание 127. Символ 5
,WORD,D13155,0,0,Память для хранения названий рецептов. Задание 127. Символ 6
,WORD,D13156,0,0,Память для хранения названий рецептов. Задание 127. Символ 7
,WORD,D13157,0,0,Память для хранения названий рецептов. Задание 127. Символ 8
,WORD,D13158,0,0,Память для хранения названий рецептов. Задание 127. Символ 9
,WORD,D13159,0,0,Память для хранения названий рецептов. Задание 127. Символ 10
,WORD,D13160,0,0,Память для хранения названий рецептов. Задание 127. Символ 11
,WORD,D13161,0,0,Память для хранения названий рецептов. Задание 127. Символ 12
,WORD,D13162,0,0,Память для хранения названий рецептов. Задание 127. Символ 13
,WORD,D13163,0,0,Память для хранения названий рецептов. Задание 127. Символ 14
,WORD,D13164,0,0,Память для хранения названий рецептов. Задание 127. Символ 15
,WORD,D13165,0,0,Память для хранения названий рецептов. Задание 127. Символ 16
,WORD,D13166,0,0,Память для хранения названий рецептов. Задание 127. Символ 17
,WORD,D13167,0,0,Память для хранения названий рецептов. Задание 127. Символ 18
,WORD,D13168,0,0,Память для хранения названий рецептов. Задание 127. Символ 19
,WORD,D13169,0,0,Память для хранения названий рецептов. Задание 127. Символ 20
,WORD,D13170,0,0,Память для хранения названий рецептов. Задание 127. Символ 21
,WORD,D13171,0,0,Память для хранения названий рецептов. Задание 127. Символ 22
,WORD,D13172,0,0,Память для хранения названий рецептов. Задание 127. Символ 23
,WORD,D13173,0,0,Память для хранения названий рецептов. Задание 127. Символ 24
,WORD,D13174,0,0,Память для хранения названий рецептов. Задание 127. Символ 25
,WORD,D13175,0,0,Память для хранения названий рецептов. Задание 128. Символ 1
,WORD,D13176,0,0,Память для хранения названий рецептов. Задание 128. Символ 2
,WORD,D13177,0,0,Память для хранения названий рецептов. Задание 128. Символ 3
,WORD,D13178,0,0,Память для хранения названий рецептов. Задание 128. Символ 4
,WORD,D13179,0,0,Память для хранения названий рецептов. Задание 128. Символ 5
,WORD,D13180,0,0,Память для хранения названий рецептов. Задание 128. Символ 6
,WORD,D13181,0,0,Память для хранения названий рецептов. Задание 128. Символ 7
,WORD,D13182,0,0,Память для хранения названий рецептов. Задание 128. Символ 8
,WORD,D13183,0,0,Память для хранения названий рецептов. Задание 128. Символ 9
,WORD,D13184,0,0,Память для хранения названий рецептов. Задание 128. Символ 10
,WORD,D13185,0,0,Память для хранения названий рецептов. Задание 128. Символ 11
,WORD,D13186,0,0,Память для хранения названий рецептов. Задание 128. Символ 12
,WORD,D13187,0,0,Память для хранения названий рецептов. Задание 128. Символ 13
,WORD,D13188,0,0,Память для хранения названий рецептов. Задание 128. Символ 14
,WORD,D13189,0,0,Память для хранения названий рецептов. Задание 128. Символ 15
,WORD,D13190,0,0,Память для хранения названий рецептов. Задание 128. Символ 16
,WORD,D13191,0,0,Память для хранения названий рецептов. Задание 128. Символ 17
,WORD,D13192,0,0,Память для хранения названий рецептов. Задание 128. Символ 18
,WORD,D13193,0,0,Память для хранения названий рецептов. Задание 128. Символ 19
,WORD,D13194,0,0,Память для хранения названий рецептов. Задание 128. Символ 20
,WORD,D13195,0,0,Память для хранения названий рецептов. Задание 128. Символ 21
,WORD,D13196,0,0,Память для хранения названий рецептов. Задание 128. Символ 22
,WORD,D13197,0,0,Память для хранения названий рецептов. Задание 128. Символ 23
,WORD,D13198,0,0,Память для хранения названий рецептов. Задание 128. Символ 24
,WORD,D13199,0,0,Память для хранения названий рецептов. Задание 128. Символ 25
,WORD,D13200,0,0,Память для хранения названий рецептов. Задание 129. Символ 1
,WORD,D13201,0,0,Память для хранения названий рецептов. Задание 129. Символ 2
,WORD,D13202,0,0,Память для хранения названий рецептов. Задание 129. Символ 3
,WORD,D13203,0,0,Память для хранения названий рецептов. Задание 129. Символ 4
,WORD,D13204,0,0,Память для хранения названий рецептов. Задание 129. Символ 5
,WORD,D13205,0,0,Память для хранения названий рецептов. Задание 129. Символ 6
,WORD,D13206,0,0,Память для хранения названий рецептов. Задание 129. Символ 7
,WORD,D13207,0,0,Память для хранения названий рецептов. Задание 129. Символ 8
,WORD,D13208,0,0,Память для хранения названий рецептов. Задание 129. Символ 9
,WORD,D13209,0,0,Память для хранения названий рецептов. Задание 129. Символ 10
,WORD,D13210,0,0,Память для хранения названий рецептов. Задание 129. Символ 11
,WORD,D13211,0,0,Память для хранения названий рецептов. Задание 129. Символ 12
,WORD,D13212,0,0,Память для хранения названий рецептов. Задание 129. Символ 13
,WORD,D13213,0,0,Память для хранения названий рецептов. Задание 129. Символ 14
,WORD,D13214,0,0,Память для хранения названий рецептов. Задание 129. Символ 15
,WORD,D13215,0,0,Память для хранения названий рецептов. Задание 129. Символ 16
,WORD,D13216,0,0,Память для хранения названий рецептов. Задание 129. Символ 17
,WORD,D13217,0,0,Память для хранения названий рецептов. Задание 129. Символ 18
,WORD,D13218,0,0,Память для хранения названий рецептов. Задание 129. Символ 19
,WORD,D13219,0,0,Память для хранения названий рецептов. Задание 129. Символ 20
,WORD,D13220,0,0,Память для хранения названий рецептов. Задание 129. Символ 21
,WORD,D13221,0,0,Память для хранения названий рецептов. Задание 129. Символ 22
,WORD,D13222,0,0,Память для хранения названий рецептов. Задание 129. Символ 23
,WORD,D13223,0,0,Память для хранения названий рецептов. Задание 129. Символ 24
,WORD,D13224,0,0,Память для хранения названий рецептов. Задание 129. Символ 25
,WORD,D13225,0,0,Память для хранения названий рецептов. Задание 130. Символ 1
,WORD,D13226,0,0,Память для хранения названий рецептов. Задание 130. Символ 2
,WORD,D13227,0,0,Память для хранения названий рецептов. Задание 130. Символ 3
,WORD,D13228,0,0,Память для хранения названий рецептов. Задание 130. Символ 4
,WORD,D13229,0,0,Память для хранения названий рецептов. Задание 130. Символ 5
,WORD,D13230,0,0,Память для хранения названий рецептов. Задание 130. Символ 6
,WORD,D13231,0,0,Память для хранения названий рецептов. Задание 130. Символ 7
,WORD,D13232,0,0,Память для хранения названий рецептов. Задание 130. Символ 8
,WORD,D13233,0,0,Память для хранения названий рецептов. Задание 130. Символ 9
,WORD,D13234,0,0,Память для хранения названий рецептов. Задание 130. Символ 10
,WORD,D13235,0,0,Память для хранения названий рецептов. Задание 130. Символ 11
,WORD,D13236,0,0,Память для хранения названий рецептов. Задание 130. Символ 12
,WORD,D13237,0,0,Память для хранения названий рецептов. Задание 130. Символ 13
,WORD,D13238,0,0,Память для хранения названий рецептов. Задание 130. Символ 14
,WORD,D13239,0,0,Память для хранения названий рецептов. Задание 130. Символ 15
,WORD,D13240,0,0,Память для хранения названий рецептов. Задание 130. Символ 16
,WORD,D13241,0,0,Память для хранения названий рецептов. Задание 130. Символ 17
,WORD,D13242,0,0,Память для хранения названий рецептов. Задание 130. Символ 18
,WORD,D13243,0,0,Память для хранения названий рецептов. Задание 130. Символ 19
,WORD,D13244,0,0,Память для хранения названий рецептов. Задание 130. Символ 20
,WORD,D13245,0,0,Память для хранения названий рецептов. Задание 130. Символ 21
,WORD,D13246,0,0,Память для хранения названий рецептов. Задание 130. Символ 22
,WORD,D13247,0,0,Память для хранения названий рецептов. Задание 130. Символ 23
,WORD,D13248,0,0,Память для хранения названий рецептов. Задание 130. Символ 24
,WORD,D13249,0,0,Память для хранения названий рецептов. Задание 130. Символ 25
,WORD,D13250,0,0,Память для хранения названий рецептов. Задание 131. Символ 1
,WORD,D13251,0,0,Память для хранения названий рецептов. Задание 131. Символ 2
,WORD,D13252,0,0,Память для хранения названий рецептов. Задание 131. Символ 3
,WORD,D13253,0,0,Память для хранения названий рецептов. Задание 131. Символ 4
,WORD,D13254,0,0,Память для хранения названий рецептов. Задание 131. Символ 5
,WORD,D13255,0,0,Память для хранения названий рецептов. Задание 131. Символ 6
,WORD,D13256,0,0,Память для хранения названий рецептов. Задание 131. Символ 7
,WORD,D13257,0,0,Память для хранения названий рецептов. Задание 131. Символ 8
,WORD,D13258,0,0,Память для хранения названий рецептов. Задание 131. Символ 9
,WORD,D13259,0,0,Память для хранения названий рецептов. Задание 131. Символ 10
,WORD,D13260,0,0,Память для хранения названий рецептов. Задание 131. Символ 11
,WORD,D13261,0,0,Память для хранения названий рецептов. Задание 131. Символ 12
,WORD,D13262,0,0,Память для хранения названий рецептов. Задание 131. Символ 13
,WORD,D13263,0,0,Память для хранения названий рецептов. Задание 131. Символ 14
,WORD,D13264,0,0,Память для хранения названий рецептов. Задание 131. Символ 15
,WORD,D13265,0,0,Память для хранения названий рецептов. Задание 131. Символ 16
,WORD,D13266,0,0,Память для хранения названий рецептов. Задание 131. Символ 17
,WORD,D13267,0,0,Память для хранения названий рецептов. Задание 131. Символ 18
,WORD,D13268,0,0,Память для хранения названий рецептов. Задание 131. Символ 19
,WORD,D13269,0,0,Память для хранения названий рецептов. Задание 131. Символ 20
,WORD,D13270,0,0,Память для хранения названий рецептов. Задание 131. Символ 21
,WORD,D13271,0,0,Память для хранения названий рецептов. Задание 131. Символ 22
,WORD,D13272,0,0,Память для хранения названий рецептов. Задание 131. Символ 23
,WORD,D13273,0,0,Память для хранения названий рецептов. Задание 131. Символ 24
,WORD,D13274,0,0,Память для хранения названий рецептов. Задание 131. Символ 25
,WORD,D13275,0,0,Память для хранения названий рецептов. Задание 132. Символ 1
,WORD,D13276,0,0,Память для хранения названий рецептов. Задание 132. Символ 2
,WORD,D13277,0,0,Память для хранения названий рецептов. Задание 132. Символ 3
,WORD,D13278,0,0,Память для хранения названий рецептов. Задание 132. Символ 4
,WORD,D13279,0,0,Память для хранения названий рецептов. Задание 132. Символ 5
,WORD,D13280,0,0,Память для хранения названий рецептов. Задание 132. Символ 6
,WORD,D13281,0,0,Память для хранения названий рецептов. Задание 132. Символ 7
,WORD,D13282,0,0,Память для хранения названий рецептов. Задание 132. Символ 8
,WORD,D13283,0,0,Память для хранения названий рецептов. Задание 132. Символ 9
,WORD,D13284,0,0,Память для хранения названий рецептов. Задание 132. Символ 10
,WORD,D13285,0,0,Память для хранения названий рецептов. Задание 132. Символ 11
,WORD,D13286,0,0,Память для хранения названий рецептов. Задание 132. Символ 12
,WORD,D13287,0,0,Память для хранения названий рецептов. Задание 132. Символ 13
,WORD,D13288,0,0,Память для хранения названий рецептов. Задание 132. Символ 14
,WORD,D13289,0,0,Память для хранения названий рецептов. Задание 132. Символ 15
,WORD,D13290,0,0,Память для хранения названий рецептов. Задание 132. Символ 16
,WORD,D13291,0,0,Память для хранения названий рецептов. Задание 132. Символ 17
,WORD,D13292,0,0,Память для хранения названий рецептов. Задание 132. Символ 18
,WORD,D13293,0,0,Память для хранения названий рецептов. Задание 132. Символ 19
,WORD,D13294,0,0,Память для хранения названий рецептов. Задание 132. Символ 20
,WORD,D13295,0,0,Память для хранения названий рецептов. Задание 132. Символ 21
,WORD,D13296,0,0,Память для хранения названий рецептов. Задание 132. Символ 22
,WORD,D13297,0,0,Память для хранения названий рецептов. Задание 132. Символ 23
,WORD,D13298,0,0,Память для хранения названий рецептов. Задание 132. Символ 24
,WORD,D13299,0,0,Память для хранения названий рецептов. Задание 132. Символ 25
,WORD,D13300,0,0,Память для хранения названий рецептов. Задание 133. Символ 1
,WORD,D13301,0,0,Память для хранения названий рецептов. Задание 133. Символ 2
,WORD,D13302,0,0,Память для хранения названий рецептов. Задание 133. Символ 3
,WORD,D13303,0,0,Память для хранения названий рецептов. Задание 133. Символ 4
,WORD,D13304,0,0,Память для хранения названий рецептов. Задание 133. Символ 5
,WORD,D13305,0,0,Память для хранения названий рецептов. Задание 133. Символ 6
,WORD,D13306,0,0,Память для хранения названий рецептов. Задание 133. Символ 7
,WORD,D13307,0,0,Память для хранения названий рецептов. Задание 133. Символ 8
,WORD,D13308,0,0,Память для хранения названий рецептов. Задание 133. Символ 9
,WORD,D13309,0,0,Память для хранения названий рецептов. Задание 133. Символ 10
,WORD,D13310,0,0,Память для хранения названий рецептов. Задание 133. Символ 11
,WORD,D13311,0,0,Память для хранения названий рецептов. Задание 133. Символ 12
,WORD,D13312,0,0,Память для хранения названий рецептов. Задание 133. Символ 13
,WORD,D13313,0,0,Память для хранения названий рецептов. Задание 133. Символ 14
,WORD,D13314,0,0,Память для хранения названий рецептов. Задание 133. Символ 15
,WORD,D13315,0,0,Память для хранения названий рецептов. Задание 133. Символ 16
,WORD,D13316,0,0,Память для хранения названий рецептов. Задание 133. Символ 17
,WORD,D13317,0,0,Память для хранения названий рецептов. Задание 133. Символ 18
,WORD,D13318,0,0,Память для хранения названий рецептов. Задание 133. Символ 19
,WORD,D13319,0,0,Память для хранения названий рецептов. Задание 133. Символ 20
,WORD,D13320,0,0,Память для хранения названий рецептов. Задание 133. Символ 21
,WORD,D13321,0,0,Память для хранения названий рецептов. Задание 133. Символ 22
,WORD,D13322,0,0,Память для хранения названий рецептов. Задание 133. Символ 23
,WORD,D13323,0,0,Память для хранения названий рецептов. Задание 133. Символ 24
,WORD,D13324,0,0,Память для хранения названий рецептов. Задание 133. Символ 25
,WORD,D13325,0,0,Память для хранения названий рецептов. Задание 134. Символ 1
,WORD,D13326,0,0,Память для хранения названий рецептов. Задание 134. Символ 2
,WORD,D13327,0,0,Память для хранения названий рецептов. Задание 134. Символ 3
,WORD,D13328,0,0,Память для хранения названий рецептов. Задание 134. Символ 4
,WORD,D13329,0,0,Память для хранения названий рецептов. Задание 134. Символ 5
,WORD,D13330,0,0,Память для хранения названий рецептов. Задание 134. Символ 6
,WORD,D13331,0,0,Память для хранения названий рецептов. Задание 134. Символ 7
,WORD,D13332,0,0,Память для хранения названий рецептов. Задание 134. Символ 8
,WORD,D13333,0,0,Память для хранения названий рецептов. Задание 134. Символ 9
,WORD,D13334,0,0,Память для хранения названий рецептов. Задание 134. Символ 10
,WORD,D13335,0,0,Память для хранения названий рецептов. Задание 134. Символ 11
,WORD,D13336,0,0,Память для хранения названий рецептов. Задание 134. Символ 12
,WORD,D13337,0,0,Память для хранения названий рецептов. Задание 134. Символ 13
,WORD,D13338,0,0,Память для хранения названий рецептов. Задание 134. Символ 14
,WORD,D13339,0,0,Память для хранения названий рецептов. Задание 134. Символ 15
,WORD,D13340,0,0,Память для хранения названий рецептов. Задание 134. Символ 16
,WORD,D13341,0,0,Память для хранения названий рецептов. Задание 134. Символ 17
,WORD,D13342,0,0,Память для хранения названий рецептов. Задание 134. Символ 18
,WORD,D13343,0,0,Память для хранения названий рецептов. Задание 134. Символ 19
,WORD,D13344,0,0,Память для хранения названий рецептов. Задание 134. Символ 20
,WORD,D13345,0,0,Память для хранения названий рецептов. Задание 134. Символ 21
,WORD,D13346,0,0,Память для хранения названий рецептов. Задание 134. Символ 22
,WORD,D13347,0,0,Память для хранения названий рецептов. Задание 134. Символ 23
,WORD,D13348,0,0,Память для хранения названий рецептов. Задание 134. Символ 24
,WORD,D13349,0,0,Память для хранения названий рецептов. Задание 134. Символ 25
,WORD,D13350,0,0,Память для хранения названий рецептов. Задание 135. Символ 1
,WORD,D13351,0,0,Память для хранения названий рецептов. Задание 135. Символ 2
,WORD,D13352,0,0,Память для хранения названий рецептов. Задание 135. Символ 3
,WORD,D13353,0,0,Память для хранения названий рецептов. Задание 135. Символ 4
,WORD,D13354,0,0,Память для хранения названий рецептов. Задание 135. Символ 5
,WORD,D13355,0,0,Память для хранения названий рецептов. Задание 135. Символ 6
,WORD,D13356,0,0,Память для хранения названий рецептов. Задание 135. Символ 7
,WORD,D13357,0,0,Память для хранения названий рецептов. Задание 135. Символ 8
,WORD,D13358,0,0,Память для хранения названий рецептов. Задание 135. Символ 9
,WORD,D13359,0,0,Память для хранения названий рецептов. Задание 135. Символ 10
,WORD,D13360,0,0,Память для хранения названий рецептов. Задание 135. Символ 11
,WORD,D13361,0,0,Память для хранения названий рецептов. Задание 135. Символ 12
,WORD,D13362,0,0,Память для хранения названий рецептов. Задание 135. Символ 13
,WORD,D13363,0,0,Память для хранения названий рецептов. Задание 135. Символ 14
,WORD,D13364,0,0,Память для хранения названий рецептов. Задание 135. Символ 15
,WORD,D13365,0,0,Память для хранения названий рецептов. Задание 135. Символ 16
,WORD,D13366,0,0,Память для хранения названий рецептов. Задание 135. Символ 17
,WORD,D13367,0,0,Память для хранения названий рецептов. Задание 135. Символ 18
,WORD,D13368,0,0,Память для хранения названий рецептов. Задание 135. Символ 19
,WORD,D13369,0,0,Память для хранения названий рецептов. Задание 135. Символ 20
,WORD,D13370,0,0,Память для хранения названий рецептов. Задание 135. Символ 21
,WORD,D13371,0,0,Память для хранения названий рецептов. Задание 135. Символ 22
,WORD,D13372,0,0,Память для хранения названий рецептов. Задание 135. Символ 23
,WORD,D13373,0,0,Память для хранения названий рецептов. Задание 135. Символ 24
,WORD,D13374,0,0,Память для хранения названий рецептов. Задание 135. Символ 25
,WORD,D13375,0,0,Память для хранения названий рецептов. Задание 136. Символ 1
,WORD,D13376,0,0,Память для хранения названий рецептов. Задание 136. Символ 2
,WORD,D13377,0,0,Память для хранения названий рецептов. Задание 136. Символ 3
,WORD,D13378,0,0,Память для хранения названий рецептов. Задание 136. Символ 4
,WORD,D13379,0,0,Память для хранения названий рецептов. Задание 136. Символ 5
,WORD,D13380,0,0,Память для хранения названий рецептов. Задание 136. Символ 6
,WORD,D13381,0,0,Память для хранения названий рецептов. Задание 136. Символ 7
,WORD,D13382,0,0,Память для хранения названий рецептов. Задание 136. Символ 8
,WORD,D13383,0,0,Память для хранения названий рецептов. Задание 136. Символ 9
,WORD,D13384,0,0,Память для хранения названий рецептов. Задание 136. Символ 10
,WORD,D13385,0,0,Память для хранения названий рецептов. Задание 136. Символ 11
,WORD,D13386,0,0,Память для хранения названий рецептов. Задание 136. Символ 12
,WORD,D13387,0,0,Память для хранения названий рецептов. Задание 136. Символ 13
,WORD,D13388,0,0,Память для хранения названий рецептов. Задание 136. Символ 14
,WORD,D13389,0,0,Память для хранения названий рецептов. Задание 136. Символ 15
,WORD,D13390,0,0,Память для хранения названий рецептов. Задание 136. Символ 16
,WORD,D13391,0,0,Память для хранения названий рецептов. Задание 136. Символ 17
,WORD,D13392,0,0,Память для хранения названий рецептов. Задание 136. Символ 18
,WORD,D13393,0,0,Память для хранения названий рецептов. Задание 136. Символ 19
,WORD,D13394,0,0,Память для хранения названий рецептов. Задание 136. Символ 20
,WORD,D13395,0,0,Память для хранения названий рецептов. Задание 136. Символ 21
,WORD,D13396,0,0,Память для хранения названий рецептов. Задание 136. Символ 22
,WORD,D13397,0,0,Память для хранения названий рецептов. Задание 136. Символ 23
,WORD,D13398,0,0,Память для хранения названий рецептов. Задание 136. Символ 24
,WORD,D13399,0,0,Память для хранения названий рецептов. Задание 136. Символ 25
,WORD,D13400,0,0,Память для хранения названий рецептов. Задание 137. Символ 1
,WORD,D13401,0,0,Память для хранения названий рецептов. Задание 137. Символ 2
,WORD,D13402,0,0,Память для хранения названий рецептов. Задание 137. Символ 3
,WORD,D13403,0,0,Память для хранения названий рецептов. Задание 137. Символ 4
,WORD,D13404,0,0,Память для хранения названий рецептов. Задание 137. Символ 5
,WORD,D13405,0,0,Память для хранения названий рецептов. Задание 137. Символ 6
,WORD,D13406,0,0,Память для хранения названий рецептов. Задание 137. Символ 7
,WORD,D13407,0,0,Память для хранения названий рецептов. Задание 137. Символ 8
,WORD,D13408,0,0,Память для хранения названий рецептов. Задание 137. Символ 9
,WORD,D13409,0,0,Память для хранения названий рецептов. Задание 137. Символ 10
,WORD,D13410,0,0,Память для хранения названий рецептов. Задание 137. Символ 11
,WORD,D13411,0,0,Память для хранения названий рецептов. Задание 137. Символ 12
,WORD,D13412,0,0,Память для хранения названий рецептов. Задание 137. Символ 13
,WORD,D13413,0,0,Память для хранения названий рецептов. Задание 137. Символ 14
,WORD,D13414,0,0,Память для хранения названий рецептов. Задание 137. Символ 15
,WORD,D13415,0,0,Память для хранения названий рецептов. Задание 137. Символ 16
,WORD,D13416,0,0,Память для хранения названий рецептов. Задание 137. Символ 17
,WORD,D13417,0,0,Память для хранения названий рецептов. Задание 137. Символ 18
,WORD,D13418,0,0,Память для хранения названий рецептов. Задание 137. Символ 19
,WORD,D13419,0,0,Память для хранения названий рецептов. Задание 137. Символ 20
,WORD,D13420,0,0,Память для хранения названий рецептов. Задание 137. Символ 21
,WORD,D13421,0,0,Память для хранения названий рецептов. Задание 137. Символ 22
,WORD,D13422,0,0,Память для хранения названий рецептов. Задание 137. Символ 23
,WORD,D13423,0,0,Память для хранения названий рецептов. Задание 137. Символ 24
,WORD,D13424,0,0,Память для хранения названий рецептов. Задание 137. Символ 25
,WORD,D13425,0,0,Память для хранения названий рецептов. Задание 138. Символ 1
,WORD,D13426,0,0,Память для хранения названий рецептов. Задание 138. Символ 2
,WORD,D13427,0,0,Память для хранения названий рецептов. Задание 138. Символ 3
,WORD,D13428,0,0,Память для хранения названий рецептов. Задание 138. Символ 4
,WORD,D13429,0,0,Память для хранения названий рецептов. Задание 138. Символ 5
,WORD,D13430,0,0,Память для хранения названий рецептов. Задание 138. Символ 6
,WORD,D13431,0,0,Память для хранения названий рецептов. Задание 138. Символ 7
,WORD,D13432,0,0,Память для хранения названий рецептов. Задание 138. Символ 8
,WORD,D13433,0,0,Память для хранения названий рецептов. Задание 138. Символ 9
,WORD,D13434,0,0,Память для хранения названий рецептов. Задание 138. Символ 10
,WORD,D13435,0,0,Память для хранения названий рецептов. Задание 138. Символ 11
,WORD,D13436,0,0,Память для хранения названий рецептов. Задание 138. Символ 12
,WORD,D13437,0,0,Память для хранения названий рецептов. Задание 138. Символ 13
,WORD,D13438,0,0,Память для хранения названий рецептов. Задание 138. Символ 14
,WORD,D13439,0,0,Память для хранения названий рецептов. Задание 138. Символ 15
,WORD,D13440,0,0,Память для хранения названий рецептов. Задание 138. Символ 16
,WORD,D13441,0,0,Память для хранения названий рецептов. Задание 138. Символ 17
,WORD,D13442,0,0,Память для хранения названий рецептов. Задание 138. Символ 18
,WORD,D13443,0,0,Память для хранения названий рецептов. Задание 138. Символ 19
,WORD,D13444,0,0,Память для хранения названий рецептов. Задание 138. Символ 20
,WORD,D13445,0,0,Память для хранения названий рецептов. Задание 138. Символ 21
,WORD,D13446,0,0,Память для хранения названий рецептов. Задание 138. Символ 22
,WORD,D13447,0,0,Память для хранения названий рецептов. Задание 138. Символ 23
,WORD,D13448,0,0,Память для хранения названий рецептов. Задание 138. Символ 24
,WORD,D13449,0,0,Память для хранения названий рецептов. Задание 138. Символ 25
,WORD,D13450,0,0,Память для хранения названий рецептов. Задание 139. Символ 1
,WORD,D13451,0,0,Память для хранения названий рецептов. Задание 139. Символ 2
,WORD,D13452,0,0,Память для хранения названий рецептов. Задание 139. Символ 3
,WORD,D13453,0,0,Память для хранения названий рецептов. Задание 139. Символ 4
,WORD,D13454,0,0,Память для хранения названий рецептов. Задание 139. Символ 5
,WORD,D13455,0,0,Память для хранения названий рецептов. Задание 139. Символ 6
,WORD,D13456,0,0,Память для хранения названий рецептов. Задание 139. Символ 7
,WORD,D13457,0,0,Память для хранения названий рецептов. Задание 139. Символ 8
,WORD,D13458,0,0,Память для хранения названий рецептов. Задание 139. Символ 9
,WORD,D13459,0,0,Память для хранения названий рецептов. Задание 139. Символ 10
,WORD,D13460,0,0,Память для хранения названий рецептов. Задание 139. Символ 11
,WORD,D13461,0,0,Память для хранения названий рецептов. Задание 139. Символ 12
,WORD,D13462,0,0,Память для хранения названий рецептов. Задание 139. Символ 13
,WORD,D13463,0,0,Память для хранения названий рецептов. Задание 139. Символ 14
,WORD,D13464,0,0,Память для хранения названий рецептов. Задание 139. Символ 15
,WORD,D13465,0,0,Память для хранения названий рецептов. Задание 139. Символ 16
,WORD,D13466,0,0,Память для хранения названий рецептов. Задание 139. Символ 17
,WORD,D13467,0,0,Память для хранения названий рецептов. Задание 139. Символ 18
,WORD,D13468,0,0,Память для хранения названий рецептов. Задание 139. Символ 19
,WORD,D13469,0,0,Память для хранения названий рецептов. Задание 139. Символ 20
,WORD,D13470,0,0,Память для хранения названий рецептов. Задание 139. Символ 21
,WORD,D13471,0,0,Память для хранения названий рецептов. Задание 139. Символ 22
,WORD,D13472,0,0,Память для хранения названий рецептов. Задание 139. Символ 23
,WORD,D13473,0,0,Память для хранения названий рецептов. Задание 139. Символ 24
,WORD,D13474,0,0,Память для хранения названий рецептов. Задание 139. Символ 25
,WORD,D13475,0,0,Память для хранения названий рецептов. Задание 140. Символ 1
,WORD,D13476,0,0,Память для хранения названий рецептов. Задание 140. Символ 2
,WORD,D13477,0,0,Память для хранения названий рецептов. Задание 140. Символ 3
,WORD,D13478,0,0,Память для хранения названий рецептов. Задание 140. Символ 4
,WORD,D13479,0,0,Память для хранения названий рецептов. Задание 140. Символ 5
,WORD,D13480,0,0,Память для хранения названий рецептов. Задание 140. Символ 6
,WORD,D13481,0,0,Память для хранения названий рецептов. Задание 140. Символ 7
,WORD,D13482,0,0,Память для хранения названий рецептов. Задание 140. Символ 8
,WORD,D13483,0,0,Память для хранения названий рецептов. Задание 140. Символ 9
,WORD,D13484,0,0,Память для хранения названий рецептов. Задание 140. Символ 10
,WORD,D13485,0,0,Память для хранения названий рецептов. Задание 140. Символ 11
,WORD,D13486,0,0,Память для хранения названий рецептов. Задание 140. Символ 12
,WORD,D13487,0,0,Память для хранения названий рецептов. Задание 140. Символ 13
,WORD,D13488,0,0,Память для хранения названий рецептов. Задание 140. Символ 14
,WORD,D13489,0,0,Память для хранения названий рецептов. Задание 140. Символ 15
,WORD,D13490,0,0,Память для хранения названий рецептов. Задание 140. Символ 16
,WORD,D13491,0,0,Память для хранения названий рецептов. Задание 140. Символ 17
,WORD,D13492,0,0,Память для хранения названий рецептов. Задание 140. Символ 18
,WORD,D13493,0,0,Память для хранения названий рецептов. Задание 140. Символ 19
,WORD,D13494,0,0,Память для хранения названий рецептов. Задание 140. Символ 20
,WORD,D13495,0,0,Память для хранения названий рецептов. Задание 140. Символ 21
,WORD,D13496,0,0,Память для хранения названий рецептов. Задание 140. Символ 22
,WORD,D13497,0,0,Память для хранения названий рецептов. Задание 140. Символ 23
,WORD,D13498,0,0,Память для хранения названий рецептов. Задание 140. Символ 24
,WORD,D13499,0,0,Память для хранения названий рецептов. Задание 140. Символ 25
,WORD,D13500,0,0,Память для хранения названий рецептов. Задание 141. Символ 1
,WORD,D13501,0,0,Память для хранения названий рецептов. Задание 141. Символ 2
,WORD,D13502,0,0,Память для хранения названий рецептов. Задание 141. Символ 3
,WORD,D13503,0,0,Память для хранения названий рецептов. Задание 141. Символ 4
,WORD,D13504,0,0,Память для хранения названий рецептов. Задание 141. Символ 5
,WORD,D13505,0,0,Память для хранения названий рецептов. Задание 141. Символ 6
,WORD,D13506,0,0,Память для хранения названий рецептов. Задание 141. Символ 7
,WORD,D13507,0,0,Память для хранения названий рецептов. Задание 141. Символ 8
,WORD,D13508,0,0,Память для хранения названий рецептов. Задание 141. Символ 9
,WORD,D13509,0,0,Память для хранения названий рецептов. Задание 141. Символ 10
,WORD,D13510,0,0,Память для хранения названий рецептов. Задание 141. Символ 11
,WORD,D13511,0,0,Память для хранения названий рецептов. Задание 141. Символ 12
,WORD,D13512,0,0,Память для хранения названий рецептов. Задание 141. Символ 13
,WORD,D13513,0,0,Память для хранения названий рецептов. Задание 141. Символ 14
,WORD,D13514,0,0,Память для хранения названий рецептов. Задание 141. Символ 15
,WORD,D13515,0,0,Память для хранения названий рецептов. Задание 141. Символ 16
,WORD,D13516,0,0,Память для хранения названий рецептов. Задание 141. Символ 17
,WORD,D13517,0,0,Память для хранения названий рецептов. Задание 141. Символ 18
,WORD,D13518,0,0,Память для хранения названий рецептов. Задание 141. Символ 19
,WORD,D13519,0,0,Память для хранения названий рецептов. Задание 141. Символ 20
,WORD,D13520,0,0,Память для хранения названий рецептов. Задание 141. Символ 21
,WORD,D13521,0,0,Память для хранения названий рецептов. Задание 141. Символ 22
,WORD,D13522,0,0,Память для хранения названий рецептов. Задание 141. Символ 23
,WORD,D13523,0,0,Память для хранения названий рецептов. Задание 141. Символ 24
,WORD,D13524,0,0,Память для хранения названий рецептов. Задание 141. Символ 25
,WORD,D13525,0,0,Память для хранения названий рецептов. Задание 142. Символ 1
,WORD,D13526,0,0,Память для хранения названий рецептов. Задание 142. Символ 2
,WORD,D13527,0,0,Память для хранения названий рецептов. Задание 142. Символ 3
,WORD,D13528,0,0,Память для хранения названий рецептов. Задание 142. Символ 4
,WORD,D13529,0,0,Память для хранения названий рецептов. Задание 142. Символ 5
,WORD,D13530,0,0,Память для хранения названий рецептов. Задание 142. Символ 6
,WORD,D13531,0,0,Память для хранения названий рецептов. Задание 142. Символ 7
,WORD,D13532,0,0,Память для хранения названий рецептов. Задание 142. Символ 8
,WORD,D13533,0,0,Память для хранения названий рецептов. Задание 142. Символ 9
,WORD,D13534,0,0,Память для хранения названий рецептов. Задание 142. Символ 10
,WORD,D13535,0,0,Память для хранения названий рецептов. Задание 142. Символ 11
,WORD,D13536,0,0,Память для хранения названий рецептов. Задание 142. Символ 12
,WORD,D13537,0,0,Память для хранения названий рецептов. Задание 142. Символ 13
,WORD,D13538,0,0,Память для хранения названий рецептов. Задание 142. Символ 14
,WORD,D13539,0,0,Память для хранения названий рецептов. Задание 142. Символ 15
,WORD,D13540,0,0,Память для хранения названий рецептов. Задание 142. Символ 16
,WORD,D13541,0,0,Память для хранения названий рецептов. Задание 142. Символ 17
,WORD,D13542,0,0,Память для хранения названий рецептов. Задание 142. Символ 18
,WORD,D13543,0,0,Память для хранения названий рецептов. Задание 142. Символ 19
,WORD,D13544,0,0,Память для хранения названий рецептов. Задание 142. Символ 20
,WORD,D13545,0,0,Память для хранения названий рецептов. Задание 142. Символ 21
,WORD,D13546,0,0,Память для хранения названий рецептов. Задание 142. Символ 22
,WORD,D13547,0,0,Память для хранения названий рецептов. Задание 142. Символ 23
,WORD,D13548,0,0,Память для хранения названий рецептов. Задание 142. Символ 24
,WORD,D13549,0,0,Память для хранения названий рецептов. Задание 142. Символ 25
,WORD,D13550,0,0,Память для хранения названий рецептов. Задание 143. Символ 1
,WORD,D13551,0,0,Память для хранения названий рецептов. Задание 143. Символ 2
,WORD,D13552,0,0,Память для хранения названий рецептов. Задание 143. Символ 3
,WORD,D13553,0,0,Память для хранения названий рецептов. Задание 143. Символ 4
,WORD,D13554,0,0,Память для хранения названий рецептов. Задание 143. Символ 5
,WORD,D13555,0,0,Память для хранения названий рецептов. Задание 143. Символ 6
,WORD,D13556,0,0,Память для хранения названий рецептов. Задание 143. Символ 7
,WORD,D13557,0,0,Память для хранения названий рецептов. Задание 143. Символ 8
,WORD,D13558,0,0,Память для хранения названий рецептов. Задание 143. Символ 9
,WORD,D13559,0,0,Память для хранения названий рецептов. Задание 143. Символ 10
,WORD,D13560,0,0,Память для хранения названий рецептов. Задание 143. Символ 11
,WORD,D13561,0,0,Память для хранения названий рецептов. Задание 143. Символ 12
,WORD,D13562,0,0,Память для хранения названий рецептов. Задание 143. Символ 13
,WORD,D13563,0,0,Память для хранения названий рецептов. Задание 143. Символ 14
,WORD,D13564,0,0,Память для хранения названий рецептов. Задание 143. Символ 15
,WORD,D13565,0,0,Память для хранения названий рецептов. Задание 143. Символ 16
,WORD,D13566,0,0,Память для хранения названий рецептов. Задание 143. Символ 17
,WORD,D13567,0,0,Память для хранения названий рецептов. Задание 143. Символ 18
,WORD,D13568,0,0,Память для хранения названий рецептов. Задание 143. Символ 19
,WORD,D13569,0,0,Память для хранения названий рецептов. Задание 143. Символ 20
,WORD,D13570,0,0,Память для хранения названий рецептов. Задание 143. Символ 21
,WORD,D13571,0,0,Память для хранения названий рецептов. Задание 143. Символ 22
,WORD,D13572,0,0,Память для хранения названий рецептов. Задание 143. Символ 23
,WORD,D13573,0,0,Память для хранения названий рецептов. Задание 143. Символ 24
,WORD,D13574,0,0,Память для хранения названий рецептов. Задание 143. Символ 25
,WORD,D13575,0,0,Память для хранения названий рецептов. Задание 144. Символ 1
,WORD,D13576,0,0,Память для хранения названий рецептов. Задание 144. Символ 2
,WORD,D13577,0,0,Память для хранения названий рецептов. Задание 144. Символ 3
,WORD,D13578,0,0,Память для хранения названий рецептов. Задание 144. Символ 4
,WORD,D13579,0,0,Память для хранения названий рецептов. Задание 144. Символ 5
,WORD,D13580,0,0,Память для хранения названий рецептов. Задание 144. Символ 6
,WORD,D13581,0,0,Память для хранения названий рецептов. Задание 144. Символ 7
,WORD,D13582,0,0,Память для хранения названий рецептов. Задание 144. Символ 8
,WORD,D13583,0,0,Память для хранения названий рецептов. Задание 144. Символ 9
,WORD,D13584,0,0,Память для хранения названий рецептов. Задание 144. Символ 10
,WORD,D13585,0,0,Память для хранения названий рецептов. Задание 144. Символ 11
,WORD,D13586,0,0,Память для хранения названий рецептов. Задание 144. Символ 12
,WORD,D13587,0,0,Память для хранения названий рецептов. Задание 144. Символ 13
,WORD,D13588,0,0,Память для хранения названий рецептов. Задание 144. Символ 14
,WORD,D13589,0,0,Память для хранения названий рецептов. Задание 144. Символ 15
,WORD,D13590,0,0,Память для хранения названий рецептов. Задание 144. Символ 16
,WORD,D13591,0,0,Память для хранения названий рецептов. Задание 144. Символ 17
,WORD,D13592,0,0,Память для хранения названий рецептов. Задание 144. Символ 18
,WORD,D13593,0,0,Память для хранения названий рецептов. Задание 144. Символ 19
,WORD,D13594,0,0,Память для хранения названий рецептов. Задание 144. Символ 20
,WORD,D13595,0,0,Память для хранения названий рецептов. Задание 144. Символ 21
,WORD,D13596,0,0,Память для хранения названий рецептов. Задание 144. Символ 22
,WORD,D13597,0,0,Память для хранения названий рецептов. Задание 144. Символ 23
,WORD,D13598,0,0,Память для хранения названий рецептов. Задание 144. Символ 24
,WORD,D13599,0,0,Память для хранения названий рецептов. Задание 144. Символ 25
,WORD,D13600,0,0,Память для хранения названий рецептов. Задание 145. Символ 1
,WORD,D13601,0,0,Память для хранения названий рецептов. Задание 145. Символ 2
,WORD,D13602,0,0,Память для хранения названий рецептов. Задание 145. Символ 3
,WORD,D13603,0,0,Память для хранения названий рецептов. Задание 145. Символ 4
,WORD,D13604,0,0,Память для хранения названий рецептов. Задание 145. Символ 5
,WORD,D13605,0,0,Память для хранения названий рецептов. Задание 145. Символ 6
,WORD,D13606,0,0,Память для хранения названий рецептов. Задание 145. Символ 7
,WORD,D13607,0,0,Память для хранения названий рецептов. Задание 145. Символ 8
,WORD,D13608,0,0,Память для хранения названий рецептов. Задание 145. Символ 9
,WORD,D13609,0,0,Память для хранения названий рецептов. Задание 145. Символ 10
,WORD,D13610,0,0,Память для хранения названий рецептов. Задание 145. Символ 11
,WORD,D13611,0,0,Память для хранения названий рецептов. Задание 145. Символ 12
,WORD,D13612,0,0,Память для хранения названий рецептов. Задание 145. Символ 13
,WORD,D13613,0,0,Память для хранения названий рецептов. Задание 145. Символ 14
,WORD,D13614,0,0,Память для хранения названий рецептов. Задание 145. Символ 15
,WORD,D13615,0,0,Память для хранения названий рецептов. Задание 145. Символ 16
,WORD,D13616,0,0,Память для хранения названий рецептов. Задание 145. Символ 17
,WORD,D13617,0,0,Память для хранения названий рецептов. Задание 145. Символ 18
,WORD,D13618,0,0,Память для хранения названий рецептов. Задание 145. Символ 19
,WORD,D13619,0,0,Память для хранения названий рецептов. Задание 145. Символ 20
,WORD,D13620,0,0,Память для хранения названий рецептов. Задание 145. Символ 21
,WORD,D13621,0,0,Память для хранения названий рецептов. Задание 145. Символ 22
,WORD,D13622,0,0,Память для хранения названий рецептов. Задание 145. Символ 23
,WORD,D13623,0,0,Память для хранения названий рецептов. Задание 145. Символ 24
,WORD,D13624,0,0,Память для хранения названий рецептов. Задание 145. Символ 25
,WORD,D13625,0,0,Память для хранения названий рецептов. Задание 146. Символ 1
,WORD,D13626,0,0,Память для хранения названий рецептов. Задание 146. Символ 2
,WORD,D13627,0,0,Память для хранения названий рецептов. Задание 146. Символ 3
,WORD,D13628,0,0,Память для хранения названий рецептов. Задание 146. Символ 4
,WORD,D13629,0,0,Память для хранения названий рецептов. Задание 146. Символ 5
,WORD,D13630,0,0,Память для хранения названий рецептов. Задание 146. Символ 6
,WORD,D13631,0,0,Память для хранения названий рецептов. Задание 146. Символ 7
,WORD,D13632,0,0,Память для хранения названий рецептов. Задание 146. Символ 8
,WORD,D13633,0,0,Память для хранения названий рецептов. Задание 146. Символ 9
,WORD,D13634,0,0,Память для хранения названий рецептов. Задание 146. Символ 10
,WORD,D13635,0,0,Память для хранения названий рецептов. Задание 146. Символ 11
,WORD,D13636,0,0,Память для хранения названий рецептов. Задание 146. Символ 12
,WORD,D13637,0,0,Память для хранения названий рецептов. Задание 146. Символ 13
,WORD,D13638,0,0,Память для хранения названий рецептов. Задание 146. Символ 14
,WORD,D13639,0,0,Память для хранения названий рецептов. Задание 146. Символ 15
,WORD,D13640,0,0,Память для хранения названий рецептов. Задание 146. Символ 16
,WORD,D13641,0,0,Память для хранения названий рецептов. Задание 146. Символ 17
,WORD,D13642,0,0,Память для хранения названий рецептов. Задание 146. Символ 18
,WORD,D13643,0,0,Память для хранения названий рецептов. Задание 146. Символ 19
,WORD,D13644,0,0,Память для хранения названий рецептов. Задание 146. Символ 20
,WORD,D13645,0,0,Память для хранения названий рецептов. Задание 146. Символ 21
,WORD,D13646,0,0,Память для хранения названий рецептов. Задание 146. Символ 22
,WORD,D13647,0,0,Память для хранения названий рецептов. Задание 146. Символ 23
,WORD,D13648,0,0,Память для хранения названий рецептов. Задание 146. Символ 24
,WORD,D13649,0,0,Память для хранения названий рецептов. Задание 146. Символ 25
,WORD,D13650,0,0,Память для хранения названий рецептов. Задание 147. Символ 1
,WORD,D13651,0,0,Память для хранения названий рецептов. Задание 147. Символ 2
,WORD,D13652,0,0,Память для хранения названий рецептов. Задание 147. Символ 3
,WORD,D13653,0,0,Память для хранения названий рецептов. Задание 147. Символ 4
,WORD,D13654,0,0,Память для хранения названий рецептов. Задание 147. Символ 5
,WORD,D13655,0,0,Память для хранения названий рецептов. Задание 147. Символ 6
,WORD,D13656,0,0,Память для хранения названий рецептов. Задание 147. Символ 7
,WORD,D13657,0,0,Память для хранения названий рецептов. Задание 147. Символ 8
,WORD,D13658,0,0,Память для хранения названий рецептов. Задание 147. Символ 9
,WORD,D13659,0,0,Память для хранения названий рецептов. Задание 147. Символ 10
,WORD,D13660,0,0,Память для хранения названий рецептов. Задание 147. Символ 11
,WORD,D13661,0,0,Память для хранения названий рецептов. Задание 147. Символ 12
,WORD,D13662,0,0,Память для хранения названий рецептов. Задание 147. Символ 13
,WORD,D13663,0,0,Память для хранения названий рецептов. Задание 147. Символ 14
,WORD,D13664,0,0,Память для хранения названий рецептов. Задание 147. Символ 15
,WORD,D13665,0,0,Память для хранения названий рецептов. Задание 147. Символ 16
,WORD,D13666,0,0,Память для хранения названий рецептов. Задание 147. Символ 17
,WORD,D13667,0,0,Память для хранения названий рецептов. Задание 147. Символ 18
,WORD,D13668,0,0,Память для хранения названий рецептов. Задание 147. Символ 19
,WORD,D13669,0,0,Память для хранения названий рецептов. Задание 147. Символ 20
,WORD,D13670,0,0,Память для хранения названий рецептов. Задание 147. Символ 21
,WORD,D13671,0,0,Память для хранения названий рецептов. Задание 147. Символ 22
,WORD,D13672,0,0,Память для хранения названий рецептов. Задание 147. Символ 23
,WORD,D13673,0,0,Память для хранения названий рецептов. Задание 147. Символ 24
,WORD,D13674,0,0,Память для хранения названий рецептов. Задание 147. Символ 25
,WORD,D13675,0,0,Память для хранения названий рецептов. Задание 148. Символ 1
,WORD,D13676,0,0,Память для хранения названий рецептов. Задание 148. Символ 2
,WORD,D13677,0,0,Память для хранения названий рецептов. Задание 148. Символ 3
,WORD,D13678,0,0,Память для хранения названий рецептов. Задание 148. Символ 4
,WORD,D13679,0,0,Память для хранения названий рецептов. Задание 148. Символ 5
,WORD,D13680,0,0,Память для хранения названий рецептов. Задание 148. Символ 6
,WORD,D13681,0,0,Память для хранения названий рецептов. Задание 148. Символ 7
,WORD,D13682,0,0,Память для хранения названий рецептов. Задание 148. Символ 8
,WORD,D13683,0,0,Память для хранения названий рецептов. Задание 148. Символ 9
,WORD,D13684,0,0,Память для хранения названий рецептов. Задание 148. Символ 10
,WORD,D13685,0,0,Память для хранения названий рецептов. Задание 148. Символ 11
,WORD,D13686,0,0,Память для хранения названий рецептов. Задание 148. Символ 12
,WORD,D13687,0,0,Память для хранения названий рецептов. Задание 148. Символ 13
,WORD,D13688,0,0,Память для хранения названий рецептов. Задание 148. Символ 14
,WORD,D13689,0,0,Память для хранения названий рецептов. Задание 148. Символ 15
,WORD,D13690,0,0,Память для хранения названий рецептов. Задание 148. Символ 16
,WORD,D13691,0,0,Память для хранения названий рецептов. Задание 148. Символ 17
,WORD,D13692,0,0,Память для хранения названий рецептов. Задание 148. Символ 18
,WORD,D13693,0,0,Память для хранения названий рецептов. Задание 148. Символ 19
,WORD,D13694,0,0,Память для хранения названий рецептов. Задание 148. Символ 20
,WORD,D13695,0,0,Память для хранения названий рецептов. Задание 148. Символ 21
,WORD,D13696,0,0,Память для хранения названий рецептов. Задание 148. Символ 22
,WORD,D13697,0,0,Память для хранения названий рецептов. Задание 148. Символ 23
,WORD,D13698,0,0,Память для хранения названий рецептов. Задание 148. Символ 24
,WORD,D13699,0,0,Память для хранения названий рецептов. Задание 148. Символ 25
,WORD,D13700,0,0,Память для хранения названий рецептов. Задание 149. Символ 1
,WORD,D13701,0,0,Память для хранения названий рецептов. Задание 149. Символ 2
,WORD,D13702,0,0,Память для хранения названий рецептов. Задание 149. Символ 3
,WORD,D13703,0,0,Память для хранения названий рецептов. Задание 149. Символ 4
,WORD,D13704,0,0,Память для хранения названий рецептов. Задание 149. Символ 5
,WORD,D13705,0,0,Память для хранения названий рецептов. Задание 149. Символ 6
,WORD,D13706,0,0,Память для хранения названий рецептов. Задание 149. Символ 7
,WORD,D13707,0,0,Память для хранения названий рецептов. Задание 149. Символ 8
,WORD,D13708,0,0,Память для хранения названий рецептов. Задание 149. Символ 9
,WORD,D13709,0,0,Память для хранения названий рецептов. Задание 149. Символ 10
,WORD,D13710,0,0,Память для хранения названий рецептов. Задание 149. Символ 11
,WORD,D13711,0,0,Память для хранения названий рецептов. Задание 149. Символ 12
,WORD,D13712,0,0,Память для хранения названий рецептов. Задание 149. Символ 13
,WORD,D13713,0,0,Память для хранения названий рецептов. Задание 149. Символ 14
,WORD,D13714,0,0,Память для хранения названий рецептов. Задание 149. Символ 15
,WORD,D13715,0,0,Память для хранения названий рецептов. Задание 149. Символ 16
,WORD,D13716,0,0,Память для хранения названий рецептов. Задание 149. Символ 17
,WORD,D13717,0,0,Память для хранения названий рецептов. Задание 149. Символ 18
,WORD,D13718,0,0,Память для хранения названий рецептов. Задание 149. Символ 19
,WORD,D13719,0,0,Память для хранения названий рецептов. Задание 149. Символ 20
,WORD,D13720,0,0,Память для хранения названий рецептов. Задание 149. Символ 21
,WORD,D13721,0,0,Память для хранения названий рецептов. Задание 149. Символ 22
,WORD,D13722,0,0,Память для хранения названий рецептов. Задание 149. Символ 23
,WORD,D13723,0,0,Память для хранения названий рецептов. Задание 149. Символ 24
,WORD,D13724,0,0,Память для хранения названий рецептов. Задание 149. Символ 25
,WORD,D13725,0,0,Память для хранения названий рецептов. Задание 150. Символ 1
,WORD,D13726,0,0,Память для хранения названий рецептов. Задание 150. Символ 2
,WORD,D13727,0,0,Память для хранения названий рецептов. Задание 150. Символ 3
,WORD,D13728,0,0,Память для хранения названий рецептов. Задание 150. Символ 4
,WORD,D13729,0,0,Память для хранения названий рецептов. Задание 150. Символ 5
,WORD,D13730,0,0,Память для хранения названий рецептов. Задание 150. Символ 6
,WORD,D13731,0,0,Память для хранения названий рецептов. Задание 150. Символ 7
,WORD,D13732,0,0,Память для хранения названий рецептов. Задание 150. Символ 8
,WORD,D13733,0,0,Память для хранения названий рецептов. Задание 150. Символ 9
,WORD,D13734,0,0,Память для хранения названий рецептов. Задание 150. Символ 10
,WORD,D13735,0,0,Память для хранения названий рецептов. Задание 150. Символ 11
,WORD,D13736,0,0,Память для хранения названий рецептов. Задание 150. Символ 12
,WORD,D13737,0,0,Память для хранения названий рецептов. Задание 150. Символ 13
,WORD,D13738,0,0,Память для хранения названий рецептов. Задание 150. Символ 14
,WORD,D13739,0,0,Память для хранения названий рецептов. Задание 150. Символ 15
,WORD,D13740,0,0,Память для хранения названий рецептов. Задание 150. Символ 16
,WORD,D13741,0,0,Память для хранения названий рецептов. Задание 150. Символ 17
,WORD,D13742,0,0,Память для хранения названий рецептов. Задание 150. Символ 18
,WORD,D13743,0,0,Память для хранения названий рецептов. Задание 150. Символ 19
,WORD,D13744,0,0,Память для хранения названий рецептов. Задание 150. Символ 20
,WORD,D13745,0,0,Память для хранения названий рецептов. Задание 150. Символ 21
,WORD,D13746,0,0,Память для хранения названий рецептов. Задание 150. Символ 22
,WORD,D13747,0,0,Память для хранения названий рецептов. Задание 150. Символ 23
,WORD,D13748,0,0,Память для хранения названий рецептов. Задание 150. Символ 24
,WORD,D13749,0,0,Память для хранения названий рецептов. Задание 150. Символ 25
,WORD,D13750,0,0,Память для хранения названий рецептов. Задание 151. Символ 1
,WORD,D13751,0,0,Память для хранения названий рецептов. Задание 151. Символ 2
,WORD,D13752,0,0,Память для хранения названий рецептов. Задание 151. Символ 3
,WORD,D13753,0,0,Память для хранения названий рецептов. Задание 151. Символ 4
,WORD,D13754,0,0,Память для хранения названий рецептов. Задание 151. Символ 5
,WORD,D13755,0,0,Память для хранения названий рецептов. Задание 151. Символ 6
,WORD,D13756,0,0,Память для хранения названий рецептов. Задание 151. Символ 7
,WORD,D13757,0,0,Память для хранения названий рецептов. Задание 151. Символ 8
,WORD,D13758,0,0,Память для хранения названий рецептов. Задание 151. Символ 9
,WORD,D13759,0,0,Память для хранения названий рецептов. Задание 151. Символ 10
,WORD,D13760,0,0,Память для хранения названий рецептов. Задание 151. Символ 11
,WORD,D13761,0,0,Память для хранения названий рецептов. Задание 151. Символ 12
,WORD,D13762,0,0,Память для хранения названий рецептов. Задание 151. Символ 13
,WORD,D13763,0,0,Память для хранения названий рецептов. Задание 151. Символ 14
,WORD,D13764,0,0,Память для хранения названий рецептов. Задание 151. Символ 15
,WORD,D13765,0,0,Память для хранения названий рецептов. Задание 151. Символ 16
,WORD,D13766,0,0,Память для хранения названий рецептов. Задание 151. Символ 17
,WORD,D13767,0,0,Память для хранения названий рецептов. Задание 151. Символ 18
,WORD,D13768,0,0,Память для хранения названий рецептов. Задание 151. Символ 19
,WORD,D13769,0,0,Память для хранения названий рецептов. Задание 151. Символ 20
,WORD,D13770,0,0,Память для хранения названий рецептов. Задание 151. Символ 21
,WORD,D13771,0,0,Память для хранения названий рецептов. Задание 151. Символ 22
,WORD,D13772,0,0,Память для хранения названий рецептов. Задание 151. Символ 23
,WORD,D13773,0,0,Память для хранения названий рецептов. Задание 151. Символ 24
,WORD,D13774,0,0,Память для хранения названий рецептов. Задание 151. Символ 25
,WORD,D13775,0,0,Память для хранения названий рецептов. Задание 152. Символ 1
,WORD,D13776,0,0,Память для хранения названий рецептов. Задание 152. Символ 2
,WORD,D13777,0,0,Память для хранения названий рецептов. Задание 152. Символ 3
,WORD,D13778,0,0,Память для хранения названий рецептов. Задание 152. Символ 4
,WORD,D13779,0,0,Память для хранения названий рецептов. Задание 152. Символ 5
,WORD,D13780,0,0,Память для хранения названий рецептов. Задание 152. Символ 6
,WORD,D13781,0,0,Память для хранения названий рецептов. Задание 152. Символ 7
,WORD,D13782,0,0,Память для хранения названий рецептов. Задание 152. Символ 8
,WORD,D13783,0,0,Память для хранения названий рецептов. Задание 152. Символ 9
,WORD,D13784,0,0,Память для хранения названий рецептов. Задание 152. Символ 10
,WORD,D13785,0,0,Память для хранения названий рецептов. Задание 152. Символ 11
,WORD,D13786,0,0,Память для хранения названий рецептов. Задание 152. Символ 12
,WORD,D13787,0,0,Память для хранения названий рецептов. Задание 152. Символ 13
,WORD,D13788,0,0,Память для хранения названий рецептов. Задание 152. Символ 14
,WORD,D13789,0,0,Память для хранения названий рецептов. Задание 152. Символ 15
,WORD,D13790,0,0,Память для хранения названий рецептов. Задание 152. Символ 16
,WORD,D13791,0,0,Память для хранения названий рецептов. Задание 152. Символ 17
,WORD,D13792,0,0,Память для хранения названий рецептов. Задание 152. Символ 18
,WORD,D13793,0,0,Память для хранения названий рецептов. Задание 152. Символ 19
,WORD,D13794,0,0,Память для хранения названий рецептов. Задание 152. Символ 20
,WORD,D13795,0,0,Память для хранения названий рецептов. Задание 152. Символ 21
,WORD,D13796,0,0,Память для хранения названий рецептов. Задание 152. Символ 22
,WORD,D13797,0,0,Память для хранения названий рецептов. Задание 152. Символ 23
,WORD,D13798,0,0,Память для хранения названий рецептов. Задание 152. Символ 24
,WORD,D13799,0,0,Память для хранения названий рецептов. Задание 152. Символ 25
,WORD,D13800,0,0,Память для хранения названий рецептов. Задание 153. Символ 1
,WORD,D13801,0,0,Память для хранения названий рецептов. Задание 153. Символ 2
,WORD,D13802,0,0,Память для хранения названий рецептов. Задание 153. Символ 3
,WORD,D13803,0,0,Память для хранения названий рецептов. Задание 153. Символ 4
,WORD,D13804,0,0,Память для хранения названий рецептов. Задание 153. Символ 5
,WORD,D13805,0,0,Память для хранения названий рецептов. Задание 153. Символ 6
,WORD,D13806,0,0,Память для хранения названий рецептов. Задание 153. Символ 7
,WORD,D13807,0,0,Память для хранения названий рецептов. Задание 153. Символ 8
,WORD,D13808,0,0,Память для хранения названий рецептов. Задание 153. Символ 9
,WORD,D13809,0,0,Память для хранения названий рецептов. Задание 153. Символ 10
,WORD,D13810,0,0,Память для хранения названий рецептов. Задание 153. Символ 11
,WORD,D13811,0,0,Память для хранения названий рецептов. Задание 153. Символ 12
,WORD,D13812,0,0,Память для хранения названий рецептов. Задание 153. Символ 13
,WORD,D13813,0,0,Память для хранения названий рецептов. Задание 153. Символ 14
,WORD,D13814,0,0,Память для хранения названий рецептов. Задание 153. Символ 15
,WORD,D13815,0,0,Память для хранения названий рецептов. Задание 153. Символ 16
,WORD,D13816,0,0,Память для хранения названий рецептов. Задание 153. Символ 17
,WORD,D13817,0,0,Память для хранения названий рецептов. Задание 153. Символ 18
,WORD,D13818,0,0,Память для хранения названий рецептов. Задание 153. Символ 19
,WORD,D13819,0,0,Память для хранения названий рецептов. Задание 153. Символ 20
,WORD,D13820,0,0,Память для хранения названий рецептов. Задание 153. Символ 21
,WORD,D13821,0,0,Память для хранения названий рецептов. Задание 153. Символ 22
,WORD,D13822,0,0,Память для хранения названий рецептов. Задание 153. Символ 23
,WORD,D13823,0,0,Память для хранения названий рецептов. Задание 153. Символ 24
,WORD,D13824,0,0,Память для хранения названий рецептов. Задание 153. Символ 25
,WORD,D13825,0,0,Память для хранения названий рецептов. Задание 154. Символ 1
,WORD,D13826,0,0,Память для хранения названий рецептов. Задание 154. Символ 2
,WORD,D13827,0,0,Память для хранения названий рецептов. Задание 154. Символ 3
,WORD,D13828,0,0,Память для хранения названий рецептов. Задание 154. Символ 4
,WORD,D13829,0,0,Память для хранения названий рецептов. Задание 154. Символ 5
,WORD,D13830,0,0,Память для хранения названий рецептов. Задание 154. Символ 6
,WORD,D13831,0,0,Память для хранения названий рецептов. Задание 154. Символ 7
,WORD,D13832,0,0,Память для хранения названий рецептов. Задание 154. Символ 8
,WORD,D13833,0,0,Память для хранения названий рецептов. Задание 154. Символ 9
,WORD,D13834,0,0,Память для хранения названий рецептов. Задание 154. Символ 10
,WORD,D13835,0,0,Память для хранения названий рецептов. Задание 154. Символ 11
,WORD,D13836,0,0,Память для хранения названий рецептов. Задание 154. Символ 12
,WORD,D13837,0,0,Память для хранения названий рецептов. Задание 154. Символ 13
,WORD,D13838,0,0,Память для хранения названий рецептов. Задание 154. Символ 14
,WORD,D13839,0,0,Память для хранения названий рецептов. Задание 154. Символ 15
,WORD,D13840,0,0,Память для хранения названий рецептов. Задание 154. Символ 16
,WORD,D13841,0,0,Память для хранения названий рецептов. Задание 154. Символ 17
,WORD,D13842,0,0,Память для хранения названий рецептов. Задание 154. Символ 18
,WORD,D13843,0,0,Память для хранения названий рецептов. Задание 154. Символ 19
,WORD,D13844,0,0,Память для хранения названий рецептов. Задание 154. Символ 20
,WORD,D13845,0,0,Память для хранения названий рецептов. Задание 154. Символ 21
,WORD,D13846,0,0,Память для хранения названий рецептов. Задание 154. Символ 22
,WORD,D13847,0,0,Память для хранения названий рецептов. Задание 154. Символ 23
,WORD,D13848,0,0,Память для хранения названий рецептов. Задание 154. Символ 24
,WORD,D13849,0,0,Память для хранения названий рецептов. Задание 154. Символ 25
,WORD,D13850,0,0,Память для хранения названий рецептов. Задание 155. Символ 1
,WORD,D13851,0,0,Память для хранения названий рецептов. Задание 155. Символ 2
,WORD,D13852,0,0,Память для хранения названий рецептов. Задание 155. Символ 3
,WORD,D13853,0,0,Память для хранения названий рецептов. Задание 155. Символ 4
,WORD,D13854,0,0,Память для хранения названий рецептов. Задание 155. Символ 5
,WORD,D13855,0,0,Память для хранения названий рецептов. Задание 155. Символ 6
,WORD,D13856,0,0,Память для хранения названий рецептов. Задание 155. Символ 7
,WORD,D13857,0,0,Память для хранения названий рецептов. Задание 155. Символ 8
,WORD,D13858,0,0,Память для хранения названий рецептов. Задание 155. Символ 9
,WORD,D13859,0,0,Память для хранения названий рецептов. Задание 155. Символ 10
,WORD,D13860,0,0,Память для хранения названий рецептов. Задание 155. Символ 11
,WORD,D13861,0,0,Память для хранения названий рецептов. Задание 155. Символ 12
,WORD,D13862,0,0,Память для хранения названий рецептов. Задание 155. Символ 13
,WORD,D13863,0,0,Память для хранения названий рецептов. Задание 155. Символ 14
,WORD,D13864,0,0,Память для хранения названий рецептов. Задание 155. Символ 15
,WORD,D13865,0,0,Память для хранения названий рецептов. Задание 155. Символ 16
,WORD,D13866,0,0,Память для хранения названий рецептов. Задание 155. Символ 17
,WORD,D13867,0,0,Память для хранения названий рецептов. Задание 155. Символ 18
,WORD,D13868,0,0,Память для хранения названий рецептов. Задание 155. Символ 19
,WORD,D13869,0,0,Память для хранения названий рецептов. Задание 155. Символ 20
,WORD,D13870,0,0,Память для хранения названий рецептов. Задание 155. Символ 21
,WORD,D13871,0,0,Память для хранения названий рецептов. Задание 155. Символ 22
,WORD,D13872,0,0,Память для хранения названий рецептов. Задание 155. Символ 23
,WORD,D13873,0,0,Память для хранения названий рецептов. Задание 155. Символ 24
,WORD,D13874,0,0,Память для хранения названий рецептов. Задание 155. Символ 25
,WORD,D13875,0,0,Память для хранения названий рецептов. Задание 156. Символ 1
,WORD,D13876,0,0,Память для хранения названий рецептов. Задание 156. Символ 2
,WORD,D13877,0,0,Память для хранения названий рецептов. Задание 156. Символ 3
,WORD,D13878,0,0,Память для хранения названий рецептов. Задание 156. Символ 4
,WORD,D13879,0,0,Память для хранения названий рецептов. Задание 156. Символ 5
,WORD,D13880,0,0,Память для хранения названий рецептов. Задание 156. Символ 6
,WORD,D13881,0,0,Память для хранения названий рецептов. Задание 156. Символ 7
,WORD,D13882,0,0,Память для хранения названий рецептов. Задание 156. Символ 8
,WORD,D13883,0,0,Память для хранения названий рецептов. Задание 156. Символ 9
,WORD,D13884,0,0,Память для хранения названий рецептов. Задание 156. Символ 10
,WORD,D13885,0,0,Память для хранения названий рецептов. Задание 156. Символ 11
,WORD,D13886,0,0,Память для хранения названий рецептов. Задание 156. Символ 12
,WORD,D13887,0,0,Память для хранения названий рецептов. Задание 156. Символ 13
,WORD,D13888,0,0,Память для хранения названий рецептов. Задание 156. Символ 14
,WORD,D13889,0,0,Память для хранения названий рецептов. Задание 156. Символ 15
,WORD,D13890,0,0,Память для хранения названий рецептов. Задание 156. Символ 16
,WORD,D13891,0,0,Память для хранения названий рецептов. Задание 156. Символ 17
,WORD,D13892,0,0,Память для хранения названий рецептов. Задание 156. Символ 18
,WORD,D13893,0,0,Память для хранения названий рецептов. Задание 156. Символ 19
,WORD,D13894,0,0,Память для хранения названий рецептов. Задание 156. Символ 20
,WORD,D13895,0,0,Память для хранения названий рецептов. Задание 156. Символ 21
,WORD,D13896,0,0,Память для хранения названий рецептов. Задание 156. Символ 22
,WORD,D13897,0,0,Память для хранения названий рецептов. Задание 156. Символ 23
,WORD,D13898,0,0,Память для хранения названий рецептов. Задание 156. Символ 24
,WORD,D13899,0,0,Память для хранения названий рецептов. Задание 156. Символ 25
,WORD,D13900,0,0,Память для хранения названий рецептов. Задание 157. Символ 1
,WORD,D13901,0,0,Память для хранения названий рецептов. Задание 157. Символ 2
,WORD,D13902,0,0,Память для хранения названий рецептов. Задание 157. Символ 3
,WORD,D13903,0,0,Память для хранения названий рецептов. Задание 157. Символ 4
,WORD,D13904,0,0,Память для хранения названий рецептов. Задание 157. Символ 5
,WORD,D13905,0,0,Память для хранения названий рецептов. Задание 157. Символ 6
,WORD,D13906,0,0,Память для хранения названий рецептов. Задание 157. Символ 7
,WORD,D13907,0,0,Память для хранения названий рецептов. Задание 157. Символ 8
,WORD,D13908,0,0,Память для хранения названий рецептов. Задание 157. Символ 9
,WORD,D13909,0,0,Память для хранения названий рецептов. Задание 157. Символ 10
,WORD,D13910,0,0,Память для хранения названий рецептов. Задание 157. Символ 11
,WORD,D13911,0,0,Память для хранения названий рецептов. Задание 157. Символ 12
,WORD,D13912,0,0,Память для хранения названий рецептов. Задание 157. Символ 13
,WORD,D13913,0,0,Память для хранения названий рецептов. Задание 157. Символ 14
,WORD,D13914,0,0,Память для хранения названий рецептов. Задание 157. Символ 15
,WORD,D13915,0,0,Память для хранения названий рецептов. Задание 157. Символ 16
,WORD,D13916,0,0,Память для хранения названий рецептов. Задание 157. Символ 17
,WORD,D13917,0,0,Память для хранения названий рецептов. Задание 157. Символ 18
,WORD,D13918,0,0,Память для хранения названий рецептов. Задание 157. Символ 19
,WORD,D13919,0,0,Память для хранения названий рецептов. Задание 157. Символ 20
,WORD,D13920,0,0,Память для хранения названий рецептов. Задание 157. Символ 21
,WORD,D13921,0,0,Память для хранения названий рецептов. Задание 157. Символ 22
,WORD,D13922,0,0,Память для хранения названий рецептов. Задание 157. Символ 23
,WORD,D13923,0,0,Память для хранения названий рецептов. Задание 157. Символ 24
,WORD,D13924,0,0,Память для хранения названий рецептов. Задание 157. Символ 25
,WORD,D13925,0,0,Память для хранения названий рецептов. Задание 158. Символ 1
,WORD,D13926,0,0,Память для хранения названий рецептов. Задание 158. Символ 2
,WORD,D13927,0,0,Память для хранения названий рецептов. Задание 158. Символ 3
,WORD,D13928,0,0,Память для хранения названий рецептов. Задание 158. Символ 4
,WORD,D13929,0,0,Память для хранения названий рецептов. Задание 158. Символ 5
,WORD,D13930,0,0,Память для хранения названий рецептов. Задание 158. Символ 6
,WORD,D13931,0,0,Память для хранения названий рецептов. Задание 158. Символ 7
,WORD,D13932,0,0,Память для хранения названий рецептов. Задание 158. Символ 8
,WORD,D13933,0,0,Память для хранения названий рецептов. Задание 158. Символ 9
,WORD,D13934,0,0,Память для хранения названий рецептов. Задание 158. Символ 10
,WORD,D13935,0,0,Память для хранения названий рецептов. Задание 158. Символ 11
,WORD,D13936,0,0,Память для хранения названий рецептов. Задание 158. Символ 12
,WORD,D13937,0,0,Память для хранения названий рецептов. Задание 158. Символ 13
,WORD,D13938,0,0,Память для хранения названий рецептов. Задание 158. Символ 14
,WORD,D13939,0,0,Память для хранения названий рецептов. Задание 158. Символ 15
,WORD,D13940,0,0,Память для хранения названий рецептов. Задание 158. Символ 16
,WORD,D13941,0,0,Память для хранения названий рецептов. Задание 158. Символ 17
,WORD,D13942,0,0,Память для хранения названий рецептов. Задание 158. Символ 18
,WORD,D13943,0,0,Память для хранения названий рецептов. Задание 158. Символ 19
,WORD,D13944,0,0,Память для хранения названий рецептов. Задание 158. Символ 20
,WORD,D13945,0,0,Память для хранения названий рецептов. Задание 158. Символ 21
,WORD,D13946,0,0,Память для хранения названий рецептов. Задание 158. Символ 22
,WORD,D13947,0,0,Память для хранения названий рецептов. Задание 158. Символ 23
,WORD,D13948,0,0,Память для хранения названий рецептов. Задание 158. Символ 24
,WORD,D13949,0,0,Память для хранения названий рецептов. Задание 158. Символ 25
,WORD,D13950,0,0,Память для хранения названий рецептов. Задание 159. Символ 1
,WORD,D13951,0,0,Память для хранения названий рецептов. Задание 159. Символ 2
,WORD,D13952,0,0,Память для хранения названий рецептов. Задание 159. Символ 3
,WORD,D13953,0,0,Память для хранения названий рецептов. Задание 159. Символ 4
,WORD,D13954,0,0,Память для хранения названий рецептов. Задание 159. Символ 5
,WORD,D13955,0,0,Память для хранения названий рецептов. Задание 159. Символ 6
,WORD,D13956,0,0,Память для хранения названий рецептов. Задание 159. Символ 7
,WORD,D13957,0,0,Память для хранения названий рецептов. Задание 159. Символ 8
,WORD,D13958,0,0,Память для хранения названий рецептов. Задание 159. Символ 9
,WORD,D13959,0,0,Память для хранения названий рецептов. Задание 159. Символ 10
,WORD,D13960,0,0,Память для хранения названий рецептов. Задание 159. Символ 11
,WORD,D13961,0,0,Память для хранения названий рецептов. Задание 159. Символ 12
,WORD,D13962,0,0,Память для хранения названий рецептов. Задание 159. Символ 13
,WORD,D13963,0,0,Память для хранения названий рецептов. Задание 159. Символ 14
,WORD,D13964,0,0,Память для хранения названий рецептов. Задание 159. Символ 15
,WORD,D13965,0,0,Память для хранения названий рецептов. Задание 159. Символ 16
,WORD,D13966,0,0,Память для хранения названий рецептов. Задание 159. Символ 17
,WORD,D13967,0,0,Память для хранения названий рецептов. Задание 159. Символ 18
,WORD,D13968,0,0,Память для хранения названий рецептов. Задание 159. Символ 19
,WORD,D13969,0,0,Память для хранения названий рецептов. Задание 159. Символ 20
,WORD,D13970,0,0,Память для хранения названий рецептов. Задание 159. Символ 21
,WORD,D13971,0,0,Память для хранения названий рецептов. Задание 159. Символ 22
,WORD,D13972,0,0,Память для хранения названий рецептов. Задание 159. Символ 23
,WORD,D13973,0,0,Память для хранения названий рецептов. Задание 159. Символ 24
,WORD,D13974,0,0,Память для хранения названий рецептов. Задание 159. Символ 25
,WORD,D13975,0,0,Память для хранения названий рецептов. Задание 160. Символ 1
,WORD,D13976,0,0,Память для хранения названий рецептов. Задание 160. Символ 2
,WORD,D13977,0,0,Память для хранения названий рецептов. Задание 160. Символ 3
,WORD,D13978,0,0,Память для хранения названий рецептов. Задание 160. Символ 4
,WORD,D13979,0,0,Память для хранения названий рецептов. Задание 160. Символ 5
,WORD,D13980,0,0,Память для хранения названий рецептов. Задание 160. Символ 6
,WORD,D13981,0,0,Память для хранения названий рецептов. Задание 160. Символ 7
,WORD,D13982,0,0,Память для хранения названий рецептов. Задание 160. Символ 8
,WORD,D13983,0,0,Память для хранения названий рецептов. Задание 160. Символ 9
,WORD,D13984,0,0,Память для хранения названий рецептов. Задание 160. Символ 10
,WORD,D13985,0,0,Память для хранения названий рецептов. Задание 160. Символ 11
,WORD,D13986,0,0,Память для хранения названий рецептов. Задание 160. Символ 12
,WORD,D13987,0,0,Память для хранения названий рецептов. Задание 160. Символ 13
,WORD,D13988,0,0,Память для хранения названий рецептов. Задание 160. Символ 14
,WORD,D13989,0,0,Память для хранения названий рецептов. Задание 160. Символ 15
,WORD,D13990,0,0,Память для хранения названий рецептов. Задание 160. Символ 16
,WORD,D13991,0,0,Память для хранения названий рецептов. Задание 160. Символ 17
,WORD,D13992,0,0,Память для хранения названий рецептов. Задание 160. Символ 18
,WORD,D13993,0,0,Память для хранения названий рецептов. Задание 160. Символ 19
,WORD,D13994,0,0,Память для хранения названий рецептов. Задание 160. Символ 20
,WORD,D13995,0,0,Память для хранения названий рецептов. Задание 160. Символ 21
,WORD,D13996,0,0,Память для хранения названий рецептов. Задание 160. Символ 22
,WORD,D13997,0,0,Память для хранения названий рецептов. Задание 160. Символ 23
,WORD,D13998,0,0,Память для хранения названий рецептов. Задание 160. Символ 24
,WORD,D13999,0,0,Память для хранения названий рецептов. Задание 160. Символ 25
,WORD,D14000,0,0,Память для хранения названий рецептов. Задание 161. Символ 1
,WORD,D14001,0,0,Память для хранения названий рецептов. Задание 161. Символ 2
,WORD,D14002,0,0,Память для хранения названий рецептов. Задание 161. Символ 3
,WORD,D14003,0,0,Память для хранения названий рецептов. Задание 161. Символ 4
,WORD,D14004,0,0,Память для хранения названий рецептов. Задание 161. Символ 5
,WORD,D14005,0,0,Память для хранения названий рецептов. Задание 161. Символ 6
,WORD,D14006,0,0,Память для хранения названий рецептов. Задание 161. Символ 7
,WORD,D14007,0,0,Память для хранения названий рецептов. Задание 161. Символ 8
,WORD,D14008,0,0,Память для хранения названий рецептов. Задание 161. Символ 9
,WORD,D14009,0,0,Память для хранения названий рецептов. Задание 161. Символ 10
,WORD,D14010,0,0,Память для хранения названий рецептов. Задание 161. Символ 11
,WORD,D14011,0,0,Память для хранения названий рецептов. Задание 161. Символ 12
,WORD,D14012,0,0,Память для хранения названий рецептов. Задание 161. Символ 13
,WORD,D14013,0,0,Память для хранения названий рецептов. Задание 161. Символ 14
,WORD,D14014,0,0,Память для хранения названий рецептов. Задание 161. Символ 15
,WORD,D14015,0,0,Память для хранения названий рецептов. Задание 161. Символ 16
,WORD,D14016,0,0,Память для хранения названий рецептов. Задание 161. Символ 17
,WORD,D14017,0,0,Память для хранения названий рецептов. Задание 161. Символ 18
,WORD,D14018,0,0,Память для хранения названий рецептов. Задание 161. Символ 19
,WORD,D14019,0,0,Память для хранения названий рецептов. Задание 161. Символ 20
,WORD,D14020,0,0,Память для хранения названий рецептов. Задание 161. Символ 21
,WORD,D14021,0,0,Память для хранения названий рецептов. Задание 161. Символ 22
,WORD,D14022,0,0,Память для хранения названий рецептов. Задание 161. Символ 23
,WORD,D14023,0,0,Память для хранения названий рецептов. Задание 161. Символ 24
,WORD,D14024,0,0,Память для хранения названий рецептов. Задание 161. Символ 25
,WORD,D14025,0,0,Память для хранения названий рецептов. Задание 162. Символ 1
,WORD,D14026,0,0,Память для хранения названий рецептов. Задание 162. Символ 2
,WORD,D14027,0,0,Память для хранения названий рецептов. Задание 162. Символ 3
,WORD,D14028,0,0,Память для хранения названий рецептов. Задание 162. Символ 4
,WORD,D14029,0,0,Память для хранения названий рецептов. Задание 162. Символ 5
,WORD,D14030,0,0,Память для хранения названий рецептов. Задание 162. Символ 6
,WORD,D14031,0,0,Память для хранения названий рецептов. Задание 162. Символ 7
,WORD,D14032,0,0,Память для хранения названий рецептов. Задание 162. Символ 8
,WORD,D14033,0,0,Память для хранения названий рецептов. Задание 162. Символ 9
,WORD,D14034,0,0,Память для хранения названий рецептов. Задание 162. Символ 10
,WORD,D14035,0,0,Память для хранения названий рецептов. Задание 162. Символ 11
,WORD,D14036,0,0,Память для хранения названий рецептов. Задание 162. Символ 12
,WORD,D14037,0,0,Память для хранения названий рецептов. Задание 162. Символ 13
,WORD,D14038,0,0,Память для хранения названий рецептов. Задание 162. Символ 14
,WORD,D14039,0,0,Память для хранения названий рецептов. Задание 162. Символ 15
,WORD,D14040,0,0,Память для хранения названий рецептов. Задание 162. Символ 16
,WORD,D14041,0,0,Память для хранения названий рецептов. Задание 162. Символ 17
,WORD,D14042,0,0,Память для хранения названий рецептов. Задание 162. Символ 18
,WORD,D14043,0,0,Память для хранения названий рецептов. Задание 162. Символ 19
,WORD,D14044,0,0,Память для хранения названий рецептов. Задание 162. Символ 20
,WORD,D14045,0,0,Память для хранения названий рецептов. Задание 162. Символ 21
,WORD,D14046,0,0,Память для хранения названий рецептов. Задание 162. Символ 22
,WORD,D14047,0,0,Память для хранения названий рецептов. Задание 162. Символ 23
,WORD,D14048,0,0,Память для хранения названий рецептов. Задание 162. Символ 24
,WORD,D14049,0,0,Память для хранения названий рецептов. Задание 162. Символ 25
,WORD,D14050,0,0,Память для хранения названий рецептов. Задание 163. Символ 1
,WORD,D14051,0,0,Память для хранения названий рецептов. Задание 163. Символ 2
,WORD,D14052,0,0,Память для хранения названий рецептов. Задание 163. Символ 3
,WORD,D14053,0,0,Память для хранения названий рецептов. Задание 163. Символ 4
,WORD,D14054,0,0,Память для хранения названий рецептов. Задание 163. Символ 5
,WORD,D14055,0,0,Память для хранения названий рецептов. Задание 163. Символ 6
,WORD,D14056,0,0,Память для хранения названий рецептов. Задание 163. Символ 7
,WORD,D14057,0,0,Память для хранения названий рецептов. Задание 163. Символ 8
,WORD,D14058,0,0,Память для хранения названий рецептов. Задание 163. Символ 9
,WORD,D14059,0,0,Память для хранения названий рецептов. Задание 163. Символ 10
,WORD,D14060,0,0,Память для хранения названий рецептов. Задание 163. Символ 11
,WORD,D14061,0,0,Память для хранения названий рецептов. Задание 163. Символ 12
,WORD,D14062,0,0,Память для хранения названий рецептов. Задание 163. Символ 13
,WORD,D14063,0,0,Память для хранения названий рецептов. Задание 163. Символ 14
,WORD,D14064,0,0,Память для хранения названий рецептов. Задание 163. Символ 15
,WORD,D14065,0,0,Память для хранения названий рецептов. Задание 163. Символ 16
,WORD,D14066,0,0,Память для хранения названий рецептов. Задание 163. Символ 17
,WORD,D14067,0,0,Память для хранения названий рецептов. Задание 163. Символ 18
,WORD,D14068,0,0,Память для хранения названий рецептов. Задание 163. Символ 19
,WORD,D14069,0,0,Память для хранения названий рецептов. Задание 163. Символ 20
,WORD,D14070,0,0,Память для хранения названий рецептов. Задание 163. Символ 21
,WORD,D14071,0,0,Память для хранения названий рецептов. Задание 163. Символ 22
,WORD,D14072,0,0,Память для хранения названий рецептов. Задание 163. Символ 23
,WORD,D14073,0,0,Память для хранения названий рецептов. Задание 163. Символ 24
,WORD,D14074,0,0,Память для хранения названий рецептов. Задание 163. Символ 25
,WORD,D14075,0,0,Память для хранения названий рецептов. Задание 164. Символ 1
,WORD,D14076,0,0,Память для хранения названий рецептов. Задание 164. Символ 2
,WORD,D14077,0,0,Память для хранения названий рецептов. Задание 164. Символ 3
,WORD,D14078,0,0,Память для хранения названий рецептов. Задание 164. Символ 4
,WORD,D14079,0,0,Память для хранения названий рецептов. Задание 164. Символ 5
,WORD,D14080,0,0,Память для хранения названий рецептов. Задание 164. Символ 6
,WORD,D14081,0,0,Память для хранения названий рецептов. Задание 164. Символ 7
,WORD,D14082,0,0,Память для хранения названий рецептов. Задание 164. Символ 8
,WORD,D14083,0,0,Память для хранения названий рецептов. Задание 164. Символ 9
,WORD,D14084,0,0,Память для хранения названий рецептов. Задание 164. Символ 10
,WORD,D14085,0,0,Память для хранения названий рецептов. Задание 164. Символ 11
,WORD,D14086,0,0,Память для хранения названий рецептов. Задание 164. Символ 12
,WORD,D14087,0,0,Память для хранения названий рецептов. Задание 164. Символ 13
,WORD,D14088,0,0,Память для хранения названий рецептов. Задание 164. Символ 14
,WORD,D14089,0,0,Память для хранения названий рецептов. Задание 164. Символ 15
,WORD,D14090,0,0,Память для хранения названий рецептов. Задание 164. Символ 16
,WORD,D14091,0,0,Память для хранения названий рецептов. Задание 164. Символ 17
,WORD,D14092,0,0,Память для хранения названий рецептов. Задание 164. Символ 18
,WORD,D14093,0,0,Память для хранения названий рецептов. Задание 164. Символ 19
,WORD,D14094,0,0,Память для хранения названий рецептов. Задание 164. Символ 20
,WORD,D14095,0,0,Память для хранения названий рецептов. Задание 164. Символ 21
,WORD,D14096,0,0,Память для хранения названий рецептов. Задание 164. Символ 22
,WORD,D14097,0,0,Память для хранения названий рецептов. Задание 164. Символ 23
,WORD,D14098,0,0,Память для хранения названий рецептов. Задание 164. Символ 24
,WORD,D14099,0,0,Память для хранения названий рецептов. Задание 164. Символ 25
,WORD,D14100,0,0,Память для хранения названий рецептов. Задание 165. Символ 1
,WORD,D14101,0,0,Память для хранения названий рецептов. Задание 165. Символ 2
,WORD,D14102,0,0,Память для хранения названий рецептов. Задание 165. Символ 3
,WORD,D14103,0,0,Память для хранения названий рецептов. Задание 165. Символ 4
,WORD,D14104,0,0,Память для хранения названий рецептов. Задание 165. Символ 5
,WORD,D14105,0,0,Память для хранения названий рецептов. Задание 165. Символ 6
,WORD,D14106,0,0,Память для хранения названий рецептов. Задание 165. Символ 7
,WORD,D14107,0,0,Память для хранения названий рецептов. Задание 165. Символ 8
,WORD,D14108,0,0,Память для хранения названий рецептов. Задание 165. Символ 9
,WORD,D14109,0,0,Память для хранения названий рецептов. Задание 165. Символ 10
,WORD,D14110,0,0,Память для хранения названий рецептов. Задание 165. Символ 11
,WORD,D14111,0,0,Память для хранения названий рецептов. Задание 165. Символ 12
,WORD,D14112,0,0,Память для хранения названий рецептов. Задание 165. Символ 13
,WORD,D14113,0,0,Память для хранения названий рецептов. Задание 165. Символ 14
,WORD,D14114,0,0,Память для хранения названий рецептов. Задание 165. Символ 15
,WORD,D14115,0,0,Память для хранения названий рецептов. Задание 165. Символ 16
,WORD,D14116,0,0,Память для хранения названий рецептов. Задание 165. Символ 17
,WORD,D14117,0,0,Память для хранения названий рецептов. Задание 165. Символ 18
,WORD,D14118,0,0,Память для хранения названий рецептов. Задание 165. Символ 19
,WORD,D14119,0,0,Память для хранения названий рецептов. Задание 165. Символ 20
,WORD,D14120,0,0,Память для хранения названий рецептов. Задание 165. Символ 21
,WORD,D14121,0,0,Память для хранения названий рецептов. Задание 165. Символ 22
,WORD,D14122,0,0,Память для хранения названий рецептов. Задание 165. Символ 23
,WORD,D14123,0,0,Память для хранения названий рецептов. Задание 165. Символ 24
,WORD,D14124,0,0,Память для хранения названий рецептов. Задание 165. Символ 25
,WORD,D14125,0,0,Память для хранения названий рецептов. Задание 166. Символ 1
,WORD,D14126,0,0,Память для хранения названий рецептов. Задание 166. Символ 2
,WORD,D14127,0,0,Память для хранения названий рецептов. Задание 166. Символ 3
,WORD,D14128,0,0,Память для хранения названий рецептов. Задание 166. Символ 4
,WORD,D14129,0,0,Память для хранения названий рецептов. Задание 166. Символ 5
,WORD,D14130,0,0,Память для хранения названий рецептов. Задание 166. Символ 6
,WORD,D14131,0,0,Память для хранения названий рецептов. Задание 166. Символ 7
,WORD,D14132,0,0,Память для хранения названий рецептов. Задание 166. Символ 8
,WORD,D14133,0,0,Память для хранения названий рецептов. Задание 166. Символ 9
,WORD,D14134,0,0,Память для хранения названий рецептов. Задание 166. Символ 10
,WORD,D14135,0,0,Память для хранения названий рецептов. Задание 166. Символ 11
,WORD,D14136,0,0,Память для хранения названий рецептов. Задание 166. Символ 12
,WORD,D14137,0,0,Память для хранения названий рецептов. Задание 166. Символ 13
,WORD,D14138,0,0,Память для хранения названий рецептов. Задание 166. Символ 14
,WORD,D14139,0,0,Память для хранения названий рецептов. Задание 166. Символ 15
,WORD,D14140,0,0,Память для хранения названий рецептов. Задание 166. Символ 16
,WORD,D14141,0,0,Память для хранения названий рецептов. Задание 166. Символ 17
,WORD,D14142,0,0,Память для хранения названий рецептов. Задание 166. Символ 18
,WORD,D14143,0,0,Память для хранения названий рецептов. Задание 166. Символ 19
,WORD,D14144,0,0,Память для хранения названий рецептов. Задание 166. Символ 20
,WORD,D14145,0,0,Память для хранения названий рецептов. Задание 166. Символ 21
,WORD,D14146,0,0,Память для хранения названий рецептов. Задание 166. Символ 22
,WORD,D14147,0,0,Память для хранения названий рецептов. Задание 166. Символ 23
,WORD,D14148,0,0,Память для хранения названий рецептов. Задание 166. Символ 24
,WORD,D14149,0,0,Память для хранения названий рецептов. Задание 166. Символ 25
,WORD,D14150,0,0,Память для хранения названий рецептов. Задание 167. Символ 1
,WORD,D14151,0,0,Память для хранения названий рецептов. Задание 167. Символ 2
,WORD,D14152,0,0,Память для хранения названий рецептов. Задание 167. Символ 3
,WORD,D14153,0,0,Память для хранения названий рецептов. Задание 167. Символ 4
,WORD,D14154,0,0,Память для хранения названий рецептов. Задание 167. Символ 5
,WORD,D14155,0,0,Память для хранения названий рецептов. Задание 167. Символ 6
,WORD,D14156,0,0,Память для хранения названий рецептов. Задание 167. Символ 7
,WORD,D14157,0,0,Память для хранения названий рецептов. Задание 167. Символ 8
,WORD,D14158,0,0,Память для хранения названий рецептов. Задание 167. Символ 9
,WORD,D14159,0,0,Память для хранения названий рецептов. Задание 167. Символ 10
,WORD,D14160,0,0,Память для хранения названий рецептов. Задание 167. Символ 11
,WORD,D14161,0,0,Память для хранения названий рецептов. Задание 167. Символ 12
,WORD,D14162,0,0,Память для хранения названий рецептов. Задание 167. Символ 13
,WORD,D14163,0,0,Память для хранения названий рецептов. Задание 167. Символ 14
,WORD,D14164,0,0,Память для хранения названий рецептов. Задание 167. Символ 15
,WORD,D14165,0,0,Память для хранения названий рецептов. Задание 167. Символ 16
,WORD,D14166,0,0,Память для хранения названий рецептов. Задание 167. Символ 17
,WORD,D14167,0,0,Память для хранения названий рецептов. Задание 167. Символ 18
,WORD,D14168,0,0,Память для хранения названий рецептов. Задание 167. Символ 19
,WORD,D14169,0,0,Память для хранения названий рецептов. Задание 167. Символ 20
,WORD,D14170,0,0,Память для хранения названий рецептов. Задание 167. Символ 21
,WORD,D14171,0,0,Память для хранения названий рецептов. Задание 167. Символ 22
,WORD,D14172,0,0,Память для хранения названий рецептов. Задание 167. Символ 23
,WORD,D14173,0,0,Память для хранения названий рецептов. Задание 167. Символ 24
,WORD,D14174,0,0,Память для хранения названий рецептов. Задание 167. Символ 25
,WORD,D14175,0,0,Память для хранения названий рецептов. Задание 168. Символ 1
,WORD,D14176,0,0,Память для хранения названий рецептов. Задание 168. Символ 2
,WORD,D14177,0,0,Память для хранения названий рецептов. Задание 168. Символ 3
,WORD,D14178,0,0,Память для хранения названий рецептов. Задание 168. Символ 4
,WORD,D14179,0,0,Память для хранения названий рецептов. Задание 168. Символ 5
,WORD,D14180,0,0,Память для хранения названий рецептов. Задание 168. Символ 6
,WORD,D14181,0,0,Память для хранения названий рецептов. Задание 168. Символ 7
,WORD,D14182,0,0,Память для хранения названий рецептов. Задание 168. Символ 8
,WORD,D14183,0,0,Память для хранения названий рецептов. Задание 168. Символ 9
,WORD,D14184,0,0,Память для хранения названий рецептов. Задание 168. Символ 10
,WORD,D14185,0,0,Память для хранения названий рецептов. Задание 168. Символ 11
,WORD,D14186,0,0,Память для хранения названий рецептов. Задание 168. Символ 12
,WORD,D14187,0,0,Память для хранения названий рецептов. Задание 168. Символ 13
,WORD,D14188,0,0,Память для хранения названий рецептов. Задание 168. Символ 14
,WORD,D14189,0,0,Память для хранения названий рецептов. Задание 168. Символ 15
,WORD,D14190,0,0,Память для хранения названий рецептов. Задание 168. Символ 16
,WORD,D14191,0,0,Память для хранения названий рецептов. Задание 168. Символ 17
,WORD,D14192,0,0,Память для хранения названий рецептов. Задание 168. Символ 18
,WORD,D14193,0,0,Память для хранения названий рецептов. Задание 168. Символ 19
,WORD,D14194,0,0,Память для хранения названий рецептов. Задание 168. Символ 20
,WORD,D14195,0,0,Память для хранения названий рецептов. Задание 168. Символ 21
,WORD,D14196,0,0,Память для хранения названий рецептов. Задание 168. Символ 22
,WORD,D14197,0,0,Память для хранения названий рецептов. Задание 168. Символ 23
,WORD,D14198,0,0,Память для хранения названий рецептов. Задание 168. Символ 24
,WORD,D14199,0,0,Память для хранения названий рецептов. Задание 168. Символ 25
,WORD,D14200,0,0,Память для хранения названий рецептов. Задание 169. Символ 1
,WORD,D14201,0,0,Память для хранения названий рецептов. Задание 169. Символ 2
,WORD,D14202,0,0,Память для хранения названий рецептов. Задание 169. Символ 3
,WORD,D14203,0,0,Память для хранения названий рецептов. Задание 169. Символ 4
,WORD,D14204,0,0,Память для хранения названий рецептов. Задание 169. Символ 5
,WORD,D14205,0,0,Память для хранения названий рецептов. Задание 169. Символ 6
,WORD,D14206,0,0,Память для хранения названий рецептов. Задание 169. Символ 7
,WORD,D14207,0,0,Память для хранения названий рецептов. Задание 169. Символ 8
,WORD,D14208,0,0,Память для хранения названий рецептов. Задание 169. Символ 9
,WORD,D14209,0,0,Память для хранения названий рецептов. Задание 169. Символ 10
,WORD,D14210,0,0,Память для хранения названий рецептов. Задание 169. Символ 11
,WORD,D14211,0,0,Память для хранения названий рецептов. Задание 169. Символ 12
,WORD,D14212,0,0,Память для хранения названий рецептов. Задание 169. Символ 13
,WORD,D14213,0,0,Память для хранения названий рецептов. Задание 169. Символ 14
,WORD,D14214,0,0,Память для хранения названий рецептов. Задание 169. Символ 15
,WORD,D14215,0,0,Память для хранения названий рецептов. Задание 169. Символ 16
,WORD,D14216,0,0,Память для хранения названий рецептов. Задание 169. Символ 17
,WORD,D14217,0,0,Память для хранения названий рецептов. Задание 169. Символ 18
,WORD,D14218,0,0,Память для хранения названий рецептов. Задание 169. Символ 19
,WORD,D14219,0,0,Память для хранения названий рецептов. Задание 169. Символ 20
,WORD,D14220,0,0,Память для хранения названий рецептов. Задание 169. Символ 21
,WORD,D14221,0,0,Память для хранения названий рецептов. Задание 169. Символ 22
,WORD,D14222,0,0,Память для хранения названий рецептов. Задание 169. Символ 23
,WORD,D14223,0,0,Память для хранения названий рецептов. Задание 169. Символ 24
,WORD,D14224,0,0,Память для хранения названий рецептов. Задание 169. Символ 25
,WORD,D14225,0,0,Память для хранения названий рецептов. Задание 170. Символ 1
,WORD,D14226,0,0,Память для хранения названий рецептов. Задание 170. Символ 2
,WORD,D14227,0,0,Память для хранения названий рецептов. Задание 170. Символ 3
,WORD,D14228,0,0,Память для хранения названий рецептов. Задание 170. Символ 4
,WORD,D14229,0,0,Память для хранения названий рецептов. Задание 170. Символ 5
,WORD,D14230,0,0,Память для хранения названий рецептов. Задание 170. Символ 6
,WORD,D14231,0,0,Память для хранения названий рецептов. Задание 170. Символ 7
,WORD,D14232,0,0,Память для хранения названий рецептов. Задание 170. Символ 8
,WORD,D14233,0,0,Память для хранения названий рецептов. Задание 170. Символ 9
,WORD,D14234,0,0,Память для хранения названий рецептов. Задание 170. Символ 10
,WORD,D14235,0,0,Память для хранения названий рецептов. Задание 170. Символ 11
,WORD,D14236,0,0,Память для хранения названий рецептов. Задание 170. Символ 12
,WORD,D14237,0,0,Память для хранения названий рецептов. Задание 170. Символ 13
,WORD,D14238,0,0,Память для хранения названий рецептов. Задание 170. Символ 14
,WORD,D14239,0,0,Память для хранения названий рецептов. Задание 170. Символ 15
,WORD,D14240,0,0,Память для хранения названий рецептов. Задание 170. Символ 16
,WORD,D14241,0,0,Память для хранения названий рецептов. Задание 170. Символ 17
,WORD,D14242,0,0,Память для хранения названий рецептов. Задание 170. Символ 18
,WORD,D14243,0,0,Память для хранения названий рецептов. Задание 170. Символ 19
,WORD,D14244,0,0,Память для хранения названий рецептов. Задание 170. Символ 20
,WORD,D14245,0,0,Память для хранения названий рецептов. Задание 170. Символ 21
,WORD,D14246,0,0,Память для хранения названий рецептов. Задание 170. Символ 22
,WORD,D14247,0,0,Память для хранения названий рецептов. Задание 170. Символ 23
,WORD,D14248,0,0,Память для хранения названий рецептов. Задание 170. Символ 24
,WORD,D14249,0,0,Память для хранения названий рецептов. Задание 170. Символ 25
,WORD,D14250,0,0,Память для хранения названий рецептов. Задание 171. Символ 1
,WORD,D14251,0,0,Память для хранения названий рецептов. Задание 171. Символ 2
,WORD,D14252,0,0,Память для хранения названий рецептов. Задание 171. Символ 3
,WORD,D14253,0,0,Память для хранения названий рецептов. Задание 171. Символ 4
,WORD,D14254,0,0,Память для хранения названий рецептов. Задание 171. Символ 5
,WORD,D14255,0,0,Память для хранения названий рецептов. Задание 171. Символ 6
,WORD,D14256,0,0,Память для хранения названий рецептов. Задание 171. Символ 7
,WORD,D14257,0,0,Память для хранения названий рецептов. Задание 171. Символ 8
,WORD,D14258,0,0,Память для хранения названий рецептов. Задание 171. Символ 9
,WORD,D14259,0,0,Память для хранения названий рецептов. Задание 171. Символ 10
,WORD,D14260,0,0,Память для хранения названий рецептов. Задание 171. Символ 11
,WORD,D14261,0,0,Память для хранения названий рецептов. Задание 171. Символ 12
,WORD,D14262,0,0,Память для хранения названий рецептов. Задание 171. Символ 13
,WORD,D14263,0,0,Память для хранения названий рецептов. Задание 171. Символ 14
,WORD,D14264,0,0,Память для хранения названий рецептов. Задание 171. Символ 15
,WORD,D14265,0,0,Память для хранения названий рецептов. Задание 171. Символ 16
,WORD,D14266,0,0,Память для хранения названий рецептов. Задание 171. Символ 17
,WORD,D14267,0,0,Память для хранения названий рецептов. Задание 171. Символ 18
,WORD,D14268,0,0,Память для хранения названий рецептов. Задание 171. Символ 19
,WORD,D14269,0,0,Память для хранения названий рецептов. Задание 171. Символ 20
,WORD,D14270,0,0,Память для хранения названий рецептов. Задание 171. Символ 21
,WORD,D14271,0,0,Память для хранения названий рецептов. Задание 171. Символ 22
,WORD,D14272,0,0,Память для хранения названий рецептов. Задание 171. Символ 23
,WORD,D14273,0,0,Память для хранения названий рецептов. Задание 171. Символ 24
,WORD,D14274,0,0,Память для хранения названий рецептов. Задание 171. Символ 25
,WORD,D14275,0,0,Память для хранения названий рецептов. Задание 172. Символ 1
,WORD,D14276,0,0,Память для хранения названий рецептов. Задание 172. Символ 2
,WORD,D14277,0,0,Память для хранения названий рецептов. Задание 172. Символ 3
,WORD,D14278,0,0,Память для хранения названий рецептов. Задание 172. Символ 4
,WORD,D14279,0,0,Память для хранения названий рецептов. Задание 172. Символ 5
,WORD,D14280,0,0,Память для хранения названий рецептов. Задание 172. Символ 6
,WORD,D14281,0,0,Память для хранения названий рецептов. Задание 172. Символ 7
,WORD,D14282,0,0,Память для хранения названий рецептов. Задание 172. Символ 8
,WORD,D14283,0,0,Память для хранения названий рецептов. Задание 172. Символ 9
,WORD,D14284,0,0,Память для хранения названий рецептов. Задание 172. Символ 10
,WORD,D14285,0,0,Память для хранения названий рецептов. Задание 172. Символ 11
,WORD,D14286,0,0,Память для хранения названий рецептов. Задание 172. Символ 12
,WORD,D14287,0,0,Память для хранения названий рецептов. Задание 172. Символ 13
,WORD,D14288,0,0,Память для хранения названий рецептов. Задание 172. Символ 14
,WORD,D14289,0,0,Память для хранения названий рецептов. Задание 172. Символ 15
,WORD,D14290,0,0,Память для хранения названий рецептов. Задание 172. Символ 16
,WORD,D14291,0,0,Память для хранения названий рецептов. Задание 172. Символ 17
,WORD,D14292,0,0,Память для хранения названий рецептов. Задание 172. Символ 18
,WORD,D14293,0,0,Память для хранения названий рецептов. Задание 172. Символ 19
,WORD,D14294,0,0,Память для хранения названий рецептов. Задание 172. Символ 20
,WORD,D14295,0,0,Память для хранения названий рецептов. Задание 172. Символ 21
,WORD,D14296,0,0,Память для хранения названий рецептов. Задание 172. Символ 22
,WORD,D14297,0,0,Память для хранения названий рецептов. Задание 172. Символ 23
,WORD,D14298,0,0,Память для хранения названий рецептов. Задание 172. Символ 24
,WORD,D14299,0,0,Память для хранения названий рецептов. Задание 172. Символ 25
,WORD,D14300,0,0,Память для хранения названий рецептов. Задание 173. Символ 1
,WORD,D14301,0,0,Память для хранения названий рецептов. Задание 173. Символ 2
,WORD,D14302,0,0,Память для хранения названий рецептов. Задание 173. Символ 3
,WORD,D14303,0,0,Память для хранения названий рецептов. Задание 173. Символ 4
,WORD,D14304,0,0,Память для хранения названий рецептов. Задание 173. Символ 5
,WORD,D14305,0,0,Память для хранения названий рецептов. Задание 173. Символ 6
,WORD,D14306,0,0,Память для хранения названий рецептов. Задание 173. Символ 7
,WORD,D14307,0,0,Память для хранения названий рецептов. Задание 173. Символ 8
,WORD,D14308,0,0,Память для хранения названий рецептов. Задание 173. Символ 9
,WORD,D14309,0,0,Память для хранения названий рецептов. Задание 173. Символ 10
,WORD,D14310,0,0,Память для хранения названий рецептов. Задание 173. Символ 11
,WORD,D14311,0,0,Память для хранения названий рецептов. Задание 173. Символ 12
,WORD,D14312,0,0,Память для хранения названий рецептов. Задание 173. Символ 13
,WORD,D14313,0,0,Память для хранения названий рецептов. Задание 173. Символ 14
,WORD,D14314,0,0,Память для хранения названий рецептов. Задание 173. Символ 15
,WORD,D14315,0,0,Память для хранения названий рецептов. Задание 173. Символ 16
,WORD,D14316,0,0,Память для хранения названий рецептов. Задание 173. Символ 17
,WORD,D14317,0,0,Память для хранения названий рецептов. Задание 173. Символ 18
,WORD,D14318,0,0,Память для хранения названий рецептов. Задание 173. Символ 19
,WORD,D14319,0,0,Память для хранения названий рецептов. Задание 173. Символ 20
,WORD,D14320,0,0,Память для хранения названий рецептов. Задание 173. Символ 21
,WORD,D14321,0,0,Память для хранения названий рецептов. Задание 173. Символ 22
,WORD,D14322,0,0,Память для хранения названий рецептов. Задание 173. Символ 23
,WORD,D14323,0,0,Память для хранения названий рецептов. Задание 173. Символ 24
,WORD,D14324,0,0,Память для хранения названий рецептов. Задание 173. Символ 25
,WORD,D14325,0,0,Память для хранения названий рецептов. Задание 174. Символ 1
,WORD,D14326,0,0,Память для хранения названий рецептов. Задание 174. Символ 2
,WORD,D14327,0,0,Память для хранения названий рецептов. Задание 174. Символ 3
,WORD,D14328,0,0,Память для хранения названий рецептов. Задание 174. Символ 4
,WORD,D14329,0,0,Память для хранения названий рецептов. Задание 174. Символ 5
,WORD,D14330,0,0,Память для хранения названий рецептов. Задание 174. Символ 6
,WORD,D14331,0,0,Память для хранения названий рецептов. Задание 174. Символ 7
,WORD,D14332,0,0,Память для хранения названий рецептов. Задание 174. Символ 8
,WORD,D14333,0,0,Память для хранения названий рецептов. Задание 174. Символ 9
,WORD,D14334,0,0,Память для хранения названий рецептов. Задание 174. Символ 10
,WORD,D14335,0,0,Память для хранения названий рецептов. Задание 174. Символ 11
,WORD,D14336,0,0,Память для хранения названий рецептов. Задание 174. Символ 12
,WORD,D14337,0,0,Память для хранения названий рецептов. Задание 174. Символ 13
,WORD,D14338,0,0,Память для хранения названий рецептов. Задание 174. Символ 14
,WORD,D14339,0,0,Память для хранения названий рецептов. Задание 174. Символ 15
,WORD,D14340,0,0,Память для хранения названий рецептов. Задание 174. Символ 16
,WORD,D14341,0,0,Память для хранения названий рецептов. Задание 174. Символ 17
,WORD,D14342,0,0,Память для хранения названий рецептов. Задание 174. Символ 18
,WORD,D14343,0,0,Память для хранения названий рецептов. Задание 174. Символ 19
,WORD,D14344,0,0,Память для хранения названий рецептов. Задание 174. Символ 20
,WORD,D14345,0,0,Память для хранения названий рецептов. Задание 174. Символ 21
,WORD,D14346,0,0,Память для хранения названий рецептов. Задание 174. Символ 22
,WORD,D14347,0,0,Память для хранения названий рецептов. Задание 174. Символ 23
,WORD,D14348,0,0,Память для хранения названий рецептов. Задание 174. Символ 24
,WORD,D14349,0,0,Память для хранения названий рецептов. Задание 174. Символ 25
,WORD,D14350,0,0,Память для хранения названий рецептов. Задание 175. Символ 1
,WORD,D14351,0,0,Память для хранения названий рецептов. Задание 175. Символ 2
,WORD,D14352,0,0,Память для хранения названий рецептов. Задание 175. Символ 3
,WORD,D14353,0,0,Память для хранения названий рецептов. Задание 175. Символ 4
,WORD,D14354,0,0,Память для хранения названий рецептов. Задание 175. Символ 5
,WORD,D14355,0,0,Память для хранения названий рецептов. Задание 175. Символ 6
,WORD,D14356,0,0,Память для хранения названий рецептов. Задание 175. Символ 7
,WORD,D14357,0,0,Память для хранения названий рецептов. Задание 175. Символ 8
,WORD,D14358,0,0,Память для хранения названий рецептов. Задание 175. Символ 9
,WORD,D14359,0,0,Память для хранения названий рецептов. Задание 175. Символ 10
,WORD,D14360,0,0,Память для хранения названий рецептов. Задание 175. Символ 11
,WORD,D14361,0,0,Память для хранения названий рецептов. Задание 175. Символ 12
,WORD,D14362,0,0,Память для хранения названий рецептов. Задание 175. Символ 13
,WORD,D14363,0,0,Память для хранения названий рецептов. Задание 175. Символ 14
,WORD,D14364,0,0,Память для хранения названий рецептов. Задание 175. Символ 15
,WORD,D14365,0,0,Память для хранения названий рецептов. Задание 175. Символ 16
,WORD,D14366,0,0,Память для хранения названий рецептов. Задание 175. Символ 17
,WORD,D14367,0,0,Память для хранения названий рецептов. Задание 175. Символ 18
,WORD,D14368,0,0,Память для хранения названий рецептов. Задание 175. Символ 19
,WORD,D14369,0,0,Память для хранения названий рецептов. Задание 175. Символ 20
,WORD,D14370,0,0,Память для хранения названий рецептов. Задание 175. Символ 21
,WORD,D14371,0,0,Память для хранения названий рецептов. Задание 175. Символ 22
,WORD,D14372,0,0,Память для хранения названий рецептов. Задание 175. Символ 23
,WORD,D14373,0,0,Память для хранения названий рецептов. Задание 175. Символ 24
,WORD,D14374,0,0,Память для хранения названий рецептов. Задание 175. Символ 25
,WORD,D14375,0,0,Память для хранения названий рецептов. Задание 176. Символ 1
,WORD,D14376,0,0,Память для хранения названий рецептов. Задание 176. Символ 2
,WORD,D14377,0,0,Память для хранения названий рецептов. Задание 176. Символ 3
,WORD,D14378,0,0,Память для хранения названий рецептов. Задание 176. Символ 4
,WORD,D14379,0,0,Память для хранения названий рецептов. Задание 176. Символ 5
,WORD,D14380,0,0,Память для хранения названий рецептов. Задание 176. Символ 6
,WORD,D14381,0,0,Память для хранения названий рецептов. Задание 176. Символ 7
,WORD,D14382,0,0,Память для хранения названий рецептов. Задание 176. Символ 8
,WORD,D14383,0,0,Память для хранения названий рецептов. Задание 176. Символ 9
,WORD,D14384,0,0,Память для хранения названий рецептов. Задание 176. Символ 10
,WORD,D14385,0,0,Память для хранения названий рецептов. Задание 176. Символ 11
,WORD,D14386,0,0,Память для хранения названий рецептов. Задание 176. Символ 12
,WORD,D14387,0,0,Память для хранения названий рецептов. Задание 176. Символ 13
,WORD,D14388,0,0,Память для хранения названий рецептов. Задание 176. Символ 14
,WORD,D14389,0,0,Память для хранения названий рецептов. Задание 176. Символ 15
,WORD,D14390,0,0,Память для хранения названий рецептов. Задание 176. Символ 16
,WORD,D14391,0,0,Память для хранения названий рецептов. Задание 176. Символ 17
,WORD,D14392,0,0,Память для хранения названий рецептов. Задание 176. Символ 18
,WORD,D14393,0,0,Память для хранения названий рецептов. Задание 176. Символ 19
,WORD,D14394,0,0,Память для хранения названий рецептов. Задание 176. Символ 20
,WORD,D14395,0,0,Память для хранения названий рецептов. Задание 176. Символ 21
,WORD,D14396,0,0,Память для хранения названий рецептов. Задание 176. Символ 22
,WORD,D14397,0,0,Память для хранения названий рецептов. Задание 176. Символ 23
,WORD,D14398,0,0,Память для хранения названий рецептов. Задание 176. Символ 24
,WORD,D14399,0,0,Память для хранения названий рецептов. Задание 176. Символ 25
,WORD,D14400,0,0,Память для хранения названий рецептов. Задание 177. Символ 1
,WORD,D14401,0,0,Память для хранения названий рецептов. Задание 177. Символ 2
,WORD,D14402,0,0,Память для хранения названий рецептов. Задание 177. Символ 3
,WORD,D14403,0,0,Память для хранения названий рецептов. Задание 177. Символ 4
,WORD,D14404,0,0,Память для хранения названий рецептов. Задание 177. Символ 5
,WORD,D14405,0,0,Память для хранения названий рецептов. Задание 177. Символ 6
,WORD,D14406,0,0,Память для хранения названий рецептов. Задание 177. Символ 7
,WORD,D14407,0,0,Память для хранения названий рецептов. Задание 177. Символ 8
,WORD,D14408,0,0,Память для хранения названий рецептов. Задание 177. Символ 9
,WORD,D14409,0,0,Память для хранения названий рецептов. Задание 177. Символ 10
,WORD,D14410,0,0,Память для хранения названий рецептов. Задание 177. Символ 11
,WORD,D14411,0,0,Память для хранения названий рецептов. Задание 177. Символ 12
,WORD,D14412,0,0,Память для хранения названий рецептов. Задание 177. Символ 13
,WORD,D14413,0,0,Память для хранения названий рецептов. Задание 177. Символ 14
,WORD,D14414,0,0,Память для хранения названий рецептов. Задание 177. Символ 15
,WORD,D14415,0,0,Память для хранения названий рецептов. Задание 177. Символ 16
,WORD,D14416,0,0,Память для хранения названий рецептов. Задание 177. Символ 17
,WORD,D14417,0,0,Память для хранения названий рецептов. Задание 177. Символ 18
,WORD,D14418,0,0,Память для хранения названий рецептов. Задание 177. Символ 19
,WORD,D14419,0,0,Память для хранения названий рецептов. Задание 177. Символ 20
,WORD,D14420,0,0,Память для хранения названий рецептов. Задание 177. Символ 21
,WORD,D14421,0,0,Память для хранения названий рецептов. Задание 177. Символ 22
,WORD,D14422,0,0,Память для хранения названий рецептов. Задание 177. Символ 23
,WORD,D14423,0,0,Память для хранения названий рецептов. Задание 177. Символ 24
,WORD,D14424,0,0,Память для хранения названий рецептов. Задание 177. Символ 25
,WORD,D14425,0,0,Память для хранения названий рецептов. Задание 178. Символ 1
,WORD,D14426,0,0,Память для хранения названий рецептов. Задание 178. Символ 2
,WORD,D14427,0,0,Память для хранения названий рецептов. Задание 178. Символ 3
,WORD,D14428,0,0,Память для хранения названий рецептов. Задание 178. Символ 4
,WORD,D14429,0,0,Память для хранения названий рецептов. Задание 178. Символ 5
,WORD,D14430,0,0,Память для хранения названий рецептов. Задание 178. Символ 6
,WORD,D14431,0,0,Память для хранения названий рецептов. Задание 178. Символ 7
,WORD,D14432,0,0,Память для хранения названий рецептов. Задание 178. Символ 8
,WORD,D14433,0,0,Память для хранения названий рецептов. Задание 178. Символ 9
,WORD,D14434,0,0,Память для хранения названий рецептов. Задание 178. Символ 10
,WORD,D14435,0,0,Память для хранения названий рецептов. Задание 178. Символ 11
,WORD,D14436,0,0,Память для хранения названий рецептов. Задание 178. Символ 12
,WORD,D14437,0,0,Память для хранения названий рецептов. Задание 178. Символ 13
,WORD,D14438,0,0,Память для хранения названий рецептов. Задание 178. Символ 14
,WORD,D14439,0,0,Память для хранения названий рецептов. Задание 178. Символ 15
,WORD,D14440,0,0,Память для хранения названий рецептов. Задание 178. Символ 16
,WORD,D14441,0,0,Память для хранения названий рецептов. Задание 178. Символ 17
,WORD,D14442,0,0,Память для хранения названий рецептов. Задание 178. Символ 18
,WORD,D14443,0,0,Память для хранения названий рецептов. Задание 178. Символ 19
,WORD,D14444,0,0,Память для хранения названий рецептов. Задание 178. Символ 20
,WORD,D14445,0,0,Память для хранения названий рецептов. Задание 178. Символ 21
,WORD,D14446,0,0,Память для хранения названий рецептов. Задание 178. Символ 22
,WORD,D14447,0,0,Память для хранения названий рецептов. Задание 178. Символ 23
,WORD,D14448,0,0,Память для хранения названий рецептов. Задание 178. Символ 24
,WORD,D14449,0,0,Память для хранения названий рецептов. Задание 178. Символ 25
,WORD,D14450,0,0,Память для хранения названий рецептов. Задание 179. Символ 1
,WORD,D14451,0,0,Память для хранения названий рецептов. Задание 179. Символ 2
,WORD,D14452,0,0,Память для хранения названий рецептов. Задание 179. Символ 3
,WORD,D14453,0,0,Память для хранения названий рецептов. Задание 179. Символ 4
,WORD,D14454,0,0,Память для хранения названий рецептов. Задание 179. Символ 5
,WORD,D14455,0,0,Память для хранения названий рецептов. Задание 179. Символ 6
,WORD,D14456,0,0,Память для хранения названий рецептов. Задание 179. Символ 7
,WORD,D14457,0,0,Память для хранения названий рецептов. Задание 179. Символ 8
,WORD,D14458,0,0,Память для хранения названий рецептов. Задание 179. Символ 9
,WORD,D14459,0,0,Память для хранения названий рецептов. Задание 179. Символ 10
,WORD,D14460,0,0,Память для хранения названий рецептов. Задание 179. Символ 11
,WORD,D14461,0,0,Память для хранения названий рецептов. Задание 179. Символ 12
,WORD,D14462,0,0,Память для хранения названий рецептов. Задание 179. Символ 13
,WORD,D14463,0,0,Память для хранения названий рецептов. Задание 179. Символ 14
,WORD,D14464,0,0,Память для хранения названий рецептов. Задание 179. Символ 15
,WORD,D14465,0,0,Память для хранения названий рецептов. Задание 179. Символ 16
,WORD,D14466,0,0,Память для хранения названий рецептов. Задание 179. Символ 17
,WORD,D14467,0,0,Память для хранения названий рецептов. Задание 179. Символ 18
,WORD,D14468,0,0,Память для хранения названий рецептов. Задание 179. Символ 19
,WORD,D14469,0,0,Память для хранения названий рецептов. Задание 179. Символ 20
,WORD,D14470,0,0,Память для хранения названий рецептов. Задание 179. Символ 21
,WORD,D14471,0,0,Память для хранения названий рецептов. Задание 179. Символ 22
,WORD,D14472,0,0,Память для хранения названий рецептов. Задание 179. Символ 23
,WORD,D14473,0,0,Память для хранения названий рецептов. Задание 179. Символ 24
,WORD,D14474,0,0,Память для хранения названий рецептов. Задание 179. Символ 25
,WORD,D14475,0,0,Память для хранения названий рецептов. Задание 180. Символ 1
,WORD,D14476,0,0,Память для хранения названий рецептов. Задание 180. Символ 2
,WORD,D14477,0,0,Память для хранения названий рецептов. Задание 180. Символ 3
,WORD,D14478,0,0,Память для хранения названий рецептов. Задание 180. Символ 4
,WORD,D14479,0,0,Память для хранения названий рецептов. Задание 180. Символ 5
,WORD,D14480,0,0,Память для хранения названий рецептов. Задание 180. Символ 6
,WORD,D14481,0,0,Память для хранения названий рецептов. Задание 180. Символ 7
,WORD,D14482,0,0,Память для хранения названий рецептов. Задание 180. Символ 8
,WORD,D14483,0,0,Память для хранения названий рецептов. Задание 180. Символ 9
,WORD,D14484,0,0,Память для хранения названий рецептов. Задание 180. Символ 10
,WORD,D14485,0,0,Память для хранения названий рецептов. Задание 180. Символ 11
,WORD,D14486,0,0,Память для хранения названий рецептов. Задание 180. Символ 12
,WORD,D14487,0,0,Память для хранения названий рецептов. Задание 180. Символ 13
,WORD,D14488,0,0,Память для хранения названий рецептов. Задание 180. Символ 14
,WORD,D14489,0,0,Память для хранения названий рецептов. Задание 180. Символ 15
,WORD,D14490,0,0,Память для хранения названий рецептов. Задание 180. Символ 16
,WORD,D14491,0,0,Память для хранения названий рецептов. Задание 180. Символ 17
,WORD,D14492,0,0,Память для хранения названий рецептов. Задание 180. Символ 18
,WORD,D14493,0,0,Память для хранения названий рецептов. Задание 180. Символ 19
,WORD,D14494,0,0,Память для хранения названий рецептов. Задание 180. Символ 20
,WORD,D14495,0,0,Память для хранения названий рецептов. Задание 180. Символ 21
,WORD,D14496,0,0,Память для хранения названий рецептов. Задание 180. Символ 22
,WORD,D14497,0,0,Память для хранения названий рецептов. Задание 180. Символ 23
,WORD,D14498,0,0,Память для хранения названий рецептов. Задание 180. Символ 24
,WORD,D14499,0,0,Память для хранения названий рецептов. Задание 180. Символ 25
,WORD,D00129,0,0,Фиксированное число 129
,WORD,D00130,1,0,Фиксированное число 130
,WORD,D00131,1,0,Фиксированное число 131
,WORD,D00132,0,0,Фиксированное число 132
,WORD,D00133,0,0,Фиксированное число 133
,WORD,D00134,0,0,Фиксированное число 134
,WORD,D00135,0,0,Фиксированное число 135
,WORD,D00136,0,0,Фиксированное число 136
,WORD,D00137,0,0,Фиксированное число 137
,WORD,D00138,0,0,Фиксированное число 138
,WORD,D00139,0,0,Фиксированное число 139
,WORD,D00140,0,0,Фиксированное число 140
,WORD,D00141,0,0,Фиксированное число 141
,WORD,D00142,0,0,Фиксированное число 142
,WORD,D00143,0,0,Фиксированное число 143
,WORD,D00144,0,0,Фиксированное число 144
,WORD,D00145,0,0,Фиксированное число 145
,WORD,D00146,0,0,Фиксированное число 146
,WORD,D00147,0,0,Фиксированное число 147
,WORD,D00148,0,0,Фиксированное число 148
,WORD,D00149,0,0,Фиксированное число 149
,WORD,D00150,0,0,Фиксированное число 150
,WORD,D00151,0,0,Фиксированное число 151
,WORD,D00152,0,0,Фиксированное число 152
,WORD,D00153,0,0,Фиксированное число 153
,WORD,D00154,0,0,Фиксированное число 154
,WORD,D00155,0,0,Фиксированное число 155
,WORD,D00156,0,0,Фиксированное число 156
,WORD,D00157,0,0,Фиксированное число 157
,WORD,D00158,0,0,Фиксированное число 158
,WORD,D00159,0,0,Фиксированное число 159
,WORD,D00160,0,0,Фиксированное число 160
,WORD,D00161,0,0,Фиксированное число 161
,WORD,D00162,0,0,Фиксированное число 162
,WORD,D00163,0,0,Фиксированное число 163
,WORD,D00164,0,0,Фиксированное число 164
,WORD,D00165,0,0,Фиксированное число 165
,WORD,D00166,0,0,Фиксированное число 166
,WORD,D00167,0,0,Фиксированное число 167
,WORD,D00168,0,0,Фиксированное число 168
,WORD,D00169,0,0,Фиксированное число 169
,WORD,D00170,0,0,Фиксированное число 170
,WORD,D00171,0,0,Фиксированное число 171
,WORD,D00172,0,0,Фиксированное число 172
,WORD,D00173,0,0,Фиксированное число 173
,WORD,D00174,0,0,Фиксированное число 174
,WORD,D00175,0,0,Фиксированное число 175
,WORD,D00176,0,0,Фиксированное число 176
,WORD,D00177,0,0,Фиксированное число 177
,WORD,D00178,0,0,Фиксированное число 178
,WORD,D00179,0,0,Фиксированное число 179
,WORD,D00180,0,0,Фиксированное число 180
,WORD,D00181,0,0,Фиксированное число 181
,WORD,D00182,0,0,Фиксированное число 182
,WORD,D00183,0,0,Фиксированное число 183
,WORD,D00184,0,0,Фиксированное число 184
,WORD,D00185,0,0,Фиксированное число 185
,WORD,D00186,0,0,Фиксированное число 186
,WORD,D00187,0,0,Фиксированное число 187
,WORD,D00188,0,0,Фиксированное число 188
,WORD,D00189,0,0,Фиксированное число 189
,WORD,D00190,0,0,Фиксированное число 190
,WORD,D00191,0,0,Фиксированное число 191
,WORD,D00192,0,0,Фиксированное число 192
,WORD,D00193,0,0,Фиксированное число 193
,WORD,D00194,0,0,Фиксированное число 194
,WORD,D00195,0,0,Фиксированное число 195
,WORD,D00196,0,0,Фиксированное число 196
,WORD,D00197,0,0,Фиксированное число 197
,WORD,D00198,0,0,Фиксированное число 198
,WORD,D00199,1,0,Фиксированное число 199
,WORD,D00200,0,0,Фиксированное число 200
,WORD,Z002,1,0,Счётчик для инициализации строк
,WORD,D00250,1,0,Выбранный номер задания - 1
,WORD,D00251,1,0,Оффсет строки для выбранного номера названия
,WORD,D00252,0,0,MULNULL
,WORD,D00253,0,0,MULNULL
,WORD,D00254,0,0,MULNULL
,WORD,D00255,1,0,Счётчик страницы заданий
,WORD,D00256,1,0,Оффсет номера страницы списка заданий
,WORD,D00257,0,0,MULNULL
,WORD,D00258,0,0,MULNULL
,WORD,D00259,0,0,MULNULL
,WORD,D00260,1,0,Оффсет строки страницы списка заданий
,WORD,D00261,0,0,MULNULL
,WORD,D00262,0,0,MULNULL
,WORD,D00263,0,0,MULNULL
,WORD,D00264,1,0,Номер кнопки на странице списка заданий
,WORD,D00265,1,0,Номер редактируемого задания
,WORD,D00249,1,0,Выбранный номер задания
,WORD,D19000,1,0,Редактируемое имя задания. Символ 1
,WORD,D19001,0,0,Редактируемое имя задания. Символ 2
,WORD,D19002,0,0,Редактируемое имя задания. Символ 3
,WORD,D19003,0,0,Редактируемое имя задания. Символ 4
,WORD,D19004,0,0,Редактируемое имя задания. Символ 5
,WORD,D19005,0,0,Редактируемое имя задания. Символ 6
,WORD,D19006,0,0,Редактируемое имя задания. Символ 7
,WORD,D19007,0,0,Редактируемое имя задания. Символ 8
,WORD,D19008,0,0,Редактируемое имя задания. Символ 9
,WORD,D19009,0,0,Редактируемое имя задания. Символ 10
,WORD,D19010,0,0,Редактируемое имя задания. Символ 11
,WORD,D19011,0,0,Редактируемое имя задания. Символ 12
,WORD,D19012,0,0,Редактируемое имя задания. Символ 13
,WORD,D19013,0,0,Редактируемое имя задания. Символ 14
,WORD,D19014,0,0,Редактируемое имя задания. Символ 15
,WORD,D19015,0,0,Редактируемое имя задания. Символ 16
,WORD,D19016,0,0,Редактируемое имя задания. Символ 17
,WORD,D19017,0,0,Редактируемое имя задания. Символ 18
,WORD,D19018,0,0,Редактируемое имя задания. Символ 19
,WORD,D19019,0,0,Редактируемое имя задания. Символ 20
,WORD,D19020,0,0,Редактируемое имя задания. Символ 21
,WORD,D19021,0,0,Редактируемое имя задания. Символ 22
,WORD,D19022,0,0,Редактируемое имя задания. Символ 23
,WORD,D19023,0,0,Редактируемое имя задания. Символ 24
,WORD,D19024,0,0,Редактируемое имя задания. Символ 25
,BIT/WORD,T0016,1,0,100MS Таймер на подготовку данных перед загрузкой
,WORD,D00266,1,0,Номер редактируемого задания -1
,WORD,D00267,1,0,Предыдущее выбранное задание
,WORD,Z003,1,0,Смещение редактируемого имени задания
,BIT/WORD,T0017,1,0,100MS Время действия команды сохранения пластины
,BIT,M20460,1,0,Английская раскладка без капса
,BIT,M20461,1,0,Английская раскладка капс
,BIT,M20462,1,0,Русская раскладка без капса
,BIT,M20463,1,0,Русская раскладка капс
,BIT,M20464,1,0,Выбран русский язык
,BIT,M20465,1,0,Нажат Caps Lock
,BIT/WORD,T0018,1,0,T100MS Таймер сброса задания
,BIT/WORD,T0050,1,0,T100MS Время зажатия кнопки инициализации
,BIT,M20471,1,0,Поднять флаг инициализации с HMI
,WORD,D00501,1,0,"Двойной захват, захват 1, L1"
,WORD,D00502,1,0,"Двойной захват, захват 1, l1"
,WORD,D00503,1,0,"Двойной захват, захват 2, L2"
,WORD,D00504,1,0,"Двойной захват, захват 2, l2"
,WORD,D00505,1,0,"Параллельнй захват, длина L"
,WORD,D00506,1,0,"Параллельнй захват, длина l"
,WORD,D00507,1,0,"Патрон, длина L"
,WORD,D00508,1,0,"Патрон, длина l"
,WORD,D00510,0,0,Количество рядов на пластине
,WORD,D00511,0,0,Количество ячеек в нечётных рядах
,WORD,D00512,0,0,Количество ячеек в чётных рядах
,WORD,D00513,1,0,Расстояние между ячейками
,WORD,D00514,1,0,Расстояние между рядами
,WORD,D00515,1,0,Смещение чётного ряда
,WORD,D00517,0,0,"Кондуктор, шаг для установки ячеек в ряду"
,WORD,D00518,0,0,"Кондуктор, шаг для установки между рядами"
,WORD,D00519,0,0,"Кондуктор, расстояние от центра ячейки до стенки"
,WORD,D00521,1,0,Заготовка. Втулка. L1
,WORD,D00522,1,0,Заготовка. Втулка. D1
,WORD,D00523,1,0,Заготовка. Втулка. L2
,WORD,D00524,1,0,Заготовка. Втулка. D2
,WORD,D00526,1,0,Заготовка. Вал L11
,WORD,D00527,1,0,Заготовка. Вал L12
,WORD,D00528,1,0,Заготовка. Вал L13
,WORD,D00529,1,0,Заготовка. Вал H1
,WORD,D00530,1,0,Заготовка. Вал D1
,WORD,D00531,1,0,Заготовка. Вал L21
,WORD,D00532,1,0,Заготовка. Вал L22
,WORD,D00533,1,0,Заготовка. Вал L23
,WORD,D00534,1,0,Заготовка. Вал H2
,WORD,D00535,1,0,Заготовка. Вал D2
,WORD,D00537,1,0,Номер станции перехвата при развороте втулуи
,WORD,D00538,1,0,Поправка по высоте при развороте втулки
,WORD,D00500,1,0,Параметры задания
,BIT,D00500.0,1,0,Тип детали
,BIT,D00500.1,1,0,Разворот детали перед установкой в патрон
,BIT,D00500.2,1,0,Возврат вала в кондуктор
,BIT,D00500.8,1,0,"Двойной захват, кулачки 2 работают на разжим"
,BIT,P11140,1,0,Разворот детали перед установкой в патрон
,BIT,P11141,1,0,Возврат вала в кондуктор
,BIT,P11142,1,0,Разворот вала перед возвратом в кондуктор
,BIT,P11143,1,0,Тип детали
,BIT,P11147,1,0,"Двойной захват, кулачки 1 работают на разжим"
,BIT,P11148,1,0,"Двойной захват, кулачки 2 работают на разжим"
,BIT,P11150,0,0,"Двойной захват, захват 1, L1 (0)"
,BIT,P11160,0,0,"Двойной захват, захват 1, l1"
,BIT,P11170,0,0,"Двойной захват, захват 2, L2"
,BIT,P11180,0,0,"Двойной захват, захват 2, l2"
,BIT,P11190,0,0,"Параллельнй захват, длина L"
,BIT,P11200,0,0,"Параллельнй захват, длина l"
,BIT,P11210,0,0,"Патрон, длина L"
,BIT,P11220,0,0,"Патрон, длина l"
,BIT,P11230,1,0,Количество рядов на пластине
,BIT,P11234,1,0,Количество ячеек в нечётных рядах
,BIT,P11238,1,0,Количество ячеек в чётных рядах
,BIT,P11240,0,0,Расстояние между ячейками
,BIT,P11250,0,0,Расстояние между рядами
,BIT,P11260,0,0,Смещение чётного ряда
,BIT,P11270,1,0,"Кондуктор, шаг для установки ячеек в ряду"
,BIT,P11274,1,0,"Кондуктор, шаг для установки между рядами"
,BIT,P11280,0,0,Заготовка. Втулка. L1
,BIT,P11290,0,0,Заготовка. Втулка. L2
,BIT,P11300,0,0,Заготовка. Вал L11
,BIT,P11310,0,0,Заготовка. Вал L12
,BIT,P11320,0,0,Заготовка. Вал L13
,BIT,P11330,0,0,Заготовка. Вал H1
,BIT,P11340,0,0,Заготовка. Вал D1
,BIT,P11350,0,0,Заготовка. Вал L21
,BIT,P11360,0,0,Заготовка. Вал L22
,BIT,P11370,0,0,Заготовка. Вал L23
,BIT,P11380,0,0,Заготовка. Вал H2
,BIT,P11390,0,0,Заготовка. Вал D2
,BIT,P11400,0,0,Номер станции перехвата при развороте втулуи
,BIT,P11410,0,0,Поправка по высоте при развороте втулки
,BIT,P11420,0,0,Заготовка. Втулка. D1
,BIT,P11430,0,0,Заготовка. Втулка. D2
,BIT,P11440,0,0,"Кондуктор, расстояние от центра ячейки до стенки"
,BIT,P11060,0,0,Скорость робота
,BIT,P11070,0,0,Прижим при захвате детали с полки
,BIT,P11078,0,0,Прижим при установке деталь на полку
,BIT,P11080,0,0,Прижим при захвате детали из патрона
,BIT,P11088,0,0,Прижим при установке детали в патрон
,BIT,P11090,0,0,Прижим при установке детали в призмы
,BIT,P11098,0,0,Прижим при захвате детали из призмы
,BIT,P11100,0,0,Время открытия двойного захвата 1
,BIT,P11108,0,0,Время закрытия двойного захвата 1
,BIT,P11110,0,0,Время открытия двойного захвата 2
,BIT,P11118,0,0,Время закрытия двойного захвата 2
,BIT,P11120,0,0,Время открытия параллельного захвата
,BIT,P11128,0,0,Время закрытия параллельного захвата
,BIT,P11130,1,0,Номер задания
,BIT,P11138,1,0,Количество заготовок
,BIT,P1000D,0,0,Робот в режиме отладки
,BIT,P10060,0,0,Состояние двойного захвата 1
,BIT,P10070,0,0,Состояние двойного захвата 2
,BIT,P10080,0,0,Состояние параллельного захвата
,BIT,P10090,0,0,Состояние патрона
,BIT,P10100,0,0,Состояние станции перехвата
,BIT,P10110,0,0,Обработано деталей
,BIT,P10120,0,0,Следующая деталь
,BIT,P10130,0,0,Код ошибки на роботе
,BIT,P10140,0,0,Двойной захват. Захват 1 пустой
,BIT,P10141,0,0,Двойной захват. В захвате 1 заготовка
,BIT,P10142,0,0,Двойной захват. В захвате 1 промежуточная деталь
,BIT,P10143,0,0,Двойной захват. В захвате 1 готовая деталь
,BIT,P10144,0,0,Двойной захват. Захват 2 пустой
,BIT,P10145,0,0,Двойной захват. В захвате 2 заготовка
,BIT,P10146,0,0,Двойной захват. В захвате 2 промежуточная деталь
,BIT,P10147,0,0,Двойной захват. В захвате 2 готовая деталь
,BIT,P10148,0,0,Параллельный захват. Захват пустой
,BIT,P10149,0,0,Параллельный захват. В захвате заготовка
,BIT,P1014A,0,0,Параллельный захват. В захвате промежуточная деталь
,BIT,P1014B,0,0,Параллельный захват. В захвате готовая деталь
,BIT,P1014C,0,0,Патрон. Пустой
,BIT,P1014D,0,0,Патрон. В патроне заготовка
,BIT,P1014E,0,0,Патрон. В патроне промежуточная деталь
,BIT,P1014F,0,0,Патрон. В патроне готовая деталь
,BIT,P10150,0,0,Станция перехвата. Пустая
,BIT,P10151,0,0,Станция перехвата. Заготовка
,BIT,P10152,0,0,Станция перехвата. Промежуточная деталь
,BIT,D00500.3,1,0,Разворот вала перед возвратом в кондуктор
,WORD,P1100,0,0,Включить моторы на роботе
,WORD,P1101,0,0,Открыть захват 1
,WORD,P1102,0,0,Патрон 1 открыт
,WORD,P1103,0,0,Запустить задание на роботе
,WORD,P1104,0,0,Полка 1 включена
,WORD,P1106,0,0,Скорость робота
,WORD,P1107,0,0,Прижим при захвате детали с полки
,WORD,P1108,0,0,Прижим при захвате детали из патрона
,WORD,P1109,0,0,Прижим при установке детали в призмы
,WORD,P1110,0,0,Время открытия двойного захвата 1
,WORD,P1111,0,0,Время открытия двойного захвата 2
,WORD,P1112,0,0,Время открытия параллельного захвата
,WORD,P1113,0,0,Номер задания
,WORD,P1114,0,0,Разворот детали перед установкой в патрон
,WORD,P1115,1,0,"Двойной захват, захват 1, L1 (0)"
,WORD,P1116,1,0,"Двойной захват, захват 1, l1"
,WORD,P1117,1,0,"Двойной захват, захват 2, L2"
,WORD,P1118,1,0,"Двойной захват, захват 2, l2"
,WORD,P1119,1,0,"Параллельнй захват, длина L"
,WORD,P1120,1,0,"Параллельнй захват, длина l"
,WORD,P1121,1,0,"Патрон, длина L"
,WORD,P1122,1,0,"Патрон, длина l"
,WORD,P1123,0,0,Количество рядов на пластине
,WORD,P1124,1,0,Расстояние между ячейками
,WORD,P1125,1,0,Расстояние между рядами
,WORD,P1126,1,0,Смещение чётного ряда
,WORD,P1127,0,0,"Кондуктор, шаг для установки ячеек в ряду"
,WORD,P1128,1,0,Заготовка. Втулка. L1
,WORD,P1129,1,0,Заготовка. Втулка. L2
,WORD,P1130,1,0,Заготовка. Вал L11
,WORD,P1131,1,0,Заготовка. Вал L12
,WORD,P1132,1,0,Заготовка. Вал L13
,WORD,P1133,1,0,Заготовка. Вал H1
,WORD,P1134,1,0,Заготовка. Вал D1
,WORD,P1135,1,0,Заготовка. Вал L21
,WORD,P1136,1,0,Заготовка. Вал L22
,WORD,P1137,1,0,Заготовка. Вал L23
,WORD,P1138,1,0,Заготовка. Вал H2
,WORD,P1139,1,0,Заготовка. Вал D2
,WORD,P1140,1,0,Номер станции перехвата при развороте втулуи
,WORD,P1141,1,0,Поправка по высоте при развороте втулки
,WORD,P1142,1,0,Заготовка. Втулка. D1
,WORD,P1143,1,0,Заготовка. Втулка. D2
,WORD,P1000,0,0,Моторы робота включены
,WORD,P1001,0,0,Захват 1 открыт
,WORD,P1002,0,0,Открыть патрон 1
,WORD,P1003,0,0,Робот готов к запуску задания
,WORD,P1004,0,0,Полка 1 открыта
,WORD,P1005,0,0,Переключение зоны безопасности на лидаре
,WORD,P1006,1,0,Состояние двойного захвата 1
,WORD,P1007,1,0,Состояние двойного захвата 2
,WORD,P1008,1,0,Состояние параллельного захвата
,WORD,P1009,1,0,Состояние патрона
,WORD,P1010,1,0,Состояние станции перехвата
,WORD,P1011,1,0,Обработано деталей
,WORD,P1012,1,0,Следующая деталь
,WORD,P1013,1,0,Код ошибки на роботе
,WORD,P1014,0,0,Двойной захват. Захват 1 пустой
,WORD,P1015,0,0,Станция перехвата. Пустая
,BIT,D00500.7,1,0,"Двойной захват, кулачки 1 работают на разжим"
,WORD,P1144,0,0,"Кондуктор, расстояние от центра ячейки до стенки"
,BIT,D00510.0,1,0,Количество рядов на пластине
,BIT,D00511.0,1,0,Количество ячеек в нечётных рядах
,BIT,D00512.0,1,0,Количество ячеек в чётных рядах
,BIT,D00517.0,1,0,"Кондуктор, шаг для установки ячеек в ряду"
,BIT,D00518.0,1,0,"Кондуктор, шаг для установки между рядами"
,BIT,D00537.0,0,0,Номер станции перехвата при развороте втулуи
,BIT,D00538.0,0,0,Поправка по высоте при развороте втулки
,WORD,D00539,1,0,"Двойной захват, захват 1, L3"
,WORD,D00540,1,0,"Двойной захват, захват 1, l3"
,WORD,P1145,1,0,"Двойной захват, захват 1, L3"
,WORD,P1146,1,0,"Двойной захват, захват 1, l3\r\n"
,BIT,M0010E,1,0,HMI: Остановка задания
,BIT,M00115,1,0,HMI: Проверка датчиков патрона 1
,BIT,M00116,1,0,HMI: Проверка датчиков патрона 2
,BIT,M00208,1,0,Система готова к запуску задания
,BIT,M00209,0,0,Требуется запуск задания
,BIT,D00310.0,1,0,Количество деталей на полке 1
,BIT,D00311.0,1,0,Количество деталей на полке 2
,BIT,D00312.0,1,0,Количество деталей на полке 3
,BIT,D00313.0,1,0,Количество деталей на полке 4
,BIT,D00249.0,1,0,Выбранный номер задания
,BIT/WORD,T0019,1,0,T100MS Время на подготовку параметров
,BIT,M00118,1,0,HMI: Автосброс лидара
,BIT/WORD,T0020,1,0,T100MS Задержка после выхода из варнинг зоны
,BIT,M0020A,1,0,Была нарушена зона безопасности лидара
,BIT,M0020B,1,0,Циклический сброс сигнала лидара
,BIT,M00119,1,0,HMI: Замедление робота при приближении человека
,BIT/WORD,T0021,0,0,T100MS Время сброса задания
,WORD,D00400,1,0,Состояние двойного захвата 1
,WORD,D00401,1,0,Состояние двойного захвата 2
,WORD,D00402,1,0,Состояние параллельного захвата
,WORD,D00403,1,0,Состояние патрона
,WORD,D00404,1,0,Состояние станции перехвата
,WORD,D00405,1,0,Обработано деталей
,WORD,D00406,1,0,Следующая деталь
,WORD,D00407,1,0,Код ошибки на роботе
,BIT,M00210,0,0,Двойной захват. Захват 1 пустой
,BIT,M00211,0,0,Двойной захват. В захвате 1 заготовка
,BIT,M00212,0,0,Двойной захват. В захвате 1 промежуточная деталь
,BIT,M00213,0,0,Двойной захват. В захвате 1 готовая деталь
,BIT,M00214,0,0,Двойной захват. Захват 2 пустой
,BIT,M00215,0,0,Двойной захват. В захвате 2 заготовка
,BIT,M00216,0,0,Двойной захват. В захвате 2 промежуточная деталь
,BIT,M00217,0,0,Двойной захват. В захвате 2 готовая деталь
,BIT,M00218,0,0,Параллельный захват. Захват пустой
,BIT,M00219,0,0,Параллельный захват. В захвате заготовка
,BIT,M0021A,0,0,Параллельный захват. В захвате промежуточная деталь
,BIT,M0021B,0,0,Параллельный захват. В захвате готовая деталь
,BIT,M0021C,0,0,Патрон. Пустой
,BIT,M0021D,0,0,Патрон. В патроне заготовка
,BIT,M0021E,0,0,Патрон. В патроне промежуточная деталь
,BIT,M0021F,0,0,Патрон. В патроне готовая деталь
,BIT,M00220,0,0,Станция перехвата. Пустая
,BIT,M00221,0,0,Станция перехвата. Заготовка
,BIT,M00222,0,0,Станция перехвата. Промежуточная деталь
,WORD,D00320,1,0,Скорость робота
,WORD,D00330,0,0,Время открытия двойного захвата 1
,WORD,D00331,0,0,Время закрытия двойного захвата 1
,WORD,D00332,0,0,Время открытия двойного захвата 2
,WORD,D00333,0,0,Время закрытия двойного захвата 2
,WORD,D00334,0,0,Время открытия параллельного захвата
,WORD,D00335,0,0,Время закрытия параллельного захвата
,WORD,D00340,0,0,Прижим для полки
,WORD,D00341,0,0,Прижим для станка
,WORD,D00342,0,0,Прижим для перехвата
,BIT,M0011B,0,0,HMI: Возврат робота в домашнее положение
,,,0,0, 